Customer_ID,Monthly_Income_INR,Loan_Amount_INR,CIBIL_Score,Avg_Account_Balance_INR,UPI_Transactions_Count_3M,Late_EMI_Count_12M,Default_Status
CUST-10000,51449,120000,678,5179,41,0,1
CUST-10001,37453,65000,643,12402,36,0,0
CUST-10002,55483,95000,742,8746,47,4,0
CUST-10003,85949,150000,599,27508,39,0,0
CUST-10004,35700,105000,692,9876,52,0,0
CUST-10005,35700,60000,544,5085,43,0,0
CUST-10006,88398,205000,623,10990,50,1,0
CUST-10007,58907,200000,652,5644,39,0,0
CUST-10008,31737,70000,781,4274,54,0,0
CUST-10009,52642,180000,754,5540,34,0,0
CUST-10010,31834,105000,673,8466,45,3,1
CUST-10011,31797,65000,757,8253,42,1,0
CUST-10012,45296,150000,767,11557,40,0,0
CUST-10013,15419,50000,699,4235,45,0,0
CUST-10014,16941,40000,620,5678,46,0,0
CUST-10015,30298,60000,696,11202,51,0,0
CUST-10016,24187,70000,703,3159,49,0,0
CUST-10017,46963,180000,629,12009,50,0,0
CUST-10018,25488,80000,733,1973,52,0,0
CUST-10019,19808,40000,728,1823,43,0,0
CUST-10020,83518,270000,738,23303,36,0,1
CUST-10021,35850,90000,728,7897,47,0,0
CUST-10022,41513,125000,757,13093,47,4,0
CUST-10023,19685,65000,698,3917,41,1,0
CUST-10024,30571,85000,723,2893,39,0,0
CUST-10025,42423,150000,684,15069,51,0,0
CUST-10026,22572,75000,672,1783,51,0,0
CUST-10027,48428,145000,796,5624,44,0,0
CUST-10028,29723,55000,577,4367,45,0,0
CUST-10029,34688,125000,766,13817,46,3,0
CUST-10030,29707,115000,669,5819,52,0,1
CUST-10031,101330,185000,661,22859,46,3,0
CUST-10032,39864,110000,727,12732,45,0,0
CUST-10033,23650,50000,613,6450,51,0,0
CUST-10034,60552,205000,656,20859,51,0,0
CUST-10035,21798,70000,654,4801,52,0,0
CUST-10036,44552,85000,695,17386,41,1,0
CUST-10037,15065,55000,657,4954,54,0,0
CUST-10038,20659,40000,814,3935,44,0,0
CUST-10039,44286,155000,826,8124,41,0,0
CUST-10040,58060,155000,578,21791,41,0,1
CUST-10041,43725,100000,745,12660,50,0,0
CUST-10042,37879,70000,765,10132,40,0,0
CUST-10043,34525,65000,745,10883,48,1,0
CUST-10044,19163,60000,667,4719,46,3,0
CUST-10045,28003,80000,694,2960,44,0,0
CUST-10046,31878,60000,661,5155,34,0,0
CUST-10047,68088,120000,682,16700,51,0,0
CUST-10048,47658,80000,631,2685,55,0,0
CUST-10049,16621,55000,702,3375,47,1,0
CUST-10050,47194,155000,612,14843,35,0,1
CUST-10051,33105,55000,696,3558,57,0,0
CUST-10052,28610,85000,628,2076,38,1,0
CUST-10053,54493,95000,723,18669,44,0,0
CUST-10054,67204,255000,665,17879,37,0,0
CUST-10055,63936,240000,728,7148,46,0,0
CUST-10056,26380,85000,780,8763,42,1,0
CUST-10057,34385,130000,813,9639,44,0,0
CUST-10058,47364,165000,545,7907,47,3,0
CUST-10059,65366,235000,655,11874,45,0,0
CUST-10060,31584,90000,690,3302,57,0,1
CUST-10061,36576,85000,739,12521,40,0,0
CUST-10062,23082,45000,602,5266,41,0,0
CUST-10063,22068,50000,646,5405,42,1,0
CUST-10064,60250,185000,718,21643,47,0,0
CUST-10065,79072,155000,715,4391,52,3,0
CUST-10066,38715,85000,734,2842,47,0,0
CUST-10067,66288,175000,738,7063,55,0,0
CUST-10068,48089,100000,732,2910,50,0,0
CUST-10069,29069,85000,722,8149,48,0,0
CUST-10070,48083,185000,713,13071,52,2,1
CUST-10071,86596,290000,753,10718,44,0,0
CUST-10072,39422,125000,564,4032,47,0,0
CUST-10073,87756,260000,810,8862,48,0,0
CUST-10074,15000,40000,566,5754,41,0,0
CUST-10075,60533,120000,639,17719,46,0,0
CUST-10076,41920,155000,695,10685,53,0,0
CUST-10077,34561,75000,753,5628,44,0,0
CUST-10078,42019,75000,515,8469,49,0,0
CUST-10079,15000,50000,708,1219,51,0,0
CUST-10080,35960,70000,761,14360,47,0,1
CUST-10081,47980,115000,774,15079,41,0,0
CUST-10082,84031,130000,664,22479,39,0,0
CUST-10083,30972,55000,690,7920,42,0,0
CUST-10084,26789,50000,669,6067,35,0,0
CUST-10085,31229,50000,684,4375,55,0,0
CUST-10086,63430,200000,642,8197,56,2,0
CUST-10087,47305,170000,652,11463,53,0,0
CUST-10088,30795,75000,738,2296,40,0,0
CUST-10089,51877,190000,718,3946,43,1,0
CUST-10090,42130,85000,741,10375,31,0,1
CUST-10091,65141,150000,723,24228,49,0,0
CUST-10092,28253,55000,755,10453,35,1,0
CUST-10093,34069,105000,767,1832,32,0,0
CUST-10094,32989,85000,596,2889,40,0,0
CUST-10095,19307,60000,654,4905,44,0,0
CUST-10096,46539,160000,694,16147,47,0,0
CUST-10097,45730,130000,708,17562,48,0,0
CUST-10098,40237,125000,666,14131,35,0,0
CUST-10099,35692,135000,769,10249,48,0,0
CUST-10100,19777,45000,838,2376,43,0,1
CUST-10101,32522,80000,722,2452,43,1,0
CUST-10102,33814,110000,715,2253,41,0,0
CUST-10103,26872,80000,765,7100,41,2,0
CUST-10104,37025,70000,588,2320,33,0,0
CUST-10105,49120,120000,711,15165,41,0,0
CUST-10106,103062,275000,773,30853,39,0,0
CUST-10107,43795,110000,668,3410,55,0,0
CUST-10108,45650,90000,630,16768,56,1,0
CUST-10109,38668,145000,697,8997,46,0,0
CUST-10110,15376,50000,706,5636,49,2,1
CUST-10111,39606,105000,650,14478,47,1,0
CUST-10112,41361,130000,846,4920,35,0,0
CUST-10113,137533,500000,678,25196,36,1,0
CUST-10114,36454,65000,635,3540,45,0,0
CUST-10115,46666,100000,703,14991,47,0,0
CUST-10116,39444,115000,769,8931,59,0,0
CUST-10117,22374,80000,711,8392,49,1,0
CUST-10118,71069,115000,741,8732,46,0,0
CUST-10119,58452,230000,653,17005,59,0,0
CUST-10120,59606,155000,806,23617,51,0,1
CUST-10121,25471,60000,746,7205,40,1,0
CUST-10122,80934,180000,778,5994,50,1,0
CUST-10123,19911,40000,733,5096,40,0,0
CUST-10124,53821,185000,763,6078,51,0,0
CUST-10125,119997,465000,653,7280,54,0,0
CUST-10126,24458,60000,678,4090,40,0,0
CUST-10127,30237,115000,797,4328,52,1,0
CUST-10128,42185,150000,811,13755,52,3,0
CUST-10129,31202,85000,635,5640,31,0,0
CUST-10130,18484,60000,726,5666,43,0,1
CUST-10131,41534,105000,681,2312,52,0,0
CUST-10132,23596,70000,664,1302,38,1,0
CUST-10133,50858,85000,728,3064,41,0,0
CUST-10134,25343,80000,784,3212,53,0,0
CUST-10135,87113,140000,739,15758,47,0,0
CUST-10136,27129,95000,689,7128,31,0,0
CUST-10137,34165,120000,743,13497,39,0,0
CUST-10138,60280,125000,686,10491,35,0,0
CUST-10139,21689,50000,736,1506,29,0,0
CUST-10140,44969,120000,800,5316,39,1,1
CUST-10141,77154,230000,574,28103,47,0,0
CUST-10142,17966,40000,761,5296,45,0,0
CUST-10143,44016,130000,609,14374,45,2,0
CUST-10144,45704,105000,789,4271,43,0,0
CUST-10145,59332,95000,668,5769,53,0,0
CUST-10146,21623,35000,630,1930,58,2,0
CUST-10147,20739,35000,755,7258,31,0,0
CUST-10148,52102,180000,733,6434,53,3,0
CUST-10149,46559,180000,645,12808,47,0,0
CUST-10150,45489,115000,628,10492,44,0,1
CUST-10151,47725,135000,697,11479,46,1,0
CUST-10152,28566,55000,631,3382,58,0,0
CUST-10153,45076,130000,641,12275,54,0,0
CUST-10154,46468,85000,717,3024,50,0,0
CUST-10155,28080,85000,647,11167,44,0,0
CUST-10156,102016,390000,737,6056,40,0,0
CUST-10157,50864,100000,806,3436,47,0,0
CUST-10158,22122,75000,700,3619,48,0,0
CUST-10159,55730,85000,718,19007,50,0,0
CUST-10160,24653,60000,841,3451,42,1,1
CUST-10161,59488,105000,632,12800,46,3,0
CUST-10162,71632,170000,787,4032,50,0,0
CUST-10163,26626,50000,779,2066,40,1,0
CUST-10164,64970,160000,765,17073,57,0,0
CUST-10165,49335,125000,793,5822,49,2,0
CUST-10166,60538,135000,728,17736,39,2,0
CUST-10167,103610,325000,672,33661,41,0,0
CUST-10168,35500,135000,781,12340,38,0,0
CUST-10169,27532,70000,783,2665,44,1,0
CUST-10170,25725,50000,781,5387,49,2,1
CUST-10171,26691,60000,712,10182,40,0,0
CUST-10172,38617,140000,663,12366,46,0,0
CUST-10173,47599,140000,722,4328,49,0,0
CUST-10174,46089,120000,771,10410,35,1,0
CUST-10175,60693,115000,776,22628,55,0,0
CUST-10176,40396,105000,682,8241,49,0,0
CUST-10177,83014,180000,730,28481,36,0,0
CUST-10178,35160,135000,624,7859,46,1,0
CUST-10179,156386,500000,774,13665,43,0,0
CUST-10180,54876,95000,659,5583,44,3,1
CUST-10181,26145,75000,761,1734,48,0,0
CUST-10182,23495,50000,635,2780,52,0,0
CUST-10183,51084,130000,777,18531,50,0,0
CUST-10184,35891,135000,730,9962,46,0,0
CUST-10185,57354,160000,659,17699,38,0,0
CUST-10186,50849,120000,754,13606,41,1,0
CUST-10187,38699,80000,671,7170,40,0,0
CUST-10188,26281,90000,758,3308,47,3,0
CUST-10189,18818,60000,692,7037,45,0,0
CUST-10190,32104,85000,598,7390,42,3,1
CUST-10191,61586,125000,646,13449,59,0,0
CUST-10192,44669,105000,682,17806,47,1,0
CUST-10193,21528,85000,798,3969,45,0,0
CUST-10194,43765,125000,768,15271,43,0,0
CUST-10195,48662,120000,815,17120,49,0,0
CUST-10196,25798,70000,817,3390,42,1,0
CUST-10197,43341,150000,675,3605,48,0,0
CUST-10198,41320,95000,697,16175,46,0,0
CUST-10199,22663,45000,683,4511,43,1,0
CUST-10200,47996,140000,666,2437,43,1,1
CUST-10201,53124,170000,590,11934,54,0,0
CUST-10202,68976,225000,709,18399,39,1,0
CUST-10203,67975,250000,626,21862,46,0,0
CUST-10204,20154,50000,707,7659,47,1,0
CUST-10205,25111,40000,847,9298,48,0,0
CUST-10206,51923,200000,676,19681,55,0,0
CUST-10207,51890,135000,722,3177,43,0,0
CUST-10208,51923,160000,768,15531,49,0,0
CUST-10209,250000,500000,728,32262,45,0,0
CUST-10210,53393,155000,729,6174,46,0,1
CUST-10211,70811,145000,686,23375,41,0,0
CUST-10212,64666,220000,694,12674,35,0,0
CUST-10213,55586,195000,647,20611,45,0,0
CUST-10214,34281,100000,764,2223,38,0,0
CUST-10215,58658,160000,596,19401,62,0,0
CUST-10216,27271,50000,773,2669,39,1,0
CUST-10217,35653,60000,618,3986,55,1,0
CUST-10218,31486,75000,772,6834,38,0,0
CUST-10219,41811,95000,687,7879,48,1,0
CUST-10220,127685,495000,629,28111,50,0,1
CUST-10221,15777,55000,747,5979,43,0,0
CUST-10222,56564,180000,770,15842,34,0,0
CUST-10223,17919,50000,681,2716,42,0,0
CUST-10224,31698,60000,756,3503,42,0,0
CUST-10225,69180,275000,561,13629,45,1,0
CUST-10226,41445,100000,624,8623,42,2,0
CUST-10227,23414,40000,794,6098,62,2,0
CUST-10228,28066,75000,695,4016,48,0,0
CUST-10229,56376,210000,588,17962,46,2,0
CUST-10230,27856,105000,664,2352,40,0,1
CUST-10231,44722,70000,649,11008,43,0,0
CUST-10232,41059,155000,699,11013,41,2,0
CUST-10233,28975,65000,685,3546,39,0,0
CUST-10234,117239,185000,721,39756,45,0,0
CUST-10235,55103,200000,705,14624,38,0,0
CUST-10236,15000,55000,798,4140,43,0,0
CUST-10237,44056,130000,737,9877,39,2,0
CUST-10238,28828,85000,739,10619,44,1,0
CUST-10239,61464,215000,785,18001,47,0,0
CUST-10240,27003,95000,684,4958,46,0,1
CUST-10241,37897,140000,627,5059,52,0,0
CUST-10242,51662,150000,788,3868,48,0,0
CUST-10243,61875,240000,718,6674,34,0,0
CUST-10244,22023,90000,719,8752,55,0,0
CUST-10245,33953,60000,668,6531,48,1,0
CUST-10246,31651,115000,669,11538,44,0,0
CUST-10247,28950,80000,765,3175,51,1,0
CUST-10248,97025,240000,774,19295,46,0,0
CUST-10249,49143,150000,760,18978,42,0,0
CUST-10250,21366,35000,761,1749,39,0,1
CUST-10251,63508,175000,746,16378,49,1,0
CUST-10252,115968,425000,718,43106,41,0,0
CUST-10253,67254,135000,698,25717,32,0,0
CUST-10254,18775,50000,788,6498,42,0,0
CUST-10255,31504,120000,685,11013,48,0,0
CUST-10256,75618,195000,734,21041,52,2,0
CUST-10257,28174,70000,657,3582,39,0,0
CUST-10258,50106,130000,667,15319,63,0,0
CUST-10259,59119,165000,694,23200,39,2,0
CUST-10260,25248,80000,657,5909,57,1,1
CUST-10261,38957,135000,761,5502,51,0,0
CUST-10262,15000,40000,622,3760,42,1,0
CUST-10263,24047,85000,716,7014,33,0,0
CUST-10264,35373,100000,718,4347,43,0,0
CUST-10265,21506,50000,592,6488,45,0,0
CUST-10266,90781,285000,681,23203,49,1,0
CUST-10267,19632,65000,726,5189,40,0,0
CUST-10268,32208,95000,737,5059,35,1,0
CUST-10269,42846,70000,696,4470,37,0,0
CUST-10270,82506,160000,753,22128,46,0,1
CUST-10271,19576,45000,702,4995,44,0,0
CUST-10272,71795,160000,710,12083,36,0,0
CUST-10273,40340,130000,726,6194,46,0,0
CUST-10274,24569,40000,770,4214,39,0,0
CUST-10275,50566,170000,666,11198,50,0,0
CUST-10276,44335,95000,678,17343,46,1,0
CUST-10277,29729,70000,666,9431,35,0,0
CUST-10278,41560,115000,688,14467,49,0,0
CUST-10279,33101,70000,802,7513,43,0,0
CUST-10280,42478,160000,747,9945,50,0,1
CUST-10281,55885,95000,636,6790,34,0,0
CUST-10282,88699,230000,670,26819,55,0,0
CUST-10283,21613,80000,734,4269,41,0,0
CUST-10284,116601,355000,651,36129,38,2,0
CUST-10285,15122,35000,662,2921,48,0,0
CUST-10286,37201,95000,797,3272,49,1,0
CUST-10287,53860,175000,670,5955,44,1,0
CUST-10288,46188,180000,772,15429,54,0,0
CUST-10289,29397,110000,791,4130,36,0,0
CUST-10290,36168,85000,662,5154,43,0,1
CUST-10291,31366,125000,652,11770,43,0,0
CUST-10292,29891,45000,692,8374,48,0,0
CUST-10293,61377,95000,639,5524,52,0,0
CUST-10294,47978,170000,717,4810,34,0,0
CUST-10295,28382,55000,696,4124,36,0,0
CUST-10296,62931,105000,733,16229,51,0,0
CUST-10297,46800,100000,800,14671,45,1,0
CUST-10298,60260,155000,763,8802,43,0,0
CUST-10299,54984,185000,741,19504,40,0,0
CUST-10300,26515,80000,582,2338,44,0,1
CUST-10301,30330,65000,738,3720,59,0,0
CUST-10302,58316,160000,821,22723,56,0,0
CUST-10303,54458,210000,514,5291,39,0,0
CUST-10304,39717,140000,754,14331,51,0,0
CUST-10305,42559,100000,699,12613,52,0,0
CUST-10306,76026,300000,654,5746,49,0,0
CUST-10307,29858,100000,762,6547,34,0,0
CUST-10308,52762,85000,821,12221,52,0,0
CUST-10309,36275,60000,760,13648,37,0,0
CUST-10310,35995,70000,685,7104,51,0,1
CUST-10311,69521,230000,648,14346,46,0,0
CUST-10312,60639,120000,719,5419,48,1,0
CUST-10313,60279,165000,766,16498,42,0,0
CUST-10314,77090,135000,684,9544,57,0,0
CUST-10315,40558,155000,691,3128,42,0,0
CUST-10316,56442,135000,893,22515,42,0,0
CUST-10317,34367,130000,780,4961,37,0,0
CUST-10318,47196,180000,784,4689,41,0,0
CUST-10319,37606,55000,615,11087,47,0,0
CUST-10320,42129,110000,664,14222,45,0,1
CUST-10321,54045,85000,714,3914,52,0,0
CUST-10322,26659,100000,644,2316,45,0,0
CUST-10323,114255,320000,814,9318,47,3,0
CUST-10324,24269,40000,801,1612,34,0,0
CUST-10325,21870,40000,675,6141,40,0,0
CUST-10326,71614,175000,825,18326,53,0,0
CUST-10327,59625,230000,709,16813,43,0,0
CUST-10328,54833,175000,878,12446,38,0,0
CUST-10329,54949,200000,719,18469,42,0,0
CUST-10330,39889,95000,747,9626,43,1,1
CUST-10331,25626,40000,800,9521,35,0,0
CUST-10332,41685,165000,793,9169,55,0,0
CUST-10333,28607,45000,743,9346,30,3,0
CUST-10334,65353,255000,700,12585,49,1,0
CUST-10335,37289,90000,743,7544,50,0,0
CUST-10336,26562,40000,656,9220,29,1,0
CUST-10337,34176,110000,719,2996,46,0,0
CUST-10338,49338,195000,637,12222,45,0,0
CUST-10339,30276,120000,594,9210,34,1,0
CUST-10340,26605,50000,713,8317,47,0,1
CUST-10341,45335,90000,792,11652,45,1,0
CUST-10342,45364,130000,770,9382,45,0,0
CUST-10343,31148,95000,704,4400,48,1,0
CUST-10344,31712,105000,823,11679,39,0,0
CUST-10345,45072,90000,673,8087,58,0,0
CUST-10346,19456,75000,585,6413,55,0,0
CUST-10347,19856,60000,568,1212,48,0,0
CUST-10348,28022,100000,633,3678,39,1,0
CUST-10349,36072,105000,763,6166,47,0,0
CUST-10350,46885,120000,668,13364,46,2,1
CUST-10351,83924,330000,739,13576,47,0,0
CUST-10352,61625,180000,817,3973,39,0,0
CUST-10353,37050,135000,638,4107,39,0,0
CUST-10354,39755,155000,741,5593,40,0,0
CUST-10355,24312,80000,745,2713,47,0,0
CUST-10356,39765,115000,654,4823,37,1,0
CUST-10357,34740,50000,798,11086,51,1,0
CUST-10358,47162,75000,691,9159,44,0,0
CUST-10359,26539,55000,685,5090,50,0,0
CUST-10360,52035,100000,847,20205,36,1,1
CUST-10361,86367,185000,743,17821,40,1,0
CUST-10362,38010,85000,770,14241,48,1,0
CUST-10363,49062,120000,798,7588,44,1,0
CUST-10364,56674,145000,667,10780,41,0,0
CUST-10365,32839,55000,791,6196,46,0,0
CUST-10366,44893,70000,677,10824,44,1,0
CUST-10367,40388,130000,674,10278,50,1,0
CUST-10368,42143,120000,692,5767,44,0,0
CUST-10369,27268,70000,669,8937,32,1,0
CUST-10370,40629,125000,763,9092,41,2,1
CUST-10371,51482,185000,727,2701,39,0,0
CUST-10372,82915,215000,678,21306,34,0,0
CUST-10373,64837,200000,753,21352,42,0,0
CUST-10374,117782,455000,692,16214,40,0,0
CUST-10375,27346,100000,688,1729,45,2,0
CUST-10376,62078,160000,713,20641,51,0,0
CUST-10377,43987,135000,740,17229,46,0,0
CUST-10378,119958,235000,735,9212,50,1,0
CUST-10379,26791,80000,686,10135,34,1,0
CUST-10380,26374,105000,765,4635,41,0,1
CUST-10381,29741,85000,695,11286,34,0,0
CUST-10382,15000,55000,667,4156,49,0,0
CUST-10383,30857,80000,614,11157,38,0,0
CUST-10384,27458,110000,773,8924,47,0,0
CUST-10385,43269,130000,710,2587,47,0,0
CUST-10386,47613,75000,723,3471,46,0,0
CUST-10387,102547,305000,777,23997,54,0,0
CUST-10388,64551,140000,678,6156,45,0,0
CUST-10389,30077,50000,620,6357,42,1,0
CUST-10390,25611,90000,714,9837,39,0,1
CUST-10391,51326,110000,730,7861,46,0,0
CUST-10392,20741,70000,692,4586,38,1,0
CUST-10393,100280,225000,805,18500,32,0,0
CUST-10394,72382,145000,548,19574,40,1,0
CUST-10395,31742,125000,782,3740,43,0,0
CUST-10396,17041,40000,761,2402,41,0,0
CUST-10397,78978,235000,739,27687,52,0,0
CUST-10398,37900,115000,493,12657,44,0,0
CUST-10399,74526,215000,793,24311,50,0,0
CUST-10400,18084,70000,643,5783,63,2,1
CUST-10401,29741,95000,677,6269,48,0,0
CUST-10402,40240,100000,698,12277,47,0,0
CUST-10403,41088,150000,736,7622,50,1,0
CUST-10404,32047,65000,751,2731,57,1,0
CUST-10405,54798,155000,768,10284,50,0,0
CUST-10406,23533,90000,763,2483,42,0,0
CUST-10407,37376,115000,726,6981,44,2,0
CUST-10408,42622,150000,737,6568,55,0,0
CUST-10409,51907,165000,639,13480,40,0,0
CUST-10410,57285,205000,661,10113,38,1,1
CUST-10411,22872,90000,768,6791,42,0,0
CUST-10412,18637,40000,764,4272,52,4,0
CUST-10413,76026,145000,757,28268,40,0,0
CUST-10414,47389,130000,676,3879,28,1,0
CUST-10415,27605,90000,769,8024,49,0,0
CUST-10416,87166,180000,634,24871,44,0,0
CUST-10417,42524,65000,780,16274,42,1,0
CUST-10418,72377,170000,693,13030,54,4,0
CUST-10419,41512,165000,819,6513,60,0,0
CUST-10420,112462,365000,611,12408,43,2,1
CUST-10421,96535,240000,824,13790,36,0,0
CUST-10422,35437,70000,686,7996,40,0,0
CUST-10423,65237,155000,685,22389,36,0,0
CUST-10424,55419,105000,722,8285,45,2,0
CUST-10425,79563,140000,664,8370,41,1,0
CUST-10426,24773,95000,705,3598,45,0,0
CUST-10427,56558,225000,662,4825,40,0,0
CUST-10428,68132,130000,664,25504,47,0,0
CUST-10429,16657,25000,741,5920,37,1,0
CUST-10430,22211,50000,651,3508,35,0,1
CUST-10431,15000,40000,660,2046,43,0,0
CUST-10432,35076,70000,620,12869,46,1,0
CUST-10433,57455,130000,677,2908,50,0,0
CUST-10434,85065,170000,795,22134,42,1,0
CUST-10435,41649,145000,655,15435,47,0,0
CUST-10436,90608,295000,662,20658,39,0,0
CUST-10437,20129,60000,722,1027,41,0,0
CUST-10438,17125,40000,685,2168,39,0,0
CUST-10439,39035,145000,854,14554,51,0,0
CUST-10440,48631,190000,699,2721,53,1,1
CUST-10441,39484,75000,731,7429,48,1,0
CUST-10442,15000,30000,771,4896,44,1,0
CUST-10443,38385,110000,770,13178,43,0,0
CUST-10444,20905,35000,725,4539,35,2,0
CUST-10445,56096,145000,699,7369,46,0,0
CUST-10446,48208,140000,841,12529,47,0,0
CUST-10447,25085,70000,703,3570,45,0,0
CUST-10448,31041,70000,681,4325,58,1,0
CUST-10449,23632,65000,668,7861,36,0,0
CUST-10450,38896,150000,597,4044,39,0,1
CUST-10451,64703,130000,763,3360,35,0,0
CUST-10452,24517,75000,557,4115,61,0,0
CUST-10453,51638,85000,709,11455,40,0,0
CUST-10454,30787,50000,696,9136,47,0,0
CUST-10455,26999,80000,855,8731,52,0,0
CUST-10456,38043,65000,590,10736,35,1,0
CUST-10457,23917,35000,651,6440,44,1,0
CUST-10458,30429,60000,701,8611,38,1,0
CUST-10459,22049,65000,697,3197,48,0,0
CUST-10460,107190,350000,674,19704,43,0,1
CUST-10461,40848,80000,704,10855,39,1,0
CUST-10462,28286,90000,628,2063,58,0,0
CUST-10463,44666,85000,733,6850,56,0,0
CUST-10464,37942,115000,559,7294,37,0,0
CUST-10465,35936,90000,708,8506,44,0,0
CUST-10466,54561,170000,670,12018,42,0,0
CUST-10467,58615,235000,776,17663,44,0,0
CUST-10468,30783,120000,824,6639,34,1,0
CUST-10469,30094,45000,688,11027,57,0,0
CUST-10470,34977,130000,800,6404,38,0,1
CUST-10471,15000,25000,689,3508,45,0,0
CUST-10472,18814,75000,647,961,52,1,0
CUST-10473,79494,175000,823,12613,37,0,0
CUST-10474,91352,225000,743,32274,47,0,0
CUST-10475,35435,60000,710,5908,47,0,0
CUST-10476,53545,95000,754,7422,47,1,0
CUST-10477,46893,155000,727,11265,48,1,0
CUST-10478,187107,500000,705,14511,46,0,0
CUST-10479,70248,215000,623,16582,50,0,0
CUST-10480,37648,125000,692,5883,43,0,1
CUST-10481,24890,85000,750,4581,65,0,0
CUST-10482,17975,40000,702,5877,49,0,0
CUST-10483,44432,70000,768,12515,37,0,0
CUST-10484,27496,40000,734,5667,55,0,0
CUST-10485,19709,45000,652,4969,42,0,0
CUST-10486,29048,60000,624,9248,54,0,0
CUST-10487,23370,40000,699,7268,41,1,0
CUST-10488,93299,180000,675,10716,58,0,0
CUST-10489,62368,115000,731,9687,52,0,0
CUST-10490,39975,150000,663,6871,39,2,1
CUST-10491,84117,155000,669,9727,50,0,0
CUST-10492,41717,120000,778,2263,45,0,0
CUST-10493,26091,80000,719,2893,38,0,0
CUST-10494,85953,245000,664,28612,36,0,0
CUST-10495,52546,90000,711,12667,39,0,0
CUST-10496,23893,55000,799,4051,37,0,0
CUST-10497,36491,60000,729,9594,40,0,0
CUST-10498,25904,65000,748,8002,49,4,0
CUST-10499,20102,40000,661,3498,47,0,0
CUST-10500,63773,185000,776,13591,45,0,1
CUST-10501,104266,335000,860,7556,43,1,0
CUST-10502,19944,55000,658,5165,50,2,0
CUST-10503,53182,140000,633,9293,31,0,0
CUST-10504,28989,70000,721,5848,37,3,0
CUST-10505,31458,115000,766,6225,47,0,0
CUST-10506,29845,60000,704,8098,61,0,0
CUST-10507,26056,85000,641,6523,40,0,0
CUST-10508,41120,140000,702,8130,53,0,0
CUST-10509,26490,65000,748,1481,38,0,0
CUST-10510,45946,105000,683,12283,51,0,1
CUST-10511,39139,105000,749,14005,40,0,0
CUST-10512,35615,60000,785,11373,40,1,0
CUST-10513,25494,40000,725,10033,45,0,0
CUST-10514,30079,55000,708,2968,39,1,0
CUST-10515,58553,115000,763,7487,40,0,0
CUST-10516,51557,140000,654,12308,55,0,0
CUST-10517,24617,90000,647,3263,51,1,0
CUST-10518,42178,90000,692,2618,48,0,0
CUST-10519,58436,225000,678,11149,50,1,0
CUST-10520,17418,70000,657,2624,46,1,1
CUST-10521,52663,205000,828,7494,52,0,0
CUST-10522,28816,105000,851,11054,40,0,0
CUST-10523,53385,130000,687,7124,47,0,0
CUST-10524,27401,45000,715,2611,60,1,0
CUST-10525,16277,50000,697,1527,44,1,0
CUST-10526,17787,50000,781,5909,40,0,0
CUST-10527,41111,150000,794,12341,38,0,0
CUST-10528,45700,180000,594,4356,41,0,0
CUST-10529,25535,70000,740,3240,46,0,0
CUST-10530,55231,130000,625,17208,50,3,1
CUST-10531,17487,35000,824,2555,42,0,0
CUST-10532,38830,60000,738,15281,50,0,0
CUST-10533,21905,60000,656,5239,40,1,0
CUST-10534,28971,85000,694,3395,42,0,0
CUST-10535,41097,145000,691,14407,41,0,0
CUST-10536,26102,70000,744,4223,43,0,0
CUST-10537,33114,125000,777,5002,44,0,0
CUST-10538,66379,205000,635,10926,62,0,0
CUST-10539,30078,110000,829,9590,40,0,0
CUST-10540,60952,115000,814,6742,38,0,1
CUST-10541,22814,85000,653,4189,44,1,0
CUST-10542,52307,165000,714,3179,51,0,0
CUST-10543,82519,160000,821,28000,50,0,0
CUST-10544,15000,30000,790,2538,44,0,0
CUST-10545,26944,105000,688,3687,49,0,0
CUST-10546,53558,85000,762,13548,51,0,0
CUST-10547,36260,95000,900,10760,41,0,0
CUST-10548,48318,110000,716,16163,53,1,0
CUST-10549,29673,95000,668,5095,43,0,0
CUST-10550,41910,150000,721,14010,34,0,1
CUST-10551,37129,90000,726,7897,44,0,0
CUST-10552,71961,185000,675,6145,56,0,0
CUST-10553,45579,180000,738,15779,47,2,0
CUST-10554,47515,165000,628,11483,45,0,0
CUST-10555,32665,120000,666,8521,40,0,0
CUST-10556,31451,80000,759,11892,39,1,0
CUST-10557,32329,65000,595,7943,58,0,0
CUST-10558,48885,125000,768,2539,59,0,0
CUST-10559,32516,105000,579,11533,56,0,0
CUST-10560,46392,80000,597,6943,46,0,1
CUST-10561,113289,245000,677,25560,49,0,0
CUST-10562,62041,100000,728,7551,39,0,0
CUST-10563,34097,90000,796,5249,48,1,0
CUST-10564,73174,260000,713,21244,59,1,0
CUST-10565,32727,50000,693,6556,38,0,0
CUST-10566,15000,50000,747,4042,44,0,0
CUST-10567,24244,95000,653,8200,58,0,0
CUST-10568,15750,35000,719,2666,43,1,0
CUST-10569,33665,110000,632,8379,56,0,0
CUST-10570,40506,160000,715,13049,46,0,1
CUST-10571,92801,360000,701,27867,49,0,0
CUST-10572,47262,100000,657,11293,45,1,0
CUST-10573,35970,65000,720,6625,37,0,0
CUST-10574,60760,115000,720,11703,46,0,0
CUST-10575,15000,50000,786,3023,54,0,0
CUST-10576,45152,150000,605,7770,51,0,0
CUST-10577,59008,190000,705,17388,48,0,0
CUST-10578,19162,45000,660,1799,40,0,0
CUST-10579,71102,135000,766,27630,45,3,0
CUST-10580,47536,140000,759,15337,49,0,1
CUST-10581,32609,90000,743,5033,41,0,0
CUST-10582,55071,185000,664,3573,47,0,0
CUST-10583,124909,325000,767,37342,43,0,0
CUST-10584,43955,105000,610,13495,53,0,0
CUST-10585,45438,100000,597,17596,52,0,0
CUST-10586,31898,65000,627,4427,45,0,0
CUST-10587,26240,55000,707,2071,50,1,0
CUST-10588,60789,105000,753,22509,44,0,0
CUST-10589,26159,60000,516,3676,40,1,0
CUST-10590,41596,65000,795,12584,55,0,1
CUST-10591,31608,60000,718,2251,42,0,0
CUST-10592,50995,170000,608,16124,52,0,0
CUST-10593,47421,110000,716,4479,47,1,0
CUST-10594,67424,215000,781,19785,45,0,0
CUST-10595,31100,100000,748,7349,53,0,0
CUST-10596,35068,105000,781,13480,39,0,0
CUST-10597,24602,95000,621,1547,47,0,0
CUST-10598,32139,50000,683,4892,33,2,0
CUST-10599,48467,160000,649,3602,51,3,0
CUST-10600,58600,230000,821,20962,52,0,1
CUST-10601,25309,95000,751,6526,50,0,0
CUST-10602,61994,120000,895,14707,47,0,0
CUST-10603,79048,185000,679,7589,38,0,0
CUST-10604,49351,95000,662,10914,50,0,0
CUST-10605,102579,310000,700,19443,49,3,0
CUST-10606,27258,90000,799,4375,25,1,0
CUST-10607,21540,50000,686,6898,39,0,0
CUST-10608,16492,45000,718,1178,42,0,0
CUST-10609,84797,275000,716,23432,51,3,0
CUST-10610,55669,140000,712,18818,33,0,1
CUST-10611,39034,140000,667,14347,45,2,0
CUST-10612,46165,160000,701,14360,50,0,0
CUST-10613,22862,40000,698,3403,38,0,0
CUST-10614,136335,415000,709,35471,58,0,0
CUST-10615,42813,90000,771,4259,43,1,0
CUST-10616,42391,125000,824,3856,49,0,0
CUST-10617,57692,225000,655,15779,51,1,0
CUST-10618,51047,190000,684,17758,38,0,0
CUST-10619,44888,115000,656,3300,32,0,0
CUST-10620,27031,60000,722,2354,42,0,1
CUST-10621,50804,105000,675,12597,41,0,0
CUST-10622,102848,290000,725,12997,53,0,0
CUST-10623,78645,140000,781,20773,54,1,0
CUST-10624,89017,255000,545,11135,55,0,0
CUST-10625,31082,45000,741,2821,37,0,0
CUST-10626,24469,55000,680,5895,42,0,0
CUST-10627,37688,75000,739,13257,55,0,0
CUST-10628,41268,160000,651,11959,50,2,0
CUST-10629,69362,230000,787,23344,45,0,0
CUST-10630,17218,40000,769,2465,51,0,1
CUST-10631,86230,150000,746,31050,37,0,0
CUST-10632,37086,105000,761,6748,39,4,0
CUST-10633,32420,65000,661,11293,36,1,0
CUST-10634,24196,70000,669,5199,34,0,0
CUST-10635,17545,65000,758,2522,36,1,0
CUST-10636,60571,185000,660,8545,42,0,0
CUST-10637,41633,130000,803,10353,54,0,0
CUST-10638,21057,60000,688,1635,30,2,0
CUST-10639,21003,80000,742,7887,54,1,0
CUST-10640,33931,130000,846,4920,41,0,1
CUST-10641,92458,255000,664,15483,51,0,0
CUST-10642,35249,80000,714,4640,55,0,0
CUST-10643,18928,50000,778,966,41,1,0
CUST-10644,35494,70000,771,10378,53,0,0
CUST-10645,35018,110000,688,8988,37,0,0
CUST-10646,15000,40000,676,5000,38,0,0
CUST-10647,39059,70000,694,2513,37,0,0
CUST-10648,35758,70000,804,13410,47,3,0
CUST-10649,56846,155000,691,9425,39,0,0
CUST-10650,101161,375000,715,37386,50,1,1
CUST-10651,70493,205000,682,6167,40,1,0
CUST-10652,35085,110000,755,10889,56,3,0
CUST-10653,23080,55000,720,5834,44,3,0
CUST-10654,145318,425000,644,25483,41,0,0
CUST-10655,41340,110000,647,3212,41,2,0
CUST-10656,40415,125000,580,10574,53,0,0
CUST-10657,39653,65000,655,2349,41,0,0
CUST-10658,44313,120000,761,9990,42,1,0
CUST-10659,37339,85000,796,9763,35,2,0
CUST-10660,30126,70000,754,9230,55,0,1
CUST-10661,30533,120000,746,12120,53,0,0
CUST-10662,39482,75000,701,5568,48,0,0
CUST-10663,30585,70000,760,4980,44,0,0
CUST-10664,28101,80000,728,4760,57,0,0
CUST-10665,42328,155000,827,12954,46,1,0
CUST-10666,35330,90000,703,13288,44,1,0
CUST-10667,85135,285000,797,33288,46,0,0
CUST-10668,15000,55000,766,5715,49,0,0
CUST-10669,69269,160000,757,24783,46,0,0
CUST-10670,74835,185000,579,29697,46,1,1
CUST-10671,15000,35000,770,2723,42,0,0
CUST-10672,33814,120000,701,12913,62,1,0
CUST-10673,33332,55000,681,10544,51,0,0
CUST-10674,19855,45000,613,2163,50,0,0
CUST-10675,27203,85000,709,1793,48,1,0
CUST-10676,23033,65000,712,2880,39,0,0
CUST-10677,96387,250000,625,31090,34,0,0
CUST-10678,64076,185000,614,17370,53,0,0
CUST-10679,75794,150000,741,9741,42,0,0
CUST-10680,57574,150000,766,17829,33,0,1
CUST-10681,22821,65000,722,2269,42,0,0
CUST-10682,30876,115000,784,10425,44,0,0
CUST-10683,51261,110000,704,16811,46,0,0
CUST-10684,21784,80000,706,8504,47,0,0
CUST-10685,57325,180000,650,5881,48,0,0
CUST-10686,35590,55000,608,13072,51,0,0
CUST-10687,33275,110000,830,5636,47,2,0
CUST-10688,57267,90000,783,11202,44,0,0
CUST-10689,50117,200000,619,10722,41,2,0
CUST-10690,33507,125000,720,9027,39,0,1
CUST-10691,71658,160000,703,28531,54,1,0
CUST-10692,23376,50000,692,6077,51,0,0
CUST-10693,54609,135000,683,20442,37,3,0
CUST-10694,53989,130000,734,7518,41,1,0
CUST-10695,34379,85000,763,6512,50,0,0
CUST-10696,47243,110000,736,10704,43,0,0
CUST-10697,21470,65000,702,3499,35,0,0
CUST-10698,63704,120000,699,24965,64,0,0
CUST-10699,36590,130000,770,11122,43,0,0
CUST-10700,30903,110000,740,6724,48,0,1
CUST-10701,67812,180000,714,21222,53,0,0
CUST-10702,28221,100000,707,6028,42,0,0
CUST-10703,19846,40000,732,1111,43,0,0
CUST-10704,18429,30000,679,4425,56,0,0
CUST-10705,54339,165000,763,14607,53,0,0
CUST-10706,21158,55000,640,8324,55,0,0
CUST-10707,96509,280000,683,6203,47,0,0
CUST-10708,15000,55000,749,3438,44,1,0
CUST-10709,93735,370000,636,7906,50,0,0
CUST-10710,44600,140000,607,4555,41,0,1
CUST-10711,38240,130000,714,10082,51,0,0
CUST-10712,30562,50000,599,4005,39,2,0
CUST-10713,48999,95000,625,15298,45,0,0
CUST-10714,39386,130000,759,9057,45,0,0
CUST-10715,69678,180000,696,8805,44,0,0
CUST-10716,42493,110000,793,9468,51,0,0
CUST-10717,43267,100000,631,2176,33,0,0
CUST-10718,33462,100000,703,11777,45,0,0
CUST-10719,39008,75000,735,2123,51,2,0
CUST-10720,46812,145000,633,2455,51,0,1
CUST-10721,17067,35000,777,4506,41,0,0
CUST-10722,20453,35000,743,7991,38,0,0
CUST-10723,58199,135000,605,20345,49,0,0
CUST-10724,43714,90000,707,6041,49,0,0
CUST-10725,36607,135000,735,4350,37,0,0
CUST-10726,40506,65000,671,10901,50,0,0
CUST-10727,47752,95000,613,16136,48,0,0
CUST-10728,30641,90000,728,5415,36,0,0
CUST-10729,27196,75000,853,5475,43,0,0
CUST-10730,44263,70000,684,4002,44,0,1
CUST-10731,24607,35000,812,2546,48,0,0
CUST-10732,49223,195000,661,12252,42,1,0
CUST-10733,17132,55000,724,1472,42,0,0
CUST-10734,67142,160000,760,8105,57,0,0
CUST-10735,50832,135000,709,6716,33,0,0
CUST-10736,45616,100000,690,9368,41,0,0
CUST-10737,65600,155000,757,4327,50,0,0
CUST-10738,92294,290000,832,20758,33,1,0
CUST-10739,66648,245000,729,24995,45,4,0
CUST-10740,15987,30000,676,936,45,2,1
CUST-10741,21167,75000,697,5732,58,0,0
CUST-10742,29365,55000,873,10058,54,0,0
CUST-10743,40661,85000,718,6479,48,0,0
CUST-10744,51991,85000,671,4992,38,1,0
CUST-10745,27920,50000,635,1819,46,0,0
CUST-10746,44063,165000,591,12133,52,0,0
CUST-10747,27510,75000,733,6692,56,0,0
CUST-10748,29561,50000,752,3850,50,0,0
CUST-10749,19864,75000,684,6774,49,0,0
CUST-10750,25295,95000,709,7776,48,0,1
CUST-10751,20417,70000,633,2996,53,0,0
CUST-10752,24638,95000,718,7728,49,0,0
CUST-10753,67969,140000,741,9226,48,0,0
CUST-10754,24966,90000,675,7148,40,0,0
CUST-10755,149670,485000,819,13693,41,1,0
CUST-10756,51362,190000,655,15012,34,1,0
CUST-10757,44020,155000,728,5879,44,1,0
CUST-10758,26129,60000,765,6541,26,0,0
CUST-10759,56962,195000,704,6286,31,0,0
CUST-10760,30097,65000,697,9152,45,0,1
CUST-10761,42659,100000,617,3041,40,0,0
CUST-10762,144356,255000,798,15575,37,0,0
CUST-10763,38252,145000,698,4377,36,0,0
CUST-10764,71298,160000,744,4596,45,0,0
CUST-10765,28237,80000,753,8774,40,0,0
CUST-10766,39438,100000,669,15512,42,0,0
CUST-10767,97285,380000,697,31368,35,3,0
CUST-10768,29334,70000,796,10302,48,0,0
CUST-10769,99332,340000,637,5175,55,0,0
CUST-10770,57175,210000,848,5217,39,0,1
CUST-10771,30295,80000,661,7442,56,0,0
CUST-10772,55061,135000,633,21597,51,0,0
CUST-10773,65269,220000,718,18356,40,0,0
CUST-10774,54770,205000,853,9910,37,0,0
CUST-10775,18304,60000,585,1851,42,0,0
CUST-10776,27901,60000,700,2887,44,0,0
CUST-10777,35462,130000,740,6275,46,0,0
CUST-10778,38668,95000,712,11593,40,3,0
CUST-10779,54739,160000,734,3346,51,0,0
CUST-10780,43864,155000,663,15276,48,3,1
CUST-10781,20585,40000,671,7812,31,0,0
CUST-10782,48537,170000,700,17526,45,0,0
CUST-10783,54463,165000,636,20127,46,0,0
CUST-10784,53098,200000,707,2939,52,2,0
CUST-10785,68898,135000,684,27023,43,0,0
CUST-10786,60898,155000,679,10853,42,3,0
CUST-10787,50493,180000,730,17887,37,0,0
CUST-10788,38751,60000,591,4471,43,0,0
CUST-10789,17492,30000,695,3608,52,0,0
CUST-10790,49752,200000,860,3256,46,0,1
CUST-10791,44526,100000,639,2850,38,0,0
CUST-10792,45972,180000,793,17476,45,0,0
CUST-10793,21197,40000,713,7073,50,0,0
CUST-10794,23376,55000,670,5503,53,0,0
CUST-10795,67953,230000,624,15894,40,1,0
CUST-10796,39348,125000,719,12279,47,2,0
CUST-10797,56429,165000,804,9569,42,0,0
CUST-10798,40707,115000,684,12890,52,0,0
CUST-10799,40736,145000,704,8951,41,0,0
CUST-10800,64160,135000,775,17533,49,0,1
CUST-10801,31007,80000,732,12021,42,0,0
CUST-10802,42110,80000,607,9051,43,0,0
CUST-10803,31852,95000,716,6257,35,0,0
CUST-10804,32297,70000,808,11853,42,1,0
CUST-10805,34386,80000,707,12581,53,2,0
CUST-10806,44849,120000,531,17820,40,0,0
CUST-10807,31590,50000,735,7670,43,3,0
CUST-10808,75197,130000,697,12820,37,0,0
CUST-10809,25660,80000,591,3441,33,1,0
CUST-10810,36554,95000,600,2263,41,0,1
CUST-10811,32213,120000,773,9804,37,2,0
CUST-10812,82742,270000,662,10898,42,0,0
CUST-10813,44279,65000,651,11615,48,0,0
CUST-10814,67233,205000,707,24930,53,0,0
CUST-10815,19095,35000,668,7305,46,0,0
CUST-10816,45868,160000,716,2364,49,0,0
CUST-10817,62618,250000,696,10080,52,0,0
CUST-10818,41820,120000,632,14347,36,0,0
CUST-10819,68373,220000,676,16256,37,0,0
CUST-10820,30988,65000,738,10307,48,0,1
CUST-10821,81200,210000,712,28311,43,0,0
CUST-10822,126683,460000,704,25959,47,0,0
CUST-10823,33475,65000,835,5879,48,0,0
CUST-10824,32120,70000,757,6725,41,2,0
CUST-10825,83007,215000,765,23115,50,2,0
CUST-10826,88414,290000,699,15782,52,0,0
CUST-10827,30901,75000,724,9926,50,0,0
CUST-10828,32529,125000,681,11918,35,0,0
CUST-10829,34860,60000,760,5187,54,1,0
CUST-10830,20491,50000,702,7945,42,0,1
CUST-10831,25353,85000,724,6793,50,0,0
CUST-10832,24292,50000,720,8680,33,0,0
CUST-10833,27339,85000,708,2361,48,1,0
CUST-10834,39444,75000,900,5444,41,3,0
CUST-10835,45121,75000,666,7325,38,1,0
CUST-10836,87138,155000,666,13592,31,1,0
CUST-10837,24363,95000,755,2683,39,0,0
CUST-10838,65654,190000,671,23233,49,0,0
CUST-10839,36062,125000,691,7086,47,0,0
CUST-10840,39154,90000,639,15156,43,0,1
CUST-10841,56241,170000,741,14297,35,0,0
CUST-10842,22894,65000,742,2253,35,0,0
CUST-10843,48591,190000,689,11713,45,0,0
CUST-10844,43618,145000,756,17348,47,0,0
CUST-10845,51340,170000,589,12722,45,1,0
CUST-10846,46378,75000,664,2349,41,0,0
CUST-10847,136988,395000,698,51586,38,1,0
CUST-10848,29176,80000,633,3857,54,0,0
CUST-10849,30776,120000,596,8955,39,0,0
CUST-10850,29390,65000,689,6767,45,0,1
CUST-10851,30401,65000,755,4982,51,0,0
CUST-10852,29181,75000,793,4345,54,0,0
CUST-10853,72729,155000,674,27278,42,0,0
CUST-10854,81654,150000,757,30144,40,0,0
CUST-10855,30170,110000,751,6926,40,0,0
CUST-10856,26471,75000,789,3718,58,0,0
CUST-10857,50802,185000,687,4359,50,0,0
CUST-10858,30451,110000,593,3191,34,1,0
CUST-10859,55075,120000,714,12820,50,0,0
CUST-10860,44420,125000,644,7006,41,1,1
CUST-10861,18809,30000,662,1217,55,0,0
CUST-10862,87007,330000,690,18211,58,3,0
CUST-10863,98512,245000,687,30653,43,0,0
CUST-10864,29543,75000,719,10697,49,1,0
CUST-10865,33062,75000,755,8425,50,0,0
CUST-10866,46301,125000,686,14036,39,2,0
CUST-10867,47440,100000,735,8417,47,1,0
CUST-10868,55785,135000,710,12478,45,0,0
CUST-10869,109655,385000,770,33485,43,0,0
CUST-10870,36736,130000,697,11192,39,0,1
CUST-10871,26926,60000,704,5347,55,0,0
CUST-10872,20137,55000,685,4838,41,0,0
CUST-10873,27848,105000,699,10397,42,0,0
CUST-10874,39475,65000,659,10705,40,0,0
CUST-10875,98447,365000,652,27063,57,0,0
CUST-10876,30983,65000,760,10057,43,0,0
CUST-10877,44886,145000,639,4054,54,0,0
CUST-10878,39806,120000,689,9275,49,0,0
CUST-10879,72707,210000,775,28050,43,0,0
CUST-10880,141983,500000,687,25071,47,0,1
CUST-10881,30778,55000,763,4715,43,0,0
CUST-10882,31422,75000,671,8183,46,0,0
CUST-10883,67648,195000,641,8617,53,0,0
CUST-10884,56440,200000,606,13804,36,0,0
CUST-10885,101048,205000,795,10557,43,1,0
CUST-10886,53742,190000,636,13592,43,2,0
CUST-10887,33535,85000,758,8747,45,1,0
CUST-10888,53923,105000,645,10592,52,0,0
CUST-10889,69867,235000,795,12852,33,0,0
CUST-10890,60490,105000,853,8221,37,0,1
CUST-10891,51721,145000,600,8576,41,3,0
CUST-10892,68414,115000,639,15353,36,0,0
CUST-10893,72016,170000,760,9843,47,1,0
CUST-10894,80103,240000,743,25952,37,0,0
CUST-10895,55512,160000,760,16551,53,3,0
CUST-10896,36917,95000,672,5325,49,0,0
CUST-10897,43189,110000,839,3632,46,0,0
CUST-10898,73368,150000,717,3673,50,0,0
CUST-10899,26676,70000,630,6905,42,0,0
CUST-10900,48258,185000,693,5982,43,0,1
CUST-10901,32969,120000,631,1793,34,2,0
CUST-10902,40715,75000,813,7152,48,1,0
CUST-10903,76056,120000,667,29410,48,0,0
CUST-10904,44158,170000,742,12871,50,0,0
CUST-10905,41077,115000,679,14385,52,0,0
CUST-10906,20334,60000,669,2046,52,4,0
CUST-10907,58286,200000,585,4409,50,0,0
CUST-10908,55422,125000,748,2994,43,0,0
CUST-10909,118376,320000,794,45513,48,0,0
CUST-10910,34410,135000,650,5335,29,0,1
CUST-10911,44782,140000,609,9441,42,0,0
CUST-10912,45464,85000,762,8551,46,0,0
CUST-10913,88320,160000,602,26995,52,1,0
CUST-10914,38267,75000,789,6064,46,0,0
CUST-10915,46143,160000,651,10954,58,0,0
CUST-10916,54390,120000,638,21671,41,3,0
CUST-10917,44059,70000,726,9050,52,0,0
CUST-10918,32105,125000,642,7799,42,0,0
CUST-10919,44224,85000,664,9989,43,0,0
CUST-10920,68652,105000,733,22731,43,1,1
CUST-10921,24022,50000,552,3444,36,0,0
CUST-10922,42893,90000,816,4703,37,0,0
CUST-10923,28280,70000,712,8878,47,0,0
CUST-10924,72949,275000,625,14259,39,3,0
CUST-10925,18739,70000,643,6929,58,0,0
CUST-10926,30349,80000,774,8359,54,0,0
CUST-10927,48465,120000,749,11996,43,0,0
CUST-10928,87795,255000,800,6554,46,0,0
CUST-10929,38836,80000,665,11869,48,0,0
CUST-10930,30406,50000,729,8821,61,0,1
CUST-10931,102803,395000,737,28170,37,1,0
CUST-10932,19457,40000,755,2797,54,0,0
CUST-10933,15000,30000,783,5720,43,0,0
CUST-10934,50011,135000,663,8130,45,0,0
CUST-10935,31224,85000,702,3224,40,0,0
CUST-10936,24085,35000,670,9526,40,1,0
CUST-10937,57192,105000,706,17797,47,0,0
CUST-10938,45337,110000,755,8848,43,0,0
CUST-10939,30271,95000,602,11429,65,0,0
CUST-10940,21159,45000,782,1732,48,0,1
CUST-10941,62083,160000,635,5008,49,0,0
CUST-10942,55553,160000,690,16046,39,0,0
CUST-10943,38193,140000,790,4288,40,0,0
CUST-10944,101044,235000,731,37487,36,0,0
CUST-10945,23504,45000,732,8088,50,1,0
CUST-10946,18717,50000,633,2942,35,0,0
CUST-10947,28397,95000,642,10253,40,0,0
CUST-10948,39230,70000,771,2550,54,0,0
CUST-10949,45327,115000,671,10970,53,0,0
CUST-10950,35574,55000,677,13427,35,0,1
CUST-10951,47859,75000,772,16721,30,0,0
CUST-10952,21466,60000,641,3748,48,0,0
CUST-10953,82609,185000,727,9417,46,0,0
CUST-10954,38519,140000,712,4764,53,0,0
CUST-10955,70168,210000,709,16144,40,0,0
CUST-10956,47636,125000,676,12331,46,0,0
CUST-10957,50431,125000,672,3100,43,0,0
CUST-10958,53363,145000,639,10392,56,0,0
CUST-10959,50204,80000,741,17101,39,0,0
CUST-10960,55346,205000,666,11374,61,3,1
CUST-10961,78008,310000,772,8519,61,0,0
CUST-10962,44278,85000,695,17011,56,0,0
CUST-10963,57211,105000,641,8192,42,0,0
CUST-10964,38373,70000,694,12641,48,1,0
CUST-10965,82459,260000,683,9715,51,0,0
CUST-10966,28618,90000,775,5669,33,0,0
CUST-10967,98762,355000,686,21890,51,2,0
CUST-10968,39337,135000,692,8859,48,1,0
CUST-10969,19626,50000,801,4529,50,0,0
CUST-10970,42789,130000,743,5508,49,0,1
CUST-10971,28551,90000,818,6583,39,0,0
CUST-10972,61103,170000,791,13357,40,0,0
CUST-10973,28960,80000,652,3563,55,1,0
CUST-10974,32109,100000,774,12710,54,0,0
CUST-10975,15603,45000,809,5507,48,0,0
CUST-10976,32011,100000,809,11544,38,0,0
CUST-10977,15000,45000,774,4349,40,0,0
CUST-10978,18179,60000,772,1926,45,1,0
CUST-10979,58700,180000,690,14606,61,0,0
CUST-10980,59450,165000,655,20064,50,1,1
CUST-10981,49648,160000,687,3155,46,3,0
CUST-10982,24748,65000,601,5532,39,1,0
CUST-10983,39188,80000,797,7392,49,0,0
CUST-10984,40062,60000,691,4977,50,1,0
CUST-10985,22489,65000,793,4101,39,0,0
CUST-10986,85109,255000,629,33552,34,0,0
CUST-10987,62235,245000,780,18865,55,0,0
CUST-10988,35936,85000,677,5564,50,0,0
CUST-10989,40678,100000,626,10652,58,0,0
CUST-10990,44542,90000,815,6072,53,0,1
CUST-10991,15000,25000,781,3956,52,3,0
CUST-10992,35468,120000,723,12898,39,1,0
CUST-10993,28538,60000,712,6989,50,0,0
CUST-10994,24323,75000,738,7459,54,0,0
CUST-10995,34872,110000,722,7276,41,0,0
CUST-10996,98601,265000,658,23017,46,0,0
CUST-10997,55294,205000,683,16216,60,0,0
CUST-10998,30164,80000,837,10085,42,3,0
CUST-10999,53438,120000,883,15005,45,1,0
CUST-11000,80795,300000,811,31681,49,1,1
CUST-11001,63724,235000,741,21471,42,0,0
CUST-11002,41349,80000,688,13314,40,0,0
CUST-11003,29042,45000,658,10042,37,0,0
CUST-11004,56903,100000,662,8445,49,0,0
CUST-11005,48861,110000,674,9831,43,1,0
CUST-11006,62792,245000,849,15544,42,2,0
CUST-11007,55137,160000,827,11679,48,0,0
CUST-11008,67831,165000,758,23510,50,1,0
CUST-11009,30711,115000,647,1826,35,0,0
CUST-11010,77551,205000,768,9555,32,0,1
CUST-11011,44302,100000,694,15886,48,0,0
CUST-11012,113281,435000,570,8007,49,0,0
CUST-11013,28435,105000,728,3680,40,1,0
CUST-11014,95605,345000,655,16533,50,0,0
CUST-11015,44309,125000,657,13858,42,0,0
CUST-11016,28977,100000,693,7130,41,0,0
CUST-11017,31509,60000,677,12102,51,0,0
CUST-11018,34194,100000,707,4436,46,1,0
CUST-11019,49616,195000,704,17625,38,1,0
CUST-11020,52125,115000,588,7767,54,0,1
CUST-11021,30126,105000,808,4094,35,0,0
CUST-11022,39649,110000,646,8898,50,0,0
CUST-11023,117141,185000,648,8776,38,0,0
CUST-11024,95203,325000,688,17565,41,0,0
CUST-11025,49919,95000,702,8710,29,0,0
CUST-11026,40904,125000,804,4337,38,1,0
CUST-11027,42617,75000,727,14970,35,0,0
CUST-11028,54543,210000,746,10093,55,0,0
CUST-11029,24067,55000,727,9474,47,0,0
CUST-11030,35288,75000,725,12876,46,0,1
CUST-11031,17425,30000,730,2059,52,3,0
CUST-11032,49001,190000,584,11113,54,0,0
CUST-11033,55470,180000,693,14457,48,0,0
CUST-11034,31520,105000,785,10610,56,2,0
CUST-11035,88167,240000,900,31737,60,0,0
CUST-11036,21744,60000,631,5836,44,1,0
CUST-11037,19299,35000,737,1202,36,0,0
CUST-11038,44901,130000,672,9808,60,0,0
CUST-11039,67747,145000,843,24367,57,0,0
CUST-11040,93149,365000,622,27938,41,0,1
CUST-11041,31906,110000,750,11312,53,0,0
CUST-11042,68826,175000,618,19679,47,0,0
CUST-11043,39369,75000,689,2575,40,0,0
CUST-11044,36815,130000,707,14313,54,0,0
CUST-11045,62431,115000,779,23181,54,0,0
CUST-11046,55612,110000,639,5244,47,1,0
CUST-11047,18247,35000,753,1632,45,0,0
CUST-11048,83974,245000,711,20042,36,0,0
CUST-11049,80021,275000,727,25204,46,0,0
CUST-11050,29355,65000,772,5394,47,0,1
CUST-11051,48918,85000,626,4780,52,0,0
CUST-11052,51380,135000,762,11750,58,0,0
CUST-11053,45722,155000,673,7688,55,0,0
CUST-11054,30480,65000,781,5276,46,0,0
CUST-11055,28686,60000,731,7910,43,0,0
CUST-11056,39625,155000,696,14263,39,1,0
CUST-11057,72140,280000,671,17710,52,1,0
CUST-11058,52669,210000,763,15308,40,0,0
CUST-11059,33345,115000,791,9369,45,0,0
CUST-11060,59032,115000,675,14338,52,0,1
CUST-11061,15000,30000,636,2381,49,1,0
CUST-11062,71280,170000,755,12989,53,0,0
CUST-11063,16816,40000,615,2698,42,0,0
CUST-11064,33482,130000,625,12425,54,1,0
CUST-11065,22929,80000,640,7780,44,0,0
CUST-11066,21008,70000,682,5310,38,0,0
CUST-11067,71712,140000,623,26482,42,0,0
CUST-11068,31765,120000,583,11443,45,3,0
CUST-11069,47726,170000,636,17882,34,0,0
CUST-11070,39204,75000,751,5003,40,0,1
CUST-11071,50945,185000,627,15340,35,0,0
CUST-11072,41706,90000,687,10978,50,0,0
CUST-11073,21131,35000,836,6483,48,0,0
CUST-11074,66047,210000,706,9390,51,0,0
CUST-11075,31354,100000,732,9192,37,0,0
CUST-11076,18429,30000,648,3564,43,0,0
CUST-11077,32400,75000,850,11078,61,0,0
CUST-11078,84997,340000,674,27911,42,0,0
CUST-11079,61396,195000,695,7611,41,0,0
CUST-11080,33714,110000,795,3855,54,0,1
CUST-11081,33703,70000,698,10151,49,1,0
CUST-11082,34172,60000,713,8292,49,0,0
CUST-11083,113365,250000,691,27776,48,0,0
CUST-11084,48580,105000,692,15224,50,0,0
CUST-11085,49762,105000,734,17378,58,0,0
CUST-11086,67180,135000,745,8977,53,1,0
CUST-11087,45224,135000,668,11054,39,0,0
CUST-11088,35259,80000,660,11992,48,0,0
CUST-11089,36381,130000,670,12932,38,0,0
CUST-11090,38723,75000,618,5831,50,0,1
CUST-11091,39394,105000,606,3405,43,0,0
CUST-11092,57746,90000,729,7592,38,0,0
CUST-11093,41190,110000,771,15690,43,0,0
CUST-11094,57891,95000,766,12265,44,0,0
CUST-11095,38547,150000,555,7574,53,0,0
CUST-11096,41744,145000,694,2278,35,1,0
CUST-11097,15000,40000,638,1017,51,0,0
CUST-11098,63459,110000,719,18025,46,1,0
CUST-11099,47726,140000,682,12238,41,0,0
CUST-11100,66105,225000,748,16621,50,0,1
CUST-11101,15000,30000,708,1329,42,0,0
CUST-11102,114026,335000,586,19751,45,3,0
CUST-11103,37429,130000,647,12513,49,0,0
CUST-11104,69849,240000,710,7768,42,0,0
CUST-11105,23862,85000,715,8565,51,0,0
CUST-11106,54523,200000,618,5044,42,0,0
CUST-11107,23701,90000,610,2588,44,0,0
CUST-11108,29381,75000,713,6381,55,0,0
CUST-11109,104507,305000,618,39802,43,0,0
CUST-11110,36485,125000,601,6032,50,0,1
CUST-11111,44744,145000,681,12545,33,0,0
CUST-11112,62008,245000,678,15876,41,0,0
CUST-11113,51423,80000,652,5264,45,1,0
CUST-11114,43269,105000,664,5921,40,0,0
CUST-11115,48169,105000,710,18090,43,0,0
CUST-11116,133480,290000,663,15308,48,0,0
CUST-11117,38995,80000,714,11435,38,0,0
CUST-11118,44380,145000,685,17203,39,0,0
CUST-11119,67868,115000,720,6232,35,0,0
CUST-11120,69756,235000,767,13233,54,0,1
CUST-11121,72657,235000,764,9327,32,0,0
CUST-11122,55235,115000,793,7045,32,0,0
CUST-11123,22663,50000,764,2076,41,0,0
CUST-11124,90827,280000,725,25190,42,1,0
CUST-11125,22625,75000,681,7041,42,0,0
CUST-11126,46691,170000,684,13394,45,0,0
CUST-11127,27525,100000,652,10284,47,0,0
CUST-11128,38868,150000,710,3925,47,1,0
CUST-11129,47305,140000,755,7660,52,0,0
CUST-11130,47130,180000,662,8040,44,0,1
CUST-11131,49561,175000,707,6503,57,3,0
CUST-11132,89936,335000,665,8973,40,0,0
CUST-11133,50350,75000,723,11094,49,0,0
CUST-11134,35522,140000,674,12150,49,0,0
CUST-11135,64993,175000,661,24963,45,0,0
CUST-11136,72746,255000,665,6930,54,4,0
CUST-11137,21724,40000,742,7344,40,0,0
CUST-11138,54105,135000,703,18320,42,0,0
CUST-11139,56987,125000,682,10607,40,3,0
CUST-11140,34586,75000,726,3061,62,0,1
CUST-11141,79845,145000,683,31658,58,0,0
CUST-11142,37233,130000,783,10405,41,0,0
CUST-11143,42735,65000,646,16827,37,0,0
CUST-11144,36807,85000,697,8071,42,0,0
CUST-11145,40448,80000,618,7617,39,1,0
CUST-11146,23198,70000,687,3166,41,0,0
CUST-11147,19535,40000,600,7701,48,0,0
CUST-11148,89076,190000,758,12349,38,1,0
CUST-11149,26278,70000,759,1532,40,2,0
CUST-11150,24448,75000,760,5607,33,0,1
CUST-11151,15000,25000,711,2729,34,0,0
CUST-11152,29159,55000,652,4125,49,3,0
CUST-11153,20711,45000,657,5635,40,0,0
CUST-11154,91218,360000,809,16190,50,0,0
CUST-11155,66496,165000,803,12686,41,0,0
CUST-11156,28450,85000,717,1651,64,0,0
CUST-11157,123774,260000,676,31707,48,0,0
CUST-11158,65570,180000,798,6079,44,0,0
CUST-11159,34118,55000,664,4259,48,0,0
CUST-11160,15000,25000,724,4514,42,0,1
CUST-11161,126180,335000,797,20142,39,0,0
CUST-11162,20034,50000,655,2146,43,0,0
CUST-11163,17629,30000,763,4444,49,1,0
CUST-11164,66922,215000,743,8379,50,0,0
CUST-11165,135927,500000,707,19687,55,1,0
CUST-11166,80188,200000,645,21447,37,0,0
CUST-11167,53207,165000,662,16438,45,0,0
CUST-11168,54034,210000,728,16690,39,0,0
CUST-11169,61494,220000,617,13453,43,1,0
CUST-11170,58657,155000,718,12259,39,0,1
CUST-11171,46193,155000,745,15043,53,3,0
CUST-11172,42281,75000,774,4970,52,1,0
CUST-11173,38898,110000,619,4017,54,0,0
CUST-11174,27529,60000,795,7780,48,1,0
CUST-11175,34879,65000,820,6743,51,0,0
CUST-11176,17214,45000,736,5138,36,0,0
CUST-11177,38209,70000,642,5342,50,0,0
CUST-11178,24482,80000,688,4007,39,0,0
CUST-11179,23114,60000,706,8409,40,0,0
CUST-11180,43912,125000,727,8676,55,0,1
CUST-11181,80499,150000,711,20674,42,0,0
CUST-11182,63523,115000,728,5548,44,0,0
CUST-11183,18301,55000,704,2060,56,0,0
CUST-11184,24469,95000,727,1530,42,0,0
CUST-11185,64240,110000,680,12753,45,0,0
CUST-11186,24557,55000,688,9727,57,0,0
CUST-11187,35870,130000,672,12764,49,1,0
CUST-11188,52840,90000,834,14347,52,3,0
CUST-11189,24731,90000,805,8690,46,2,0
CUST-11190,42306,120000,746,10913,52,0,1
CUST-11191,20598,50000,796,3688,37,0,0
CUST-11192,29712,70000,761,3290,42,0,0
CUST-11193,47093,105000,721,13118,44,1,0
CUST-11194,18097,40000,612,2127,60,0,0
CUST-11195,50022,185000,692,9809,46,0,0
CUST-11196,39742,130000,688,13473,43,0,0
CUST-11197,52904,170000,636,5038,51,0,0
CUST-11198,44889,155000,613,4271,42,0,0
CUST-11199,79385,170000,742,10204,46,0,0
CUST-11200,42728,130000,731,10390,48,0,1
CUST-11201,32380,85000,634,4471,58,0,0
CUST-11202,42665,145000,661,9647,58,0,0
CUST-11203,52661,120000,785,8198,29,0,0
CUST-11204,41127,130000,652,9343,54,0,0
CUST-11205,40957,150000,721,6027,51,2,0
CUST-11206,28254,70000,697,11103,43,0,0
CUST-11207,28812,50000,742,6409,38,0,0
CUST-11208,19904,55000,654,6175,50,0,0
CUST-11209,96258,230000,715,28414,59,0,0
CUST-11210,21548,70000,720,4777,51,1,1
CUST-11211,28383,110000,724,3792,46,0,0
CUST-11212,28023,75000,715,6410,59,0,0
CUST-11213,62784,165000,732,18103,40,0,0
CUST-11214,34631,110000,852,7306,54,2,0
CUST-11215,74897,130000,876,5892,33,0,0
CUST-11216,28659,60000,668,1613,39,1,0
CUST-11217,46142,175000,559,7602,42,0,0
CUST-11218,26431,85000,748,2711,45,0,0
CUST-11219,117309,180000,722,43071,44,0,0
CUST-11220,22163,45000,778,2472,39,0,1
CUST-11221,46859,150000,728,8809,36,1,0
CUST-11222,55099,190000,713,16487,38,0,0
CUST-11223,49360,180000,783,16555,44,0,0
CUST-11224,36583,80000,792,7945,48,0,0
CUST-11225,37612,145000,619,4265,33,0,0
CUST-11226,41023,120000,656,5940,43,1,0
CUST-11227,37290,120000,703,7332,49,2,0
CUST-11228,64986,195000,716,11542,62,0,0
CUST-11229,121207,220000,695,20851,40,0,0
CUST-11230,30371,120000,738,2920,27,0,1
CUST-11231,20233,35000,774,7479,39,0,0
CUST-11232,38401,80000,821,2319,45,0,0
CUST-11233,145780,500000,747,29739,33,1,0
CUST-11234,26853,80000,654,10556,40,2,0
CUST-11235,91085,325000,700,25586,43,0,0
CUST-11236,92860,260000,705,16194,38,1,0
CUST-11237,30430,75000,743,3077,46,0,0
CUST-11238,53342,205000,735,20662,55,0,0
CUST-11239,90598,145000,843,4973,41,0,0
CUST-11240,33204,120000,680,9578,48,0,1
CUST-11241,36250,75000,735,12979,53,0,0
CUST-11242,30006,110000,863,1764,53,2,0
CUST-11243,24164,45000,671,7341,51,0,0
CUST-11244,29008,85000,719,11591,45,2,0
CUST-11245,21764,80000,648,5960,47,1,0
CUST-11246,40824,110000,715,7966,50,1,0
CUST-11247,27310,90000,659,9723,47,0,0
CUST-11248,45111,160000,778,11005,55,3,0
CUST-11249,18435,60000,719,5757,52,1,0
CUST-11250,47355,180000,649,12109,52,0,1
CUST-11251,60886,160000,764,3860,48,1,0
CUST-11252,15000,30000,721,1869,50,1,0
CUST-11253,48389,80000,771,3753,49,0,0
CUST-11254,74149,155000,635,6476,50,0,0
CUST-11255,21920,40000,733,1214,40,0,0
CUST-11256,92622,270000,760,18284,52,0,0
CUST-11257,49489,95000,682,5568,57,0,0
CUST-11258,28211,45000,628,9859,40,0,0
CUST-11259,39031,60000,707,12197,41,0,0
CUST-11260,53059,190000,789,13297,49,1,1
CUST-11261,41689,125000,783,9219,41,0,0
CUST-11262,52542,125000,682,7332,38,0,0
CUST-11263,25327,95000,626,5476,41,1,0
CUST-11264,43681,75000,681,11987,46,0,0
CUST-11265,19794,80000,679,6408,38,0,0
CUST-11266,37963,115000,739,2983,63,0,0
CUST-11267,25541,50000,703,7610,35,2,0
CUST-11268,27784,90000,661,8611,43,0,0
CUST-11269,74462,255000,781,18290,44,0,0
CUST-11270,69262,180000,719,8658,57,1,1
CUST-11271,54424,200000,738,12991,48,0,0
CUST-11272,23244,45000,597,5251,31,0,0
CUST-11273,34262,75000,552,7417,51,0,0
CUST-11274,73610,130000,616,15548,47,0,0
CUST-11275,43081,85000,678,3825,49,0,0
CUST-11276,127984,270000,747,14591,53,0,0
CUST-11277,48857,185000,557,4107,42,0,0
CUST-11278,44179,75000,813,5958,51,0,0
CUST-11279,34387,90000,721,4890,42,1,0
CUST-11280,42906,120000,798,5825,47,0,1
CUST-11281,37188,140000,652,4604,40,0,0
CUST-11282,57185,230000,742,17578,44,0,0
CUST-11283,64754,220000,715,21789,41,0,0
CUST-11284,27092,105000,763,4456,42,0,0
CUST-11285,20627,70000,694,3234,45,0,0
CUST-11286,16024,65000,740,5534,39,0,0
CUST-11287,51740,170000,781,13885,33,0,0
CUST-11288,23116,40000,667,3529,43,0,0
CUST-11289,15000,40000,725,4496,41,0,0
CUST-11290,48741,150000,587,8315,34,0,1
CUST-11291,139594,330000,755,35637,39,0,0
CUST-11292,40013,85000,837,15902,43,0,0
CUST-11293,61037,180000,629,9494,48,0,0
CUST-11294,41810,160000,704,15707,38,0,0
CUST-11295,38198,60000,767,6196,64,0,0
CUST-11296,63547,220000,712,15194,32,0,0
CUST-11297,34712,115000,720,7324,43,1,0
CUST-11298,45875,180000,684,14868,52,0,0
CUST-11299,47138,180000,682,3364,40,0,0
CUST-11300,28737,100000,704,7744,36,0,1
CUST-11301,65908,185000,712,20842,40,0,0
CUST-11302,36773,75000,633,7915,50,2,0
CUST-11303,27505,80000,705,2388,50,1,0
CUST-11304,52483,180000,811,7120,39,0,0
CUST-11305,25610,95000,682,7372,45,0,0
CUST-11306,40704,140000,629,14791,54,0,0
CUST-11307,39952,80000,700,7893,36,1,0
CUST-11308,69074,205000,663,17002,41,0,0
CUST-11309,50886,120000,623,6611,52,0,0
CUST-11310,39635,60000,719,7700,45,0,1
CUST-11311,60408,120000,663,10141,51,0,0
CUST-11312,80426,145000,669,22473,39,0,0
CUST-11313,53045,190000,719,20933,51,1,0
CUST-11314,40343,85000,610,13501,43,1,0
CUST-11315,20828,45000,596,2442,37,1,0
CUST-11316,23563,90000,753,5942,52,1,0
CUST-11317,34454,85000,584,2523,44,0,0
CUST-11318,29591,45000,646,4036,38,3,0
CUST-11319,36552,80000,593,4030,43,0,0
CUST-11320,41287,75000,678,6913,51,0,1
CUST-11321,52304,90000,737,15041,40,0,0
CUST-11322,38744,65000,717,8709,37,0,0
CUST-11323,51187,155000,865,19272,45,0,0
CUST-11324,41449,80000,780,5158,41,0,0
CUST-11325,15000,35000,649,2662,52,0,0
CUST-11326,25092,90000,632,4151,39,0,0
CUST-11327,37345,95000,885,4951,40,0,0
CUST-11328,21919,85000,779,8715,29,2,0
CUST-11329,54174,150000,748,10050,46,1,0
CUST-11330,86281,215000,714,32715,54,0,1
CUST-11331,73819,250000,727,13779,46,4,0
CUST-11332,36072,60000,613,4380,43,0,0
CUST-11333,84572,145000,720,7757,49,0,0
CUST-11334,43231,135000,714,15106,50,0,0
CUST-11335,33909,90000,651,2076,57,0,0
CUST-11336,29534,105000,674,11445,53,0,0
CUST-11337,34501,130000,808,6774,50,0,0
CUST-11338,33054,80000,701,4514,45,0,0
CUST-11339,43704,130000,844,11629,39,0,0
CUST-11340,43490,120000,596,4197,40,0,1
CUST-11341,40196,160000,676,3024,32,0,0
CUST-11342,49934,180000,609,16963,33,0,0
CUST-11343,72789,275000,631,14458,64,0,0
CUST-11344,64523,140000,656,14929,40,0,0
CUST-11345,19102,65000,730,2136,55,0,0
CUST-11346,15000,30000,727,1072,47,0,0
CUST-11347,64033,130000,665,11444,56,0,0
CUST-11348,20263,80000,565,4602,54,0,0
CUST-11349,35868,55000,806,11402,42,0,0
CUST-11350,22358,85000,691,5038,49,0,1
CUST-11351,16301,30000,637,5279,52,0,0
CUST-11352,52613,185000,727,4756,56,0,0
CUST-11353,58663,130000,723,4246,37,0,0
CUST-11354,30083,70000,689,3176,39,0,0
CUST-11355,15000,30000,719,4803,41,0,0
CUST-11356,30542,90000,634,9644,39,0,0
CUST-11357,48820,115000,759,4856,58,0,0
CUST-11358,19159,60000,645,1165,59,0,0
CUST-11359,43988,70000,670,12749,34,0,0
CUST-11360,39828,65000,752,13913,33,0,1
CUST-11361,53618,95000,788,16832,42,0,0
CUST-11362,42607,110000,813,5154,41,0,0
CUST-11363,24673,85000,778,6274,38,0,0
CUST-11364,73005,270000,688,23002,43,0,0
CUST-11365,37076,80000,609,5173,48,1,0
CUST-11366,39590,115000,801,9291,49,0,0
CUST-11367,25168,85000,799,4028,51,0,0
CUST-11368,32156,70000,666,4146,43,0,0
CUST-11369,25786,65000,769,10039,43,3,0
CUST-11370,36810,105000,688,13597,50,0,1
CUST-11371,94452,175000,807,19455,41,2,0
CUST-11372,20212,30000,676,1978,36,0,0
CUST-11373,17911,35000,838,5458,45,0,0
CUST-11374,83749,255000,761,11682,52,0,0
CUST-11375,36146,60000,826,3939,34,0,0
CUST-11376,28723,55000,679,5271,44,0,0
CUST-11377,67504,160000,736,15893,57,0,0
CUST-11378,29649,50000,646,2493,45,0,0
CUST-11379,100007,200000,764,25012,44,0,0
CUST-11380,56328,215000,768,3118,43,1,1
CUST-11381,31446,50000,865,11388,42,0,0
CUST-11382,118025,370000,741,43935,47,0,0
CUST-11383,29647,75000,757,9089,50,0,0
CUST-11384,58165,185000,679,12406,48,0,0
CUST-11385,46613,140000,745,6489,54,0,0
CUST-11386,76946,160000,685,23887,47,1,0
CUST-11387,87619,315000,717,32956,37,1,0
CUST-11388,40782,110000,721,4301,38,0,0
CUST-11389,27537,100000,687,5866,37,0,0
CUST-11390,50513,125000,714,8099,37,0,1
CUST-11391,28599,115000,685,5000,37,0,0
CUST-11392,109830,375000,685,21089,43,0,0
CUST-11393,42970,170000,779,16463,34,0,0
CUST-11394,33434,95000,721,4698,37,0,0
CUST-11395,44017,120000,732,9790,62,0,0
CUST-11396,20464,70000,615,7838,43,0,0
CUST-11397,24690,90000,737,5348,43,0,0
CUST-11398,73145,285000,744,25766,41,1,0
CUST-11399,28898,65000,684,2039,46,0,0
CUST-11400,23778,85000,845,9120,43,0,1
CUST-11401,52487,105000,561,6069,50,0,0
CUST-11402,72609,210000,760,28533,47,0,0
CUST-11403,57496,110000,756,6408,42,0,0
CUST-11404,66040,155000,745,13573,51,1,0
CUST-11405,27490,105000,721,4343,47,0,0
CUST-11406,19714,35000,745,3974,42,0,0
CUST-11407,85022,260000,766,11706,41,0,0
CUST-11408,34154,100000,662,13247,42,0,0
CUST-11409,35404,65000,729,5558,34,0,0
CUST-11410,77971,180000,698,21726,36,0,1
CUST-11411,53003,155000,638,5199,42,0,0
CUST-11412,50409,100000,756,17065,54,0,0
CUST-11413,118480,415000,673,28420,55,0,0
CUST-11414,29092,115000,612,11427,48,0,0
CUST-11415,63826,130000,674,12649,30,0,0
CUST-11416,41295,80000,658,4889,40,0,0
CUST-11417,45903,120000,776,7854,38,2,0
CUST-11418,86183,290000,719,26539,57,0,0
CUST-11419,51736,115000,799,14521,44,0,0
CUST-11420,52530,80000,666,16936,53,1,1
CUST-11421,68614,195000,766,5195,47,0,0
CUST-11422,33440,130000,894,8464,43,0,0
CUST-11423,26380,65000,733,9925,46,2,0
CUST-11424,23803,60000,766,2089,51,2,0
CUST-11425,15015,60000,755,1246,52,0,0
CUST-11426,112207,365000,617,33753,39,0,0
CUST-11427,23118,75000,748,3706,56,0,0
CUST-11428,35931,105000,729,10078,44,0,0
CUST-11429,34947,140000,693,8418,42,1,0
CUST-11430,46803,150000,652,18492,51,0,1
CUST-11431,60347,225000,755,21795,31,0,0
CUST-11432,61712,200000,646,17731,57,1,0
CUST-11433,29985,100000,848,4245,57,0,0
CUST-11434,36917,80000,717,5229,54,0,0
CUST-11435,46225,105000,630,16584,41,0,0
CUST-11436,35442,125000,676,9033,48,1,0
CUST-11437,89650,200000,691,29248,29,4,0
CUST-11438,51302,150000,866,10642,51,0,0
CUST-11439,57955,125000,652,4988,45,0,0
CUST-11440,55906,200000,702,9305,44,0,1
CUST-11441,72166,130000,675,7678,54,0,0
CUST-11442,43936,155000,742,14219,47,0,0
CUST-11443,20985,65000,676,6194,43,0,0
CUST-11444,49013,95000,635,3967,48,0,0
CUST-11445,28978,85000,697,7751,39,0,0
CUST-11446,30812,70000,690,10967,43,0,0
CUST-11447,53808,125000,671,15823,57,0,0
CUST-11448,74543,175000,674,17062,55,1,0
CUST-11449,40563,65000,787,6455,49,2,0
CUST-11450,46836,185000,689,16883,47,0,1
CUST-11451,94005,150000,636,18611,36,1,0
CUST-11452,45268,145000,679,15816,47,0,0
CUST-11453,147390,360000,713,47761,42,0,0
CUST-11454,53250,165000,623,17874,50,0,0
CUST-11455,16640,40000,815,6596,44,0,0
CUST-11456,58493,185000,766,18253,50,0,0
CUST-11457,48561,160000,802,3006,43,0,0
CUST-11458,76487,245000,735,9323,55,0,0
CUST-11459,56195,100000,573,3501,62,1,0
CUST-11460,37450,120000,809,4361,36,0,1
CUST-11461,21760,50000,653,1555,53,1,0
CUST-11462,36152,55000,659,8154,50,1,0
CUST-11463,26232,65000,720,1570,46,4,0
CUST-11464,30023,80000,799,6467,38,1,0
CUST-11465,53867,145000,778,19639,44,0,0
CUST-11466,92498,300000,768,28859,52,3,0
CUST-11467,48890,110000,689,18597,46,0,0
CUST-11468,22071,50000,688,2854,46,0,0
CUST-11469,50126,85000,732,11823,58,2,0
CUST-11470,73007,235000,701,11790,49,0,1
CUST-11471,29587,85000,767,6593,49,1,0
CUST-11472,37533,90000,763,9194,48,2,0
CUST-11473,40430,130000,748,2533,54,1,0
CUST-11474,27107,75000,545,3568,47,1,0
CUST-11475,55500,150000,718,16465,35,0,0
CUST-11476,37779,105000,702,12109,45,0,0
CUST-11477,49501,155000,720,12340,52,1,0
CUST-11478,25751,80000,660,3728,51,0,0
CUST-11479,32249,70000,623,6184,46,1,0
CUST-11480,57594,105000,740,4815,42,0,1
CUST-11481,33309,65000,686,12777,50,0,0
CUST-11482,95175,295000,747,33695,51,0,0
CUST-11483,32865,120000,666,2397,40,0,0
CUST-11484,44906,115000,802,4862,45,0,0
CUST-11485,63978,125000,775,16210,44,0,0
CUST-11486,19748,65000,729,2593,39,0,0
CUST-11487,16640,60000,696,6273,45,0,0
CUST-11488,18716,70000,765,5885,52,0,0
CUST-11489,75455,230000,735,10990,43,1,0
CUST-11490,30456,110000,725,1587,38,0,1
CUST-11491,144220,220000,777,47564,46,0,0
CUST-11492,30268,55000,802,6006,36,0,0
CUST-11493,44014,75000,628,12096,35,2,0
CUST-11494,86773,285000,641,13054,40,0,0
CUST-11495,109430,185000,659,10943,33,0,0
CUST-11496,112504,310000,612,32216,55,0,0
CUST-11497,73436,195000,705,15246,51,1,0
CUST-11498,66972,150000,749,8861,47,2,0
CUST-11499,53974,200000,708,5298,42,1,0
CUST-11500,59229,115000,675,14994,41,0,1
CUST-11501,30467,75000,783,9260,42,0,0
CUST-11502,26659,90000,719,3981,38,0,0
CUST-11503,40067,65000,732,12312,55,2,0
CUST-11504,36860,115000,785,4205,43,0,0
CUST-11505,31996,115000,701,5389,35,0,0
CUST-11506,56851,220000,843,17664,36,0,0
CUST-11507,64708,240000,680,18186,54,0,0
CUST-11508,41948,95000,839,6069,50,1,0
CUST-11509,84016,250000,646,7792,50,0,0
CUST-11510,22678,40000,743,1471,43,0,1
CUST-11511,36430,80000,668,12505,40,0,0
CUST-11512,28045,50000,782,2139,46,1,0
CUST-11513,15783,35000,678,1423,48,0,0
CUST-11514,38509,140000,728,5129,41,0,0
CUST-11515,37764,90000,667,7778,38,0,0
CUST-11516,85538,250000,770,27921,42,0,0
CUST-11517,55017,140000,667,7516,39,0,0
CUST-11518,24050,65000,819,5777,44,0,0
CUST-11519,101422,400000,645,8279,32,2,0
CUST-11520,73903,165000,622,15710,46,1,1
CUST-11521,53693,165000,771,6022,43,0,0
CUST-11522,35837,90000,671,4440,46,1,0
CUST-11523,24841,40000,709,4431,34,1,0
CUST-11524,33319,90000,689,10544,39,0,0
CUST-11525,69173,245000,624,21470,50,0,0
CUST-11526,102980,180000,704,20105,39,0,0
CUST-11527,86822,145000,792,7947,44,0,0
CUST-11528,31431,60000,775,4659,51,4,0
CUST-11529,22929,80000,725,5202,48,0,0
CUST-11530,43064,145000,782,15257,47,1,1
CUST-11531,16577,50000,641,6446,50,1,0
CUST-11532,47173,125000,688,12883,38,0,0
CUST-11533,37279,140000,735,6439,40,0,0
CUST-11534,31792,110000,701,9305,57,0,0
CUST-11535,18081,65000,693,3031,46,1,0
CUST-11536,51885,185000,631,13952,42,0,0
CUST-11537,30750,95000,574,4161,36,0,0
CUST-11538,22360,60000,763,3207,51,0,0
CUST-11539,15000,55000,725,1144,50,0,0
CUST-11540,39586,150000,768,7800,43,0,1
CUST-11541,97355,150000,681,25931,37,0,0
CUST-11542,92099,150000,663,30031,39,0,0
CUST-11543,31934,125000,710,10653,48,2,0
CUST-11544,29699,65000,765,11801,43,2,0
CUST-11545,50735,185000,694,4095,49,0,0
CUST-11546,24362,60000,762,5422,48,1,0
CUST-11547,46671,85000,644,10850,41,1,0
CUST-11548,58867,100000,699,19519,50,1,0
CUST-11549,74121,140000,705,10616,61,0,0
CUST-11550,38174,80000,789,2835,49,0,1
CUST-11551,36248,100000,723,5792,45,0,0
CUST-11552,25874,85000,823,10204,40,2,0
CUST-11553,26544,105000,622,9683,45,1,0
CUST-11554,35837,95000,718,6749,46,0,0
CUST-11555,48227,135000,721,17202,47,0,0
CUST-11556,63372,180000,750,3895,51,0,0
CUST-11557,26860,75000,657,4296,36,0,0
CUST-11558,84655,235000,819,25767,49,0,0
CUST-11559,35046,55000,710,4468,41,1,0
CUST-11560,39708,60000,639,4742,42,0,1
CUST-11561,27622,50000,708,9712,39,0,0
CUST-11562,15000,25000,689,3983,44,2,0
CUST-11563,62443,205000,890,24737,45,1,0
CUST-11564,58012,115000,778,5634,46,0,0
CUST-11565,34868,130000,713,6089,48,2,0
CUST-11566,41501,160000,702,6595,40,2,0
CUST-11567,51946,205000,771,18599,52,0,0
CUST-11568,18374,70000,774,2560,38,0,0
CUST-11569,30806,65000,520,5351,51,0,0
CUST-11570,59702,165000,751,5969,59,2,1
CUST-11571,21436,40000,711,6889,40,1,0
CUST-11572,46480,165000,624,6190,38,0,0
CUST-11573,20367,75000,767,1505,52,0,0
CUST-11574,50676,185000,856,10251,35,0,0
CUST-11575,39425,100000,746,7372,48,0,0
CUST-11576,17897,60000,781,2007,53,0,0
CUST-11577,71852,125000,827,6952,54,0,0
CUST-11578,27797,45000,656,10112,37,0,0
CUST-11579,26765,90000,589,1973,38,0,0
CUST-11580,44368,115000,752,3760,49,2,1
CUST-11581,71276,285000,693,9676,57,2,0
CUST-11582,24151,40000,620,9261,42,2,0
CUST-11583,41391,150000,704,3306,53,2,0
CUST-11584,49732,135000,757,16690,48,0,0
CUST-11585,56758,205000,700,20558,44,1,0
CUST-11586,43836,155000,658,7989,51,0,0
CUST-11587,33405,125000,695,5106,52,1,0
CUST-11588,26534,60000,708,7617,38,0,0
CUST-11589,41901,160000,584,12399,46,0,0
CUST-11590,23480,45000,700,7583,50,0,1
CUST-11591,15000,25000,622,5110,47,0,0
CUST-11592,49925,130000,752,7186,34,0,0
CUST-11593,63067,225000,608,18316,40,0,0
CUST-11594,15000,40000,775,1458,59,1,0
CUST-11595,24224,85000,683,5541,57,0,0
CUST-11596,54697,180000,674,14467,44,0,0
CUST-11597,112279,225000,729,11969,46,1,0
CUST-11598,40554,155000,653,3113,47,0,0
CUST-11599,27889,45000,728,3295,50,0,0
CUST-11600,36627,135000,662,7223,44,1,1
CUST-11601,79812,180000,673,28791,46,0,0
CUST-11602,29057,80000,736,6862,45,0,0
CUST-11603,26914,70000,635,8396,34,0,0
CUST-11604,31527,60000,627,3497,45,0,0
CUST-11605,24917,60000,726,2170,49,0,0
CUST-11606,42673,85000,708,5712,44,0,0
CUST-11607,90430,180000,720,14455,49,0,0
CUST-11608,47171,95000,731,11407,54,0,0
CUST-11609,35377,95000,713,12680,46,0,0
CUST-11610,34686,120000,749,6907,53,1,1
CUST-11611,18368,55000,716,4253,49,0,0
CUST-11612,62414,235000,579,3221,37,0,0
CUST-11613,38602,120000,596,2380,41,0,0
CUST-11614,36671,120000,835,2908,36,0,0
CUST-11615,198105,500000,710,58371,50,0,0
CUST-11616,46600,120000,771,10259,45,0,0
CUST-11617,27559,90000,687,3239,42,3,0
CUST-11618,32429,55000,706,8347,38,0,0
CUST-11619,71269,260000,680,17148,52,0,0
CUST-11620,42473,145000,870,3443,50,0,1
CUST-11621,19552,40000,726,5360,34,0,0
CUST-11622,63552,215000,675,20241,39,0,0
CUST-11623,28736,45000,602,4318,45,0,0
CUST-11624,102400,210000,838,29759,44,0,0
CUST-11625,68873,115000,699,8257,26,0,0
CUST-11626,32091,110000,758,10104,55,0,0
CUST-11627,76153,260000,765,28109,52,1,0
CUST-11628,41519,145000,679,8497,44,0,0
CUST-11629,61475,95000,753,8337,40,0,0
CUST-11630,51142,140000,670,9702,45,0,1
CUST-11631,26286,85000,645,3615,52,0,0
CUST-11632,29092,55000,785,1467,54,2,0
CUST-11633,67169,210000,699,18650,54,0,0
CUST-11634,33948,60000,743,2202,49,0,0
CUST-11635,32799,65000,736,4055,50,0,0
CUST-11636,24895,65000,751,7539,37,0,0
CUST-11637,49602,155000,608,14037,37,0,0
CUST-11638,112562,210000,671,8517,35,0,0
CUST-11639,23534,45000,688,6613,40,1,0
CUST-11640,40623,80000,655,15262,40,0,1
CUST-11641,81316,170000,737,6186,36,0,0
CUST-11642,38568,80000,787,7539,43,1,0
CUST-11643,50321,125000,797,15363,42,0,0
CUST-11644,23595,75000,687,6693,45,3,0
CUST-11645,49719,130000,728,6427,51,0,0
CUST-11646,36549,125000,738,3913,45,0,0
CUST-11647,65700,215000,750,21318,50,0,0
CUST-11648,72670,130000,652,27955,49,0,0
CUST-11649,146500,240000,828,46682,47,0,0
CUST-11650,53627,200000,770,20760,54,0,1
CUST-11651,47235,80000,771,12363,54,0,0
CUST-11652,44231,85000,788,16594,49,1,0
CUST-11653,33638,50000,744,9810,50,0,0
CUST-11654,47535,145000,643,17498,39,0,0
CUST-11655,34623,100000,700,3689,46,1,0
CUST-11656,43661,175000,602,14645,52,0,0
CUST-11657,77559,290000,736,9218,47,1,0
CUST-11658,24263,60000,699,1446,52,0,0
CUST-11659,70964,170000,707,16403,40,0,0
CUST-11660,77540,175000,788,12514,38,0,1
CUST-11661,37834,70000,680,2468,46,0,0
CUST-11662,15000,30000,693,5896,41,0,0
CUST-11663,29616,55000,711,8389,41,1,0
CUST-11664,76764,135000,590,28067,42,2,0
CUST-11665,39678,85000,692,15858,48,0,0
CUST-11666,24351,55000,548,4558,59,0,0
CUST-11667,31182,120000,671,4339,49,2,0
CUST-11668,61102,180000,765,6987,48,1,0
CUST-11669,52752,210000,739,12149,46,0,0
CUST-11670,35615,85000,671,9335,44,0,1
CUST-11671,33409,90000,712,7194,51,0,0
CUST-11672,32995,75000,640,6121,42,0,0
CUST-11673,25305,50000,709,2755,34,0,0
CUST-11674,90011,165000,900,18420,41,0,0
CUST-11675,34160,130000,829,2727,45,2,0
CUST-11676,73760,295000,713,26020,50,0,0
CUST-11677,85875,140000,720,5703,45,0,0
CUST-11678,66115,125000,646,12113,46,0,0
CUST-11679,32344,85000,657,2750,54,0,0
CUST-11680,49112,95000,733,15776,48,0,1
CUST-11681,39652,95000,675,6322,52,0,0
CUST-11682,25543,45000,768,2288,45,0,0
CUST-11683,47201,125000,812,11140,51,0,0
CUST-11684,22258,50000,731,8250,56,0,0
CUST-11685,72681,175000,716,26748,55,0,0
CUST-11686,31814,55000,600,4370,43,0,0
CUST-11687,44381,115000,758,13397,41,0,0
CUST-11688,46242,185000,635,2802,44,1,0
CUST-11689,35261,80000,682,3390,45,0,0
CUST-11690,53817,200000,772,12098,45,0,1
CUST-11691,31651,115000,776,4116,56,0,0
CUST-11692,62047,240000,679,20437,52,0,0
CUST-11693,20476,70000,683,7696,39,0,0
CUST-11694,42752,135000,664,2202,34,2,0
CUST-11695,105816,385000,632,13916,39,0,0
CUST-11696,24338,40000,668,4961,41,1,0
CUST-11697,28599,75000,605,7066,58,4,0
CUST-11698,51893,205000,754,19229,42,0,0
CUST-11699,43905,150000,735,15900,55,0,0
CUST-11700,47825,185000,746,13056,36,0,1
CUST-11701,51256,175000,647,7180,45,1,0
CUST-11702,55125,205000,632,17868,48,0,0
CUST-11703,69902,230000,713,8453,50,0,0
CUST-11704,49262,170000,714,19104,47,1,0
CUST-11705,35574,100000,700,1851,41,0,0
CUST-11706,56178,215000,691,14011,52,0,0
CUST-11707,103770,370000,821,8399,40,4,0
CUST-11708,37559,135000,737,7236,51,1,0
CUST-11709,24655,80000,838,6711,39,0,0
CUST-11710,69810,160000,792,20339,42,0,1
CUST-11711,37790,60000,820,12279,40,1,0
CUST-11712,15000,60000,640,3864,44,2,0
CUST-11713,61310,180000,748,8458,42,0,0
CUST-11714,30709,70000,681,11093,50,0,0
CUST-11715,38358,70000,601,12807,40,0,0
CUST-11716,47381,170000,807,5023,45,0,0
CUST-11717,44145,160000,690,14977,42,0,0
CUST-11718,57223,200000,641,22341,39,1,0
CUST-11719,32281,100000,683,8813,48,0,0
CUST-11720,51872,125000,658,7709,45,0,1
CUST-11721,35250,80000,664,9246,38,0,0
CUST-11722,58070,90000,695,9865,46,0,0
CUST-11723,54594,195000,822,15645,44,0,0
CUST-11724,25141,45000,666,6050,57,0,0
CUST-11725,69077,215000,817,25926,47,0,0
CUST-11726,30700,85000,765,8174,36,0,0
CUST-11727,60115,170000,735,7507,43,0,0
CUST-11728,48225,185000,758,14650,49,0,0
CUST-11729,100618,160000,710,15626,58,0,0
CUST-11730,35891,125000,793,5216,30,1,1
CUST-11731,33702,55000,746,6306,44,0,0
CUST-11732,39747,65000,601,2154,48,0,0
CUST-11733,34489,90000,729,13423,46,0,0
CUST-11734,59872,100000,760,14148,46,0,0
CUST-11735,17887,60000,691,5736,45,0,0
CUST-11736,23698,65000,718,3323,47,1,0
CUST-11737,23531,35000,670,7325,51,0,0
CUST-11738,64547,105000,620,16040,37,0,0
CUST-11739,94400,285000,609,18733,48,1,0
CUST-11740,38092,135000,610,14845,35,0,1
CUST-11741,36886,95000,753,8219,46,1,0
CUST-11742,41565,120000,548,11642,45,0,0
CUST-11743,71749,250000,666,3972,43,0,0
CUST-11744,25243,75000,660,3925,47,1,0
CUST-11745,45215,95000,691,16324,45,0,0
CUST-11746,65355,200000,589,20628,39,0,0
CUST-11747,51562,160000,736,12264,37,0,0
CUST-11748,44125,145000,627,16108,35,1,0
CUST-11749,66205,200000,783,14576,43,0,0
CUST-11750,15000,60000,669,3724,41,0,1
CUST-11751,56327,110000,703,10350,46,0,0
CUST-11752,28939,110000,710,7727,58,0,0
CUST-11753,16069,45000,725,2597,56,1,0
CUST-11754,51823,165000,712,9583,45,0,0
CUST-11755,79764,140000,682,30965,49,1,0
CUST-11756,37469,90000,732,3333,37,1,0
CUST-11757,64630,220000,740,5612,46,0,0
CUST-11758,89871,295000,660,5856,52,0,0
CUST-11759,77455,125000,737,12548,45,0,0
CUST-11760,91124,260000,787,17257,43,0,1
CUST-11761,58166,100000,755,4832,40,0,0
CUST-11762,41677,165000,770,10093,29,0,0
CUST-11763,18016,65000,721,4578,45,0,0
CUST-11764,35488,55000,649,11102,44,1,0
CUST-11765,26327,95000,657,10309,54,3,0
CUST-11766,118832,450000,730,31701,45,0,0
CUST-11767,36756,90000,771,3274,38,0,0
CUST-11768,42684,140000,891,3456,51,1,0
CUST-11769,52878,140000,773,17034,41,0,0
CUST-11770,41019,130000,633,11387,50,0,1
CUST-11771,93669,220000,660,9991,45,0,0
CUST-11772,29397,70000,858,4076,42,0,0
CUST-11773,44236,115000,696,13827,40,0,0
CUST-11774,27688,50000,713,6870,41,2,0
CUST-11775,20743,75000,647,5284,52,2,0
CUST-11776,29558,70000,811,3650,46,1,0
CUST-11777,39398,100000,742,10644,48,0,0
CUST-11778,32381,120000,659,10352,47,0,0
CUST-11779,28389,80000,645,10215,46,1,0
CUST-11780,19867,55000,729,6116,48,0,1
CUST-11781,38501,150000,712,9691,51,0,0
CUST-11782,18913,70000,764,5402,49,0,0
CUST-11783,58690,115000,745,12899,41,1,0
CUST-11784,41823,110000,692,5412,60,0,0
CUST-11785,19365,75000,674,6947,38,2,0
CUST-11786,34385,85000,699,8129,45,0,0
CUST-11787,27554,65000,674,7109,49,1,0
CUST-11788,47079,95000,701,18668,38,0,0
CUST-11789,78450,140000,711,30968,48,0,0
CUST-11790,15715,55000,651,4010,50,0,1
CUST-11791,42510,145000,750,2630,53,0,0
CUST-11792,37046,145000,685,6988,41,0,0
CUST-11793,56143,195000,655,21225,50,0,0
CUST-11794,44649,95000,687,6737,60,0,0
CUST-11795,27557,45000,725,11015,39,1,0
CUST-11796,34216,135000,715,2720,49,1,0
CUST-11797,26956,65000,737,6707,56,0,0
CUST-11798,68734,155000,768,15836,42,1,0
CUST-11799,40564,155000,794,5653,49,0,0
CUST-11800,103838,310000,728,39667,42,0,1
CUST-11801,38935,80000,640,10384,45,0,0
CUST-11802,28163,105000,692,3677,43,0,0
CUST-11803,18828,75000,644,3472,42,0,0
CUST-11804,16292,30000,820,4927,35,0,0
CUST-11805,18177,65000,839,2802,44,0,0
CUST-11806,45869,115000,752,16414,46,0,0
CUST-11807,51759,145000,765,5589,44,0,0
CUST-11808,18204,70000,726,2595,50,0,0
CUST-11809,62787,245000,733,6323,59,4,0
CUST-11810,31522,70000,606,2725,42,0,1
CUST-11811,43191,90000,705,6699,43,0,0
CUST-11812,89869,155000,652,35921,52,0,0
CUST-11813,62844,185000,728,5217,44,0,0
CUST-11814,35092,55000,706,4370,58,0,0
CUST-11815,25704,65000,836,3728,43,0,0
CUST-11816,15000,25000,769,4000,37,0,0
CUST-11817,28012,70000,728,8708,37,0,0
CUST-11818,36113,60000,692,11309,41,0,0
CUST-11819,24499,90000,818,1299,47,0,0
CUST-11820,37585,75000,708,10454,41,1,1
CUST-11821,41707,95000,731,11292,45,1,0
CUST-11822,35866,130000,712,8291,51,0,0
CUST-11823,28998,100000,683,5298,40,1,0
CUST-11824,43666,90000,712,14370,45,0,0
CUST-11825,50059,85000,582,8527,43,0,0
CUST-11826,23267,75000,609,3036,41,0,0
CUST-11827,81264,200000,732,12883,55,0,0
CUST-11828,38204,130000,811,7788,41,0,0
CUST-11829,40514,105000,732,5061,44,0,0
CUST-11830,57188,135000,663,15020,55,3,1
CUST-11831,45098,120000,616,16211,50,1,0
CUST-11832,64638,220000,760,16703,52,1,0
CUST-11833,46330,175000,673,9559,34,0,0
CUST-11834,29548,50000,751,9718,43,0,0
CUST-11835,48086,135000,735,14993,38,0,0
CUST-11836,22655,35000,741,4043,45,0,0
CUST-11837,42373,115000,712,11078,42,0,0
CUST-11838,39473,145000,734,12056,45,0,0
CUST-11839,36168,85000,702,4915,42,0,0
CUST-11840,37636,145000,668,6706,59,0,1
CUST-11841,15663,50000,647,1363,41,0,0
CUST-11842,30504,115000,554,12070,50,0,0
CUST-11843,42041,145000,698,3365,41,0,0
CUST-11844,43474,75000,808,4739,44,0,0
CUST-11845,24008,50000,757,5232,42,3,0
CUST-11846,75572,190000,724,26665,50,0,0
CUST-11847,26027,50000,662,4543,57,0,0
CUST-11848,65168,180000,774,20789,48,1,0
CUST-11849,49691,135000,702,14242,39,0,0
CUST-11850,29053,115000,812,7946,47,2,1
CUST-11851,97504,250000,646,33712,49,0,0
CUST-11852,22096,75000,661,1214,41,3,0
CUST-11853,63549,245000,654,23843,47,0,0
CUST-11854,66190,245000,613,22519,47,0,0
CUST-11855,28701,60000,649,10856,38,1,0
CUST-11856,80517,220000,716,26389,43,0,0
CUST-11857,35418,85000,663,12662,50,0,0
CUST-11858,46367,115000,459,5613,35,0,0
CUST-11859,45714,110000,779,7393,48,0,0
CUST-11860,37528,135000,600,6016,49,0,1
CUST-11861,60198,160000,748,5309,38,1,0
CUST-11862,59679,170000,712,18223,49,0,0
CUST-11863,16742,65000,847,1635,52,0,0
CUST-11864,77046,125000,774,5268,52,0,0
CUST-11865,17478,50000,677,5617,40,0,0
CUST-11866,67256,230000,664,24658,56,2,0
CUST-11867,70498,130000,807,22379,54,0,0
CUST-11868,23260,70000,614,7882,51,0,0
CUST-11869,32682,70000,722,8447,33,0,0
CUST-11870,23089,85000,701,8328,54,0,1
CUST-11871,36045,85000,687,8068,44,0,0
CUST-11872,34405,80000,732,13621,48,0,0
CUST-11873,59268,180000,722,5108,40,0,0
CUST-11874,77277,150000,739,25749,42,1,0
CUST-11875,80647,180000,719,22136,40,0,0
CUST-11876,30300,75000,737,7672,43,0,0
CUST-11877,36148,85000,716,10990,38,0,0
CUST-11878,17296,50000,667,5951,53,0,0
CUST-11879,26824,80000,710,9442,36,0,0
CUST-11880,65018,190000,663,7241,57,0,1
CUST-11881,90020,280000,659,10709,50,0,0
CUST-11882,21651,50000,688,1205,49,1,0
CUST-11883,29844,55000,702,2869,49,0,0
CUST-11884,39608,135000,712,5638,39,0,0
CUST-11885,46169,165000,769,13959,48,0,0
CUST-11886,26774,55000,677,5797,47,0,0
CUST-11887,49614,125000,722,15641,27,0,0
CUST-11888,31668,85000,717,6976,41,0,0
CUST-11889,39845,115000,670,9740,33,0,0
CUST-11890,52740,165000,714,4687,49,1,1
CUST-11891,40263,65000,775,12956,46,0,0
CUST-11892,32267,105000,722,10175,43,3,0
CUST-11893,37994,65000,724,5989,48,0,0
CUST-11894,38400,105000,664,6336,53,0,0
CUST-11895,33356,120000,837,4232,44,0,0
CUST-11896,35263,95000,667,11807,38,1,0
CUST-11897,89261,165000,601,27800,47,0,0
CUST-11898,53128,210000,765,13983,32,2,0
CUST-11899,34622,130000,702,4625,58,0,0
CUST-11900,56867,195000,690,6263,52,1,1
CUST-11901,33965,85000,674,2295,51,0,0
CUST-11902,72154,140000,831,4759,43,1,0
CUST-11903,48282,185000,733,5576,39,0,0
CUST-11904,38038,110000,745,3240,41,0,0
CUST-11905,50204,180000,720,12281,43,1,0
CUST-11906,18298,45000,727,3208,36,0,0
CUST-11907,22847,55000,800,4700,40,0,0
CUST-11908,22093,90000,693,5698,40,4,0
CUST-11909,43108,120000,615,12099,49,0,0
CUST-11910,95440,175000,766,26424,55,0,1
CUST-11911,122473,250000,742,17305,45,0,0
CUST-11912,55216,150000,717,18407,48,0,0
CUST-11913,51555,85000,740,19137,48,0,0
CUST-11914,16308,45000,685,2618,59,0,0
CUST-11915,30597,80000,711,1712,51,0,0
CUST-11916,27068,95000,701,9871,47,3,0
CUST-11917,29424,70000,671,10982,46,0,0
CUST-11918,36898,145000,787,2502,53,1,0
CUST-11919,31696,60000,618,1639,43,0,0
CUST-11920,15000,45000,863,5036,64,0,1
CUST-11921,58334,100000,767,9071,43,0,0
CUST-11922,23473,80000,594,8687,51,0,0
CUST-11923,45234,180000,695,5693,47,0,0
CUST-11924,113214,400000,699,39783,46,0,0
CUST-11925,25344,75000,735,1876,45,0,0
CUST-11926,15000,40000,645,2118,47,0,0
CUST-11927,34786,125000,712,13587,47,0,0
CUST-11928,69597,265000,702,9111,50,0,0
CUST-11929,106849,425000,662,10316,46,0,0
CUST-11930,21703,55000,653,7595,57,0,1
CUST-11931,51449,205000,769,4693,31,0,0
CUST-11932,31803,60000,599,2674,38,0,0
CUST-11933,38064,80000,741,6211,38,1,0
CUST-11934,150568,260000,761,41009,39,1,0
CUST-11935,18930,40000,695,5655,40,0,0
CUST-11936,45563,155000,713,16331,49,1,0
CUST-11937,50708,185000,785,12135,49,0,0
CUST-11938,69071,240000,664,12964,32,0,0
CUST-11939,42150,130000,670,7401,46,0,0
CUST-11940,46818,130000,677,16218,43,1,1
CUST-11941,32997,110000,785,10009,50,0,0
CUST-11942,45915,115000,793,16846,57,2,0
CUST-11943,33806,120000,619,13096,38,0,0
CUST-11944,54763,175000,775,8489,36,2,0
CUST-11945,33362,110000,763,7852,47,0,0
CUST-11946,48462,140000,810,13139,50,0,0
CUST-11947,39551,145000,735,4245,34,1,0
CUST-11948,70475,150000,707,4839,56,1,0
CUST-11949,39116,95000,784,13836,47,0,0
CUST-11950,16539,55000,755,3926,42,3,1
CUST-11951,75430,205000,855,18840,38,0,0
CUST-11952,25517,95000,772,6231,45,0,0
CUST-11953,28943,70000,719,9094,43,1,0
CUST-11954,29797,70000,633,3007,37,1,0
CUST-11955,79795,295000,672,21139,44,0,0
CUST-11956,15000,40000,616,3214,46,1,0
CUST-11957,192696,500000,696,70128,49,0,0
CUST-11958,68052,160000,770,15779,40,0,0
CUST-11959,44874,100000,709,17053,40,3,0
CUST-11960,39048,125000,776,6780,44,0,1
CUST-11961,46294,85000,731,17981,50,2,0
CUST-11962,52081,195000,683,18556,57,2,0
CUST-11963,55415,190000,715,14102,34,0,0
CUST-11964,52987,105000,740,9209,40,0,0
CUST-11965,41973,135000,719,7621,35,0,0
CUST-11966,36363,110000,719,11653,42,0,0
CUST-11967,37211,75000,660,9422,45,0,0
CUST-11968,36408,80000,681,6937,42,1,0
CUST-11969,70748,180000,856,19287,54,0,0
CUST-11970,54002,175000,789,16558,51,0,1
CUST-11971,15000,45000,614,870,38,0,0
CUST-11972,55711,160000,556,4537,45,0,0
CUST-11973,44239,150000,714,3674,49,0,0
CUST-11974,39761,135000,768,5215,62,0,0
CUST-11975,33048,100000,676,6591,40,0,0
CUST-11976,70407,245000,776,23324,43,0,0
CUST-11977,64457,150000,713,11143,38,0,0
CUST-11978,27270,100000,699,1530,45,1,0
CUST-11979,49193,150000,759,10781,49,0,0
CUST-11980,24690,90000,675,9846,36,0,1
CUST-11981,20134,60000,691,3466,45,0,0
CUST-11982,29338,60000,753,11337,47,0,0
CUST-11983,61771,175000,707,5279,39,0,0
CUST-11984,64638,155000,834,7147,48,3,0
CUST-11985,51872,170000,755,15740,42,0,0
CUST-11986,57673,155000,750,13000,38,0,0
CUST-11987,51952,185000,706,16509,44,0,0
CUST-11988,29122,95000,766,10258,42,1,0
CUST-11989,49809,160000,689,6867,40,0,0
CUST-11990,59886,120000,728,17306,40,0,1
CUST-11991,58521,230000,650,15371,39,0,0
CUST-11992,72726,260000,777,25565,49,3,0
CUST-11993,57191,200000,728,11468,22,4,0
CUST-11994,47845,110000,838,3260,46,0,0
CUST-11995,68533,195000,865,17199,47,1,0
CUST-11996,39606,75000,759,15272,54,0,0
CUST-11997,25824,75000,714,1423,42,0,0
CUST-11998,36992,70000,648,4960,44,0,0
CUST-11999,27654,80000,768,4441,38,0,0
CUST-12000,28635,90000,723,9107,47,0,1
CUST-12001,37337,90000,744,6091,39,2,0
CUST-12002,27005,75000,822,3610,47,0,0
CUST-12003,34407,125000,656,9530,47,0,0
CUST-12004,15571,30000,649,1031,46,1,0
CUST-12005,44651,155000,694,4898,37,0,0
CUST-12006,40159,75000,763,7743,46,0,0
CUST-12007,26674,40000,746,4653,46,0,0
CUST-12008,55805,110000,651,9571,44,0,0
CUST-12009,64137,220000,759,5643,39,0,0
CUST-12010,17965,45000,631,3167,45,0,1
CUST-12011,27409,100000,655,9025,53,0,0
CUST-12012,27321,75000,702,5323,38,3,0
CUST-12013,25085,40000,674,6400,43,0,0
CUST-12014,60763,200000,767,6517,35,0,0
CUST-12015,36427,65000,728,2710,42,0,0
CUST-12016,35162,120000,824,12587,49,1,0
CUST-12017,15000,30000,693,2489,35,1,0
CUST-12018,55144,130000,702,9518,41,0,0
CUST-12019,21598,75000,788,7714,47,0,0
CUST-12020,41355,160000,704,12312,42,0,1
CUST-12021,46105,110000,807,14508,46,0,0
CUST-12022,79247,285000,745,22878,37,4,0
CUST-12023,20860,40000,557,1815,41,0,0
CUST-12024,15000,55000,786,5779,35,0,0
CUST-12025,43999,140000,769,16200,48,0,0
CUST-12026,98741,195000,771,13100,54,0,0
CUST-12027,74568,170000,585,24711,54,0,0
CUST-12028,44570,80000,666,8614,42,0,0
CUST-12029,31388,75000,671,9081,49,0,0
CUST-12030,60087,120000,655,6487,45,0,1
CUST-12031,24667,75000,823,5882,41,0,0
CUST-12032,50928,205000,709,4803,49,0,0
CUST-12033,51675,80000,707,12281,43,3,0
CUST-12034,68193,195000,745,9223,40,1,0
CUST-12035,159504,470000,747,33234,47,2,0
CUST-12036,48835,185000,493,13858,44,0,0
CUST-12037,31117,85000,667,11108,44,1,0
CUST-12038,39624,115000,618,4273,42,0,0
CUST-12039,16571,45000,736,6009,50,0,0
CUST-12040,28357,60000,691,5288,55,0,1
CUST-12041,32707,55000,711,11294,54,1,0
CUST-12042,30882,80000,574,7084,59,0,0
CUST-12043,43311,70000,689,15235,38,0,0
CUST-12044,26603,75000,782,7501,33,1,0
CUST-12045,70299,160000,801,16031,51,0,0
CUST-12046,40138,115000,756,6397,55,3,0
CUST-12047,39948,75000,623,15544,59,0,0
CUST-12048,34065,130000,791,11252,53,0,0
CUST-12049,43373,160000,757,7955,55,0,0
CUST-12050,60630,120000,702,6569,52,0,1
CUST-12051,26015,60000,578,8398,37,0,0
CUST-12052,28881,90000,771,11450,37,0,0
CUST-12053,34480,60000,671,5090,43,1,0
CUST-12054,20477,50000,732,7587,58,0,0
CUST-12055,26645,55000,714,2501,44,0,0
CUST-12056,31630,120000,809,12122,41,0,0
CUST-12057,62143,225000,701,19318,35,0,0
CUST-12058,45765,135000,709,7839,45,0,0
CUST-12059,44213,125000,812,6924,43,0,0
CUST-12060,61417,235000,667,16902,46,0,1
CUST-12061,37470,145000,762,9657,37,1,0
CUST-12062,48787,190000,697,18130,48,2,0
CUST-12063,38115,70000,644,12127,48,0,0
CUST-12064,45829,85000,710,10958,42,0,0
CUST-12065,29990,95000,754,11235,42,0,0
CUST-12066,15000,45000,797,3861,59,0,0
CUST-12067,37528,60000,805,13036,47,0,0
CUST-12068,81746,135000,690,28147,49,0,0
CUST-12069,63774,235000,645,23705,30,2,0
CUST-12070,65036,240000,689,4790,38,0,1
CUST-12071,74463,180000,633,18938,50,0,0
CUST-12072,41953,155000,695,8975,43,2,0
CUST-12073,44296,130000,687,9819,47,0,0
CUST-12074,29471,105000,757,6217,39,1,0
CUST-12075,34267,90000,566,11757,43,1,0
CUST-12076,54605,95000,662,8816,45,2,0
CUST-12077,73272,190000,662,15530,41,1,0
CUST-12078,37431,100000,787,4500,48,0,0
CUST-12079,32045,90000,637,4425,46,0,0
CUST-12080,40145,70000,724,11286,48,0,1
CUST-12081,54209,215000,701,4929,43,0,0
CUST-12082,19498,40000,777,2256,43,0,0
CUST-12083,15000,30000,748,3522,35,0,0
CUST-12084,30477,85000,717,1990,46,0,0
CUST-12085,21799,60000,673,2058,48,0,0
CUST-12086,31130,80000,589,10963,54,0,0
CUST-12087,37276,130000,726,12903,47,0,0
CUST-12088,31996,90000,744,5494,54,0,0
CUST-12089,82969,250000,607,14253,32,0,0
CUST-12090,47257,155000,629,17852,51,0,1
CUST-12091,46641,75000,726,2753,42,0,0
CUST-12092,54781,160000,732,13865,41,0,0
CUST-12093,22710,85000,645,5883,51,0,0
CUST-12094,67477,105000,672,21981,49,0,0
CUST-12095,38642,95000,590,14804,34,2,0
CUST-12096,56119,215000,799,9794,42,0,0
CUST-12097,23483,55000,625,4772,49,0,0
CUST-12098,18455,50000,745,5258,48,0,0
CUST-12099,60412,240000,707,23472,55,1,0
CUST-12100,48445,95000,793,17526,39,0,1
CUST-12101,25564,45000,658,7246,52,0,0
CUST-12102,25982,95000,713,9089,35,0,0
CUST-12103,70454,260000,599,5623,38,0,0
CUST-12104,22143,60000,583,4029,62,2,0
CUST-12105,91248,255000,748,4980,53,0,0
CUST-12106,25583,90000,593,2868,51,0,0
CUST-12107,55226,185000,695,14948,33,1,0
CUST-12108,34053,75000,775,12257,43,3,0
CUST-12109,54262,85000,758,14730,39,0,0
CUST-12110,30575,85000,666,8635,41,0,1
CUST-12111,36997,135000,606,3194,38,1,0
CUST-12112,40964,155000,743,11580,54,0,0
CUST-12113,24316,95000,797,5082,41,1,0
CUST-12114,58128,215000,666,16159,47,0,0
CUST-12115,31051,90000,657,5097,53,0,0
CUST-12116,35799,95000,675,9075,53,0,0
CUST-12117,24411,85000,747,4843,49,0,0
CUST-12118,15000,50000,789,3682,58,1,0
CUST-12119,36478,105000,629,3701,40,0,0
CUST-12120,134095,230000,612,25282,42,0,1
CUST-12121,59415,225000,862,10753,60,0,0
CUST-12122,39750,105000,698,12232,44,0,0
CUST-12123,35191,85000,726,10460,40,0,0
CUST-12124,40588,125000,665,14940,52,0,0
CUST-12125,52762,170000,741,14310,33,0,0
CUST-12126,22238,45000,772,3560,45,0,0
CUST-12127,70063,250000,729,22709,63,0,0
CUST-12128,57393,130000,823,12853,50,0,0
CUST-12129,57474,115000,688,6765,44,0,0
CUST-12130,49972,125000,692,15570,46,1,1
CUST-12131,40530,135000,725,3906,44,1,0
CUST-12132,56186,220000,740,6312,48,0,0
CUST-12133,53955,190000,724,17026,55,0,0
CUST-12134,33623,130000,626,10744,54,0,0
CUST-12135,30127,55000,730,9844,54,0,0
CUST-12136,42231,70000,685,6447,45,0,0
CUST-12137,87073,250000,672,30763,44,0,0
CUST-12138,21599,50000,712,6543,39,1,0
CUST-12139,19268,70000,647,6587,35,0,0
CUST-12140,43581,140000,636,12987,40,0,1
CUST-12141,41169,160000,539,10409,41,0,0
CUST-12142,43768,95000,823,3864,38,1,0
CUST-12143,45341,125000,746,13549,52,0,0
CUST-12144,35896,100000,702,10469,38,0,0
CUST-12145,84535,175000,666,13472,42,1,0
CUST-12146,18025,55000,523,5543,37,0,0
CUST-12147,26522,70000,662,6435,38,0,0
CUST-12148,38115,100000,756,9368,54,3,0
CUST-12149,17648,40000,771,3153,37,0,0
CUST-12150,36756,55000,751,3340,41,0,1
CUST-12151,92109,260000,720,11598,36,0,0
CUST-12152,40556,95000,794,12941,39,1,0
CUST-12153,45041,70000,688,6531,56,0,0
CUST-12154,21373,50000,780,1085,38,1,0
CUST-12155,29490,65000,685,11765,51,1,0
CUST-12156,33269,85000,652,4116,44,2,0
CUST-12157,34239,65000,644,9565,40,0,0
CUST-12158,76177,210000,640,28522,62,0,0
CUST-12159,53042,170000,752,13785,45,0,0
CUST-12160,23023,70000,661,7589,41,0,1
CUST-12161,45399,160000,642,17784,46,0,0
CUST-12162,51488,135000,756,18078,43,0,0
CUST-12163,70974,200000,731,17407,45,0,0
CUST-12164,88456,310000,772,15682,38,0,0
CUST-12165,24159,60000,743,5287,42,0,0
CUST-12166,26757,85000,661,9221,42,0,0
CUST-12167,21401,55000,714,7461,55,0,0
CUST-12168,35703,90000,718,12354,50,0,0
CUST-12169,50674,170000,650,13126,36,0,0
CUST-12170,65753,125000,638,14264,47,0,1
CUST-12171,38639,90000,665,6142,38,0,0
CUST-12172,34203,70000,842,1750,33,1,0
CUST-12173,43298,105000,683,13750,36,0,0
CUST-12174,26434,55000,790,3884,34,0,0
CUST-12175,114093,335000,679,18869,57,3,0
CUST-12176,17964,65000,767,6201,55,0,0
CUST-12177,44018,155000,768,3005,41,0,0
CUST-12178,110393,265000,771,41360,45,1,0
CUST-12179,40271,160000,735,2032,50,1,0
CUST-12180,36496,110000,799,13821,43,0,1
CUST-12181,33566,85000,734,7020,35,1,0
CUST-12182,36673,130000,821,3144,47,0,0
CUST-12183,79731,265000,604,22799,32,2,0
CUST-12184,15000,50000,732,5453,45,0,0
CUST-12185,86397,170000,728,17566,41,0,0
CUST-12186,19693,55000,649,5749,43,0,0
CUST-12187,35125,130000,747,13796,43,0,0
CUST-12188,32382,90000,613,4347,41,2,0
CUST-12189,53867,175000,667,18161,45,0,0
CUST-12190,18050,55000,580,2767,46,1,1
CUST-12191,50568,180000,811,10074,51,0,0
CUST-12192,110431,245000,694,16412,46,0,0
CUST-12193,20300,60000,850,4183,42,0,0
CUST-12194,44128,80000,762,2284,44,0,0
CUST-12195,28825,95000,739,4502,64,1,0
CUST-12196,49659,165000,671,10222,31,0,0
CUST-12197,40520,65000,641,10992,29,0,0
CUST-12198,29122,95000,743,7952,49,0,0
CUST-12199,51222,130000,705,13027,37,0,0
CUST-12200,98930,180000,622,15092,37,1,1
CUST-12201,36481,95000,611,13920,42,0,0
CUST-12202,57519,115000,647,10766,33,0,0
CUST-12203,21022,55000,828,2646,47,0,0
CUST-12204,24879,60000,853,6072,42,0,0
CUST-12205,50828,170000,723,15864,54,0,0
CUST-12206,84293,290000,719,4575,49,0,0
CUST-12207,47944,145000,688,7034,48,0,0
CUST-12208,34319,55000,649,11625,52,0,0
CUST-12209,40120,155000,799,9125,44,0,0
CUST-12210,21478,70000,831,4144,51,0,1
CUST-12211,54298,85000,651,20406,49,0,0
CUST-12212,62390,220000,704,5074,45,0,0
CUST-12213,32014,65000,680,8498,51,0,0
CUST-12214,31728,95000,682,5386,44,0,0
CUST-12215,45841,120000,787,3428,27,0,0
CUST-12216,32261,80000,624,4026,36,0,0
CUST-12217,38829,145000,740,10475,54,0,0
CUST-12218,114675,295000,757,6868,67,0,0
CUST-12219,35471,60000,700,9126,50,1,0
CUST-12220,33551,130000,768,12913,37,0,1
CUST-12221,29034,110000,719,9531,42,0,0
CUST-12222,58226,185000,789,9954,47,0,0
CUST-12223,36658,100000,611,3606,37,0,0
CUST-12224,29007,50000,687,6171,37,0,0
CUST-12225,77703,270000,705,14571,53,0,0
CUST-12226,81617,140000,536,31839,41,0,0
CUST-12227,29726,50000,639,11784,47,0,0
CUST-12228,15783,45000,657,3057,49,0,0
CUST-12229,66420,125000,771,6779,34,0,0
CUST-12230,28500,45000,664,10508,55,1,1
CUST-12231,59594,150000,656,19531,41,0,0
CUST-12232,15000,30000,763,3434,40,1,0
CUST-12233,62711,120000,604,11154,40,0,0
CUST-12234,21903,35000,575,4530,50,1,0
CUST-12235,57836,115000,686,21148,49,0,0
CUST-12236,40422,135000,615,4633,49,0,0
CUST-12237,24910,90000,618,8279,43,0,0
CUST-12238,32744,85000,747,1845,36,0,0
CUST-12239,56565,155000,766,21053,39,0,0
CUST-12240,42317,65000,761,9525,41,1,1
CUST-12241,53755,90000,782,6953,43,0,0
CUST-12242,107820,230000,790,5498,40,1,0
CUST-12243,18359,55000,571,4513,38,0,0
CUST-12244,90093,300000,739,12213,51,0,0
CUST-12245,42284,125000,675,11456,33,0,0
CUST-12246,25606,65000,661,3800,51,0,0
CUST-12247,20637,35000,746,1667,48,0,0
CUST-12248,36513,125000,597,8279,58,1,0
CUST-12249,63629,155000,596,15752,48,1,0
CUST-12250,37655,125000,751,7847,56,0,1
CUST-12251,85440,240000,741,17969,44,1,0
CUST-12252,19426,65000,718,4980,40,0,0
CUST-12253,39892,150000,652,9343,55,0,0
CUST-12254,21456,80000,758,2068,37,0,0
CUST-12255,48137,135000,754,5727,41,0,0
CUST-12256,62532,175000,715,6229,38,1,0
CUST-12257,32520,70000,633,9517,47,0,0
CUST-12258,15000,60000,682,3525,46,0,0
CUST-12259,44332,115000,764,8886,38,0,0
CUST-12260,49929,90000,796,16447,48,0,1
CUST-12261,49126,125000,688,8058,48,0,0
CUST-12262,74450,135000,693,18525,47,0,0
CUST-12263,23493,65000,699,1786,54,0,0
CUST-12264,56393,165000,727,17512,42,2,0
CUST-12265,72856,170000,672,21369,39,0,0
CUST-12266,16493,30000,521,5456,54,0,0
CUST-12267,47090,180000,787,16931,48,2,0
CUST-12268,31191,105000,826,9834,47,0,0
CUST-12269,38531,140000,670,13315,41,0,0
CUST-12270,47754,115000,640,8164,39,0,1
CUST-12271,31457,105000,701,5352,46,1,0
CUST-12272,28628,80000,697,10893,41,0,0
CUST-12273,40826,80000,774,15109,40,0,0
CUST-12274,23303,40000,713,5638,41,0,0
CUST-12275,23320,55000,658,4157,39,2,0
CUST-12276,56369,105000,624,19903,51,1,0
CUST-12277,22597,90000,766,3687,32,1,0
CUST-12278,56002,90000,748,5811,40,0,0
CUST-12279,50579,130000,778,13849,48,0,0
CUST-12280,16934,45000,647,1099,54,3,1
CUST-12281,28601,65000,829,5224,53,1,0
CUST-12282,72915,215000,596,24257,44,1,0
CUST-12283,24573,45000,756,3767,48,0,0
CUST-12284,31818,110000,585,11962,45,0,0
CUST-12285,50565,120000,658,19444,55,0,0
CUST-12286,59378,175000,811,19923,52,0,0
CUST-12287,35391,115000,764,14003,51,0,0
CUST-12288,29769,110000,674,7018,51,0,0
CUST-12289,81730,295000,676,20368,45,0,0
CUST-12290,95745,290000,716,32807,45,1,1
CUST-12291,65475,160000,743,14566,50,0,0
CUST-12292,41883,115000,791,8056,45,0,0
CUST-12293,26792,90000,680,7104,48,1,0
CUST-12294,26496,100000,605,7423,41,0,0
CUST-12295,52117,90000,720,16302,38,0,0
CUST-12296,49473,120000,680,14043,48,0,0
CUST-12297,80886,280000,625,25155,46,0,0
CUST-12298,55560,145000,729,15895,42,0,0
CUST-12299,18929,45000,696,4129,49,2,0
CUST-12300,67912,170000,729,6602,63,0,1
CUST-12301,24366,75000,651,7916,47,0,0
CUST-12302,33124,130000,741,2013,39,0,0
CUST-12303,45483,125000,624,18073,43,0,0
CUST-12304,108861,220000,656,37008,45,0,0
CUST-12305,190034,360000,694,54125,49,0,0
CUST-12306,54358,85000,823,21107,31,0,0
CUST-12307,36621,105000,761,9681,48,0,0
CUST-12308,52430,150000,780,3657,50,0,0
CUST-12309,62556,125000,802,15375,55,2,0
CUST-12310,34189,110000,900,5026,45,0,1
CUST-12311,98479,330000,712,17658,52,0,0
CUST-12312,45027,95000,802,9494,36,0,0
CUST-12313,51476,120000,775,16529,46,2,0
CUST-12314,55991,225000,774,12655,47,0,0
CUST-12315,49552,120000,825,10710,40,0,0
CUST-12316,61051,210000,682,9505,49,1,0
CUST-12317,29477,80000,677,7043,44,0,0
CUST-12318,30359,105000,730,4157,39,0,0
CUST-12319,23154,80000,698,3272,31,2,0
CUST-12320,49998,160000,730,15751,45,0,1
CUST-12321,59246,215000,811,10065,58,0,0
CUST-12322,50457,195000,678,3430,44,0,0
CUST-12323,92711,275000,690,15787,62,3,0
CUST-12324,40022,85000,721,10946,48,3,0
CUST-12325,56070,140000,695,18777,44,1,0
CUST-12326,23252,80000,585,8991,35,0,0
CUST-12327,33072,105000,672,10291,45,1,0
CUST-12328,56827,110000,754,11370,36,0,0
CUST-12329,61362,100000,803,9492,55,0,0
CUST-12330,34648,110000,634,3304,41,0,1
CUST-12331,38723,80000,634,10443,43,0,0
CUST-12332,18789,50000,711,4292,43,0,0
CUST-12333,33573,115000,575,9642,45,1,0
CUST-12334,62642,180000,681,8331,41,0,0
CUST-12335,53508,90000,597,8736,51,0,0
CUST-12336,51551,100000,798,7847,46,0,0
CUST-12337,41146,85000,659,13544,40,0,0
CUST-12338,40276,85000,817,4427,40,0,0
CUST-12339,28849,85000,782,7586,51,1,0
CUST-12340,56920,155000,667,3869,43,0,1
CUST-12341,49537,100000,640,12004,41,0,0
CUST-12342,51328,85000,697,3714,33,2,0
CUST-12343,30852,60000,703,3441,36,1,0
CUST-12344,15000,60000,732,1343,45,3,0
CUST-12345,69464,185000,659,11902,38,1,0
CUST-12346,31589,115000,758,5379,40,0,0
CUST-12347,26071,95000,727,8844,47,0,0
CUST-12348,56768,160000,687,7322,52,0,0
CUST-12349,32991,110000,663,2647,49,0,0
CUST-12350,68184,135000,697,17811,38,0,1
CUST-12351,54638,175000,656,15878,44,2,0
CUST-12352,56488,125000,713,8653,43,0,0
CUST-12353,20272,75000,715,5290,44,0,0
CUST-12354,73568,125000,727,23660,51,1,0
CUST-12355,45735,155000,824,7850,48,0,0
CUST-12356,33368,60000,701,7803,46,0,0
CUST-12357,43117,160000,775,4368,45,0,0
CUST-12358,16512,35000,724,962,53,0,0
CUST-12359,49233,155000,694,19372,45,1,0
CUST-12360,23988,65000,702,3715,42,0,1
CUST-12361,20407,50000,706,3012,42,0,0
CUST-12362,18747,60000,728,7323,48,0,0
CUST-12363,70006,270000,647,21343,42,0,0
CUST-12364,29300,45000,614,7467,50,0,0
CUST-12365,86410,330000,752,25470,46,0,0
CUST-12366,30702,95000,768,9163,46,0,0
CUST-12367,17091,60000,758,5420,49,0,0
CUST-12368,22965,55000,720,1688,55,0,0
CUST-12369,74451,200000,759,14480,47,0,0
CUST-12370,37125,135000,756,5691,44,2,1
CUST-12371,30511,75000,761,2279,53,0,0
CUST-12372,43477,125000,654,8452,47,1,0
CUST-12373,51580,80000,638,13702,41,0,0
CUST-12374,70171,135000,684,7892,38,0,0
CUST-12375,82805,255000,708,12980,52,0,0
CUST-12376,33527,110000,694,9176,40,0,0
CUST-12377,20681,60000,588,5227,49,0,0
CUST-12378,32639,60000,821,11556,41,0,0
CUST-12379,45713,120000,692,14944,50,0,0
CUST-12380,24788,60000,721,9616,27,1,1
CUST-12381,24870,70000,790,6441,55,0,0
CUST-12382,47662,175000,557,14034,44,4,0
CUST-12383,39170,135000,676,13755,45,0,0
CUST-12384,40798,70000,684,14034,47,0,0
CUST-12385,27467,100000,688,8282,31,0,0
CUST-12386,35767,95000,698,8050,49,1,0
CUST-12387,25282,85000,804,3681,56,0,0
CUST-12388,62636,115000,753,22362,48,0,0
CUST-12389,67347,215000,772,21674,52,0,0
CUST-12390,15945,35000,713,5473,49,2,1
CUST-12391,25216,65000,619,2503,44,0,0
CUST-12392,18991,30000,574,3042,40,0,0
CUST-12393,28998,55000,610,5762,47,1,0
CUST-12394,38494,65000,733,13219,43,0,0
CUST-12395,19441,40000,712,7047,47,0,0
CUST-12396,25312,45000,696,3789,61,0,0
CUST-12397,24294,80000,686,7051,37,2,0
CUST-12398,44517,70000,840,3438,54,0,0
CUST-12399,41550,125000,656,8033,61,1,0
CUST-12400,27976,50000,770,6164,53,0,1
CUST-12401,43844,170000,710,13941,44,0,0
CUST-12402,30535,115000,706,11059,53,0,0
CUST-12403,35037,70000,786,5887,38,0,0
CUST-12404,92663,280000,805,21748,46,0,0
CUST-12405,78451,125000,694,21700,44,0,0
CUST-12406,20956,80000,761,3458,44,3,0
CUST-12407,60770,170000,733,24000,43,0,0
CUST-12408,60216,95000,710,21468,39,0,0
CUST-12409,22603,55000,723,3475,39,0,0
CUST-12410,60438,100000,665,13766,40,0,1
CUST-12411,86592,215000,690,11325,37,0,0
CUST-12412,22896,75000,672,5267,36,0,0
CUST-12413,25368,70000,768,7335,43,0,0
CUST-12414,66758,165000,703,5336,45,1,0
CUST-12415,45970,85000,625,16298,43,0,0
CUST-12416,52877,110000,662,13632,54,1,0
CUST-12417,47586,85000,502,18861,48,0,0
CUST-12418,48793,170000,677,2876,48,0,0
CUST-12419,20676,40000,712,7051,45,0,0
CUST-12420,67755,200000,701,22168,50,0,1
CUST-12421,72026,170000,838,6950,52,0,0
CUST-12422,35785,75000,747,5988,41,1,0
CUST-12423,39271,120000,744,14124,45,0,0
CUST-12424,18665,50000,603,4320,58,0,0
CUST-12425,51902,130000,686,9884,43,0,0
CUST-12426,53424,160000,678,19602,35,1,0
CUST-12427,38906,105000,658,3216,54,0,0
CUST-12428,70416,160000,658,15181,51,0,0
CUST-12429,33960,100000,592,9452,39,1,0
CUST-12430,53226,170000,627,13997,53,3,1
CUST-12431,24104,40000,766,3434,45,0,0
CUST-12432,39664,105000,700,9803,46,4,0
CUST-12433,36784,60000,677,10961,46,0,0
CUST-12434,44920,90000,709,11441,41,0,0
CUST-12435,33364,95000,785,9660,49,0,0
CUST-12436,37581,140000,710,5247,57,1,0
CUST-12437,60659,225000,745,20714,57,0,0
CUST-12438,32261,55000,654,6690,36,0,0
CUST-12439,17974,45000,669,7109,38,0,0
CUST-12440,96258,285000,733,5597,57,0,1
CUST-12441,80075,150000,833,14662,51,1,0
CUST-12442,21033,70000,802,2380,58,0,0
CUST-12443,56661,190000,747,13851,42,0,0
CUST-12444,31210,115000,719,4217,58,3,0
CUST-12445,45786,70000,801,14107,59,0,0
CUST-12446,46495,95000,761,16675,32,0,0
CUST-12447,35696,125000,560,4419,55,2,0
CUST-12448,27122,85000,641,2881,47,0,0
CUST-12449,28416,105000,731,10126,49,0,0
CUST-12450,25384,40000,593,4478,41,0,1
CUST-12451,26478,80000,651,5351,51,0,0
CUST-12452,38809,115000,664,4941,42,1,0
CUST-12453,28060,45000,693,5580,57,0,0
CUST-12454,56445,155000,691,7391,49,0,0
CUST-12455,84425,255000,691,23898,53,0,0
CUST-12456,30030,60000,763,6744,44,0,0
CUST-12457,45238,100000,692,14739,40,0,0
CUST-12458,51526,160000,684,8216,48,0,0
CUST-12459,50817,135000,622,11533,45,0,0
CUST-12460,41688,150000,776,5871,46,1,1
CUST-12461,58182,135000,666,21938,41,0,0
CUST-12462,51078,110000,639,11884,54,0,0
CUST-12463,21615,85000,723,2393,33,0,0
CUST-12464,61980,235000,660,9016,55,0,0
CUST-12465,62545,100000,675,4942,48,0,0
CUST-12466,27401,95000,726,1636,48,0,0
CUST-12467,40903,75000,688,9574,40,2,0
CUST-12468,56481,90000,860,9488,44,1,0
CUST-12469,36146,80000,705,14000,54,0,0
CUST-12470,68630,150000,750,7546,49,0,1
CUST-12471,130866,465000,583,42906,45,0,0
CUST-12472,27092,90000,654,4350,48,0,0
CUST-12473,20120,80000,639,2580,45,0,0
CUST-12474,46719,155000,647,18191,44,2,0
CUST-12475,57571,145000,737,19050,46,0,0
CUST-12476,35759,115000,777,9680,40,0,0
CUST-12477,83002,330000,732,24401,36,0,0
CUST-12478,20551,65000,695,8158,53,0,0
CUST-12479,56752,195000,668,14620,49,1,0
CUST-12480,29645,115000,782,2539,40,3,1
CUST-12481,94815,170000,844,6893,49,0,0
CUST-12482,108690,355000,718,30793,55,0,0
CUST-12483,27355,100000,771,7663,40,0,0
CUST-12484,30492,120000,732,9509,32,0,0
CUST-12485,61684,125000,759,5432,54,1,0
CUST-12486,33071,90000,634,12590,44,0,0
CUST-12487,39233,125000,678,9529,40,1,0
CUST-12488,40647,85000,735,11273,46,0,0
CUST-12489,15369,45000,788,955,57,0,0
CUST-12490,39858,85000,656,15398,45,1,1
CUST-12491,28428,65000,577,7019,49,1,0
CUST-12492,31364,80000,677,7752,46,0,0
CUST-12493,82604,235000,775,31409,48,0,0
CUST-12494,21412,55000,607,8035,55,1,0
CUST-12495,60270,165000,633,7660,50,0,0
CUST-12496,34909,80000,720,13121,56,0,0
CUST-12497,34895,65000,702,10741,56,1,0
CUST-12498,59586,95000,748,3373,44,0,0
CUST-12499,47573,95000,630,6372,34,0,0
CUST-12500,53386,160000,688,10385,55,2,1
CUST-12501,65126,225000,787,16541,42,0,0
CUST-12502,34007,65000,632,10047,43,0,0
CUST-12503,29551,50000,805,3651,45,0,0
CUST-12504,23328,80000,640,7997,40,1,0
CUST-12505,26563,60000,765,9190,61,0,0
CUST-12506,175351,500000,685,47739,49,0,0
CUST-12507,74782,245000,635,27847,54,0,0
CUST-12508,20423,45000,677,6832,57,0,0
CUST-12509,20718,45000,745,2642,49,0,0
CUST-12510,51069,145000,709,16829,37,0,1
CUST-12511,52766,90000,782,20242,32,0,0
CUST-12512,52809,95000,803,5183,48,1,0
CUST-12513,35331,70000,633,13868,45,0,0
CUST-12514,37694,130000,628,2214,46,0,0
CUST-12515,47284,130000,625,11005,46,0,0
CUST-12516,41896,65000,651,13442,41,0,0
CUST-12517,15000,50000,781,4899,37,3,0
CUST-12518,35778,90000,746,10988,58,4,0
CUST-12519,26220,75000,674,6168,41,1,0
CUST-12520,43809,90000,709,12171,47,0,1
CUST-12521,178550,500000,801,52668,41,1,0
CUST-12522,48230,190000,834,10759,39,1,0
CUST-12523,34311,60000,726,8869,54,0,0
CUST-12524,63633,140000,537,22031,36,0,0
CUST-12525,51089,110000,729,8149,43,2,0
CUST-12526,49515,105000,770,11543,41,0,0
CUST-12527,54362,135000,724,2879,48,0,0
CUST-12528,112226,400000,757,32613,56,0,0
CUST-12529,22800,85000,733,2699,37,0,0
CUST-12530,50859,100000,629,11105,38,0,1
CUST-12531,25255,70000,652,3120,33,0,0
CUST-12532,52984,165000,689,3085,44,0,0
CUST-12533,25353,70000,779,5555,41,0,0
CUST-12534,32575,85000,660,6472,51,1,0
CUST-12535,34629,70000,739,6884,45,0,0
CUST-12536,65375,180000,729,8046,39,3,0
CUST-12537,63527,160000,813,24236,44,0,0
CUST-12538,21528,75000,707,1102,49,0,0
CUST-12539,41252,140000,595,14934,28,0,0
CUST-12540,28147,50000,752,8666,50,0,1
CUST-12541,21391,35000,848,2357,48,0,0
CUST-12542,36007,135000,756,7751,48,0,0
CUST-12543,34398,100000,658,13624,35,0,0
CUST-12544,135044,490000,639,37176,39,0,0
CUST-12545,49835,80000,648,4713,44,1,0
CUST-12546,20154,55000,840,4235,48,2,0
CUST-12547,30260,85000,688,6471,48,0,0
CUST-12548,66882,245000,666,22124,55,1,0
CUST-12549,114030,200000,699,42266,46,0,0
CUST-12550,18160,40000,689,1430,52,0,1
CUST-12551,15678,40000,811,2507,42,0,0
CUST-12552,102281,375000,644,15797,48,0,0
CUST-12553,48766,190000,786,19438,40,1,0
CUST-12554,26000,105000,717,6388,54,0,0
CUST-12555,52434,205000,788,18768,46,3,0
CUST-12556,15000,25000,812,2986,40,0,0
CUST-12557,40202,65000,715,12179,60,0,0
CUST-12558,47283,90000,689,7106,38,0,0
CUST-12559,63712,150000,714,23517,40,1,0
CUST-12560,24174,85000,703,5059,49,0,1
CUST-12561,41891,155000,602,13878,32,2,0
CUST-12562,25267,50000,810,3525,47,0,0
CUST-12563,45601,140000,725,13350,43,0,0
CUST-12564,25650,95000,634,4919,49,1,0
CUST-12565,32726,85000,575,1996,49,0,0
CUST-12566,24393,45000,558,4745,49,0,0
CUST-12567,55579,145000,760,13478,41,0,0
CUST-12568,61649,150000,669,6357,54,0,0
CUST-12569,35692,105000,680,4082,39,0,0
CUST-12570,40909,105000,741,8701,38,0,1
CUST-12571,19451,30000,676,3305,38,0,0
CUST-12572,34549,140000,745,7056,55,0,0
CUST-12573,39139,110000,716,8269,42,0,0
CUST-12574,148805,400000,704,14735,40,0,0
CUST-12575,23017,90000,607,2610,47,0,0
CUST-12576,83457,160000,656,28947,56,2,0
CUST-12577,66067,130000,749,7065,38,0,0
CUST-12578,46180,165000,665,13072,54,2,0
CUST-12579,96694,210000,788,18998,46,0,0
CUST-12580,48341,170000,862,18798,48,0,1
CUST-12581,48755,105000,752,3565,40,0,0
CUST-12582,39082,60000,807,13312,43,0,0
CUST-12583,73997,205000,756,16427,36,2,0
CUST-12584,69441,140000,675,3602,32,0,0
CUST-12585,29353,100000,723,4176,37,0,0
CUST-12586,20751,65000,840,3998,57,3,0
CUST-12587,36261,140000,675,5800,35,0,0
CUST-12588,26902,95000,642,4757,63,0,0
CUST-12589,38880,75000,636,14418,46,0,0
CUST-12590,74512,260000,695,13138,41,0,1
CUST-12591,31931,100000,644,6277,35,1,0
CUST-12592,39284,125000,818,12429,42,2,0
CUST-12593,41316,150000,724,13545,50,0,0
CUST-12594,61341,180000,773,4872,45,0,0
CUST-12595,15000,40000,690,4446,48,0,0
CUST-12596,29633,90000,635,6486,40,1,0
CUST-12597,44606,100000,624,4320,48,0,0
CUST-12598,73133,145000,650,10432,46,0,0
CUST-12599,31383,95000,732,2063,40,0,0
CUST-12600,15704,35000,743,2765,57,0,1
CUST-12601,54712,95000,749,7626,52,0,0
CUST-12602,29211,45000,613,5367,56,3,0
CUST-12603,22140,65000,709,5604,41,0,0
CUST-12604,29372,70000,643,8997,46,0,0
CUST-12605,36597,125000,736,9583,53,3,0
CUST-12606,29662,70000,741,8525,39,0,0
CUST-12607,15000,40000,633,5294,47,0,0
CUST-12608,62851,160000,772,22364,42,0,0
CUST-12609,75920,235000,862,26667,47,0,0
CUST-12610,55590,135000,764,5759,48,0,1
CUST-12611,22723,90000,699,3132,39,1,0
CUST-12612,36288,140000,689,8194,38,1,0
CUST-12613,40004,145000,696,7023,55,0,0
CUST-12614,54143,205000,660,5202,72,1,0
CUST-12615,56059,145000,726,8448,49,0,0
CUST-12616,27803,80000,635,10882,58,0,0
CUST-12617,41814,140000,587,7167,45,0,0
CUST-12618,50445,165000,724,9918,52,0,0
CUST-12619,83109,310000,711,4341,47,2,0
CUST-12620,57082,190000,672,17227,53,2,1
CUST-12621,59547,240000,626,11596,54,0,0
CUST-12622,41852,100000,728,3603,44,0,0
CUST-12623,81245,290000,645,31603,50,0,0
CUST-12624,49260,160000,700,15866,48,0,0
CUST-12625,26093,85000,824,7936,36,0,0
CUST-12626,80957,185000,752,31189,52,0,0
CUST-12627,56894,195000,621,10958,46,0,0
CUST-12628,32159,120000,627,9695,54,0,0
CUST-12629,31579,65000,719,3858,53,0,0
CUST-12630,46550,145000,620,13685,44,0,1
CUST-12631,50594,125000,579,2779,49,1,0
CUST-12632,44295,175000,744,4172,46,0,0
CUST-12633,46894,125000,730,9324,52,0,0
CUST-12634,93899,195000,739,5092,38,0,0
CUST-12635,68581,170000,727,14517,49,0,0
CUST-12636,44148,140000,705,10285,41,0,0
CUST-12637,64257,110000,666,17192,36,0,0
CUST-12638,23950,70000,743,2038,44,0,0
CUST-12639,48970,185000,809,5550,58,0,0
CUST-12640,99176,360000,677,26246,51,2,1
CUST-12641,35989,60000,643,10090,39,0,0
CUST-12642,26270,105000,636,1551,49,0,0
CUST-12643,28968,95000,653,6927,46,2,0
CUST-12644,23276,45000,723,7558,32,0,0
CUST-12645,27108,40000,570,2011,51,2,0
CUST-12646,33347,65000,738,6489,45,0,0
CUST-12647,19874,70000,751,3264,37,1,0
CUST-12648,40449,65000,593,14957,49,0,0
CUST-12649,63015,130000,646,7248,35,0,0
CUST-12650,25492,85000,715,4115,46,0,1
CUST-12651,85788,255000,700,31265,50,0,0
CUST-12652,51812,180000,743,8586,56,0,0
CUST-12653,67190,225000,700,15854,44,1,0
CUST-12654,28885,45000,792,1778,47,0,0
CUST-12655,61528,230000,689,24286,29,0,0
CUST-12656,23249,50000,646,7875,60,0,0
CUST-12657,62637,180000,640,17039,46,0,0
CUST-12658,43735,135000,757,3116,51,2,0
CUST-12659,52924,100000,711,4033,52,2,0
CUST-12660,22296,90000,751,5367,49,0,1
CUST-12661,25654,70000,749,3842,34,0,0
CUST-12662,54101,90000,578,14497,52,0,0
CUST-12663,24979,95000,635,6478,41,0,0
CUST-12664,50594,150000,643,17380,53,0,0
CUST-12665,20260,65000,656,3008,48,1,0
CUST-12666,61333,175000,682,15471,44,0,0
CUST-12667,21671,80000,774,6979,39,0,0
CUST-12668,52899,85000,787,11731,39,0,0
CUST-12669,54875,120000,690,18697,40,0,0
CUST-12670,28328,75000,693,2717,53,0,1
CUST-12671,53691,90000,664,16475,58,3,0
CUST-12672,45716,150000,715,17374,34,0,0
CUST-12673,30655,75000,723,5093,53,3,0
CUST-12674,24239,55000,762,4319,39,0,0
CUST-12675,15043,25000,761,1192,46,1,0
CUST-12676,47802,160000,560,13122,42,0,0
CUST-12677,18353,65000,700,4466,48,1,0
CUST-12678,42094,105000,799,2699,50,0,0
CUST-12679,35181,100000,681,11021,42,0,0
CUST-12680,56363,115000,784,19177,31,0,1
CUST-12681,34509,105000,690,12681,52,3,0
CUST-12682,34039,50000,721,8203,45,0,0
CUST-12683,57868,155000,636,12059,50,0,0
CUST-12684,47454,150000,638,16924,32,0,0
CUST-12685,47008,180000,757,8910,36,0,0
CUST-12686,50748,125000,767,14179,56,0,0
CUST-12687,18624,65000,711,4942,45,0,0
CUST-12688,58594,175000,630,10561,48,0,0
CUST-12689,54515,210000,712,4383,45,1,0
CUST-12690,24140,60000,791,1387,37,0,1
CUST-12691,35523,80000,823,7100,33,0,0
CUST-12692,39353,145000,689,8595,49,0,0
CUST-12693,37524,60000,602,12680,46,0,0
CUST-12694,47426,85000,764,9250,36,2,0
CUST-12695,82099,140000,692,12183,54,0,0
CUST-12696,68932,250000,771,14595,55,1,0
CUST-12697,20824,30000,728,2775,48,0,0
CUST-12698,54777,200000,652,4490,43,4,0
CUST-12699,78000,205000,713,6986,48,0,0
CUST-12700,48698,75000,795,7874,48,0,1
CUST-12701,69250,175000,700,3769,41,0,0
CUST-12702,109769,215000,642,13948,39,0,0
CUST-12703,66960,205000,606,21804,42,0,0
CUST-12704,45463,145000,659,6006,38,0,0
CUST-12705,67679,185000,683,6006,44,0,0
CUST-12706,43150,70000,763,16490,45,0,0
CUST-12707,40617,130000,637,10879,43,0,0
CUST-12708,33667,120000,810,2390,48,2,0
CUST-12709,87702,290000,623,6295,44,0,0
CUST-12710,26656,95000,861,7043,41,0,1
CUST-12711,86351,175000,822,20641,45,0,0
CUST-12712,51530,190000,719,3809,57,0,0
CUST-12713,19937,45000,602,2562,46,0,0
CUST-12714,48234,75000,706,18095,56,0,0
CUST-12715,15000,55000,684,3753,53,0,0
CUST-12716,54871,210000,627,11199,47,0,0
CUST-12717,62480,195000,728,8594,43,0,0
CUST-12718,29846,60000,656,2888,46,0,0
CUST-12719,42692,90000,663,8150,50,0,0
CUST-12720,106625,285000,696,39752,47,0,1
CUST-12721,31167,115000,672,2089,61,0,0
CUST-12722,23636,45000,845,9379,46,0,0
CUST-12723,84190,300000,675,10333,41,0,0
CUST-12724,107075,240000,738,20672,50,0,0
CUST-12725,40209,140000,719,2644,43,0,0
CUST-12726,66551,255000,732,16948,39,0,0
CUST-12727,78490,200000,737,17208,46,0,0
CUST-12728,27688,65000,767,7845,48,0,0
CUST-12729,31487,110000,727,7554,39,1,0
CUST-12730,74268,210000,724,14063,28,0,1
CUST-12731,93200,300000,713,28725,52,0,0
CUST-12732,53180,165000,701,3124,29,0,0
CUST-12733,25850,50000,650,6187,43,0,0
CUST-12734,108394,390000,706,9739,38,0,0
CUST-12735,30776,60000,725,6235,58,0,0
CUST-12736,33942,130000,736,11095,51,0,0
CUST-12737,47627,100000,721,4756,41,1,0
CUST-12738,87297,290000,694,32957,41,1,0
CUST-12739,61512,135000,706,22204,48,0,0
CUST-12740,49386,115000,674,9640,43,1,1
CUST-12741,50596,115000,730,2635,51,0,0
CUST-12742,41017,140000,695,13388,49,0,0
CUST-12743,53054,155000,721,19009,49,0,0
CUST-12744,15000,55000,775,1667,51,0,0
CUST-12745,34603,80000,663,12826,54,0,0
CUST-12746,45281,145000,748,16750,51,1,0
CUST-12747,22572,75000,712,4851,34,0,0
CUST-12748,48686,90000,841,16032,31,0,0
CUST-12749,36234,90000,695,7454,49,0,0
CUST-12750,96542,260000,755,23886,51,0,1
CUST-12751,88124,210000,710,14271,25,1,0
CUST-12752,31796,75000,619,3364,55,0,0
CUST-12753,37219,120000,676,11585,48,0,0
CUST-12754,38677,80000,767,1952,44,0,0
CUST-12755,32021,105000,681,8096,41,1,0
CUST-12756,44245,170000,565,15602,45,0,0
CUST-12757,27470,80000,707,3500,49,0,0
CUST-12758,22804,70000,638,3797,37,0,0
CUST-12759,54795,90000,718,14006,36,0,0
CUST-12760,54982,200000,810,7499,41,0,1
CUST-12761,26845,60000,760,9305,31,1,0
CUST-12762,62797,190000,809,11197,41,0,0
CUST-12763,29266,115000,673,7420,43,0,0
CUST-12764,45550,135000,700,5882,39,0,0
CUST-12765,60486,200000,642,3900,51,1,0
CUST-12766,39465,105000,665,4372,39,0,0
CUST-12767,50381,85000,649,3333,40,0,0
CUST-12768,31001,110000,625,6634,35,0,0
CUST-12769,36379,60000,798,9288,44,0,0
CUST-12770,36209,120000,574,2376,40,0,1
CUST-12771,27631,45000,799,2256,51,0,0
CUST-12772,36739,135000,790,8080,40,0,0
CUST-12773,18503,35000,742,6100,49,1,0
CUST-12774,31395,85000,637,8470,43,0,0
CUST-12775,34806,105000,607,3015,45,0,0
CUST-12776,35309,95000,674,12733,52,0,0
CUST-12777,35569,85000,750,13199,46,0,0
CUST-12778,38914,105000,710,6371,36,0,0
CUST-12779,51007,115000,642,13547,41,0,0
CUST-12780,62147,160000,784,13816,42,0,1
CUST-12781,29001,70000,819,11011,50,0,0
CUST-12782,21991,65000,695,5015,49,1,0
CUST-12783,23836,50000,717,9200,36,0,0
CUST-12784,31457,125000,611,3767,38,0,0
CUST-12785,33659,95000,683,5753,39,0,0
CUST-12786,27309,55000,743,8833,40,0,0
CUST-12787,20992,55000,733,6806,36,0,0
CUST-12788,31950,115000,677,9785,43,0,0
CUST-12789,43945,70000,692,15418,45,2,0
CUST-12790,54041,175000,680,15990,49,0,1
CUST-12791,30372,85000,691,8280,33,0,0
CUST-12792,32646,65000,737,6876,43,0,0
CUST-12793,25251,90000,582,5390,53,0,0
CUST-12794,39508,95000,705,7591,35,0,0
CUST-12795,26259,60000,732,7013,44,0,0
CUST-12796,53453,190000,672,10280,36,1,0
CUST-12797,16433,50000,678,1669,38,1,0
CUST-12798,33529,125000,680,2926,43,1,0
CUST-12799,46655,145000,678,17428,42,0,0
CUST-12800,43998,145000,710,2580,44,0,1
CUST-12801,154278,500000,718,13408,46,0,0
CUST-12802,47805,80000,573,9840,52,0,0
CUST-12803,24293,85000,752,3450,55,1,0
CUST-12804,38264,115000,691,7348,35,0,0
CUST-12805,16512,30000,835,1504,38,1,0
CUST-12806,38549,105000,632,3693,39,1,0
CUST-12807,26462,45000,653,8738,46,0,0
CUST-12808,63430,210000,696,20024,51,0,0
CUST-12809,30492,85000,736,2637,53,2,0
CUST-12810,37858,145000,583,10741,44,0,1
CUST-12811,29208,55000,656,7689,55,0,0
CUST-12812,95743,290000,748,28691,50,2,0
CUST-12813,34179,70000,648,7384,52,2,0
CUST-12814,100335,305000,799,14497,44,0,0
CUST-12815,60299,200000,680,17021,42,0,0
CUST-12816,51074,170000,651,9192,56,0,0
CUST-12817,48260,170000,749,6111,55,0,0
CUST-12818,48869,180000,814,9432,54,0,0
CUST-12819,15308,25000,737,4854,52,0,0
CUST-12820,34911,80000,791,7559,65,0,1
CUST-12821,61241,195000,818,9489,49,0,0
CUST-12822,39165,110000,650,13361,42,0,0
CUST-12823,19878,40000,770,7127,53,1,0
CUST-12824,39096,115000,610,7883,43,0,0
CUST-12825,94094,235000,737,17044,25,1,0
CUST-12826,74865,185000,705,19797,44,1,0
CUST-12827,38909,135000,790,2734,49,0,0
CUST-12828,64584,165000,786,18856,39,0,0
CUST-12829,33414,50000,747,10819,43,3,0
CUST-12830,17121,30000,729,3237,41,1,1
CUST-12831,25279,90000,743,2808,46,1,0
CUST-12832,87679,340000,714,5268,47,0,0
CUST-12833,34996,115000,706,9555,45,0,0
CUST-12834,35536,85000,803,5122,46,1,0
CUST-12835,34547,135000,811,7336,40,1,0
CUST-12836,103991,330000,700,19261,31,0,0
CUST-12837,90488,325000,725,10063,43,0,0
CUST-12838,121709,415000,715,27741,50,0,0
CUST-12839,37066,90000,605,7815,49,0,0
CUST-12840,46528,125000,688,12490,40,0,1
CUST-12841,18801,35000,813,2597,40,0,0
CUST-12842,83991,185000,661,10509,52,0,0
CUST-12843,22384,75000,847,7499,41,0,0
CUST-12844,44729,165000,786,13229,52,1,0
CUST-12845,23187,75000,736,7426,48,0,0
CUST-12846,29898,80000,746,2785,46,1,0
CUST-12847,26406,45000,650,3390,39,0,0
CUST-12848,29615,50000,692,7446,40,1,0
CUST-12849,30651,75000,803,10728,32,1,0
CUST-12850,30511,80000,670,11052,37,1,1
CUST-12851,60880,185000,778,20770,58,1,0
CUST-12852,23099,35000,620,1505,43,0,0
CUST-12853,44813,180000,632,15115,46,3,0
CUST-12854,73790,180000,833,26909,59,0,0
CUST-12855,31051,110000,709,2169,42,2,0
CUST-12856,28030,80000,674,5485,46,0,0
CUST-12857,35765,65000,798,8505,39,0,0
CUST-12858,72392,255000,790,9516,33,1,0
CUST-12859,44225,145000,769,10208,39,1,0
CUST-12860,30772,85000,672,11080,45,0,1
CUST-12861,51120,140000,691,18067,47,1,0
CUST-12862,23129,40000,730,8764,48,0,0
CUST-12863,56425,175000,755,12381,39,0,0
CUST-12864,49232,185000,676,9536,43,1,0
CUST-12865,34409,60000,721,9738,36,0,0
CUST-12866,26389,55000,727,5168,42,0,0
CUST-12867,25762,95000,793,1666,50,2,0
CUST-12868,52439,115000,759,15835,50,0,0
CUST-12869,74197,235000,612,11006,41,0,0
CUST-12870,29183,85000,696,1960,40,0,1
CUST-12871,50472,150000,649,2887,45,0,0
CUST-12872,15000,40000,746,5639,47,1,0
CUST-12873,29962,65000,770,4141,50,0,0
CUST-12874,39516,65000,716,8170,43,0,0
CUST-12875,25467,85000,692,9746,49,0,0
CUST-12876,25128,85000,714,5368,39,0,0
CUST-12877,28741,90000,723,2227,47,0,0
CUST-12878,46448,145000,668,11295,41,0,0
CUST-12879,36546,75000,630,2955,49,0,0
CUST-12880,15000,25000,576,1249,44,3,1
CUST-12881,15000,55000,792,5220,53,0,0
CUST-12882,29630,80000,742,4482,42,0,0
CUST-12883,50455,115000,733,14507,56,0,0
CUST-12884,15000,25000,792,3421,37,1,0
CUST-12885,31261,50000,628,3995,41,0,0
CUST-12886,30849,75000,597,7133,43,3,0
CUST-12887,80351,280000,734,5957,51,3,0
CUST-12888,33106,125000,729,5678,50,0,0
CUST-12889,48605,180000,597,11324,49,0,0
CUST-12890,43072,165000,733,5596,46,0,1
CUST-12891,15000,55000,683,4215,40,0,0
CUST-12892,58929,165000,657,4015,54,0,0
CUST-12893,44698,90000,688,9819,54,1,0
CUST-12894,51747,180000,551,15536,36,0,0
CUST-12895,250000,500000,671,50120,53,3,0
CUST-12896,15000,35000,664,5341,37,2,0
CUST-12897,95068,200000,746,25788,49,0,0
CUST-12898,34761,95000,699,13399,29,0,0
CUST-12899,46335,105000,751,6924,42,0,0
CUST-12900,39231,75000,544,14851,42,0,1
CUST-12901,32463,85000,655,8517,45,0,0
CUST-12902,30184,110000,746,9381,40,0,0
CUST-12903,47323,140000,689,17308,39,0,0
CUST-12904,18796,70000,764,4565,40,0,0
CUST-12905,58412,115000,592,20547,47,0,0
CUST-12906,32594,60000,757,7809,40,0,0
CUST-12907,22810,65000,668,5924,47,0,0
CUST-12908,32048,85000,662,6594,38,0,0
CUST-12909,75250,235000,774,7598,30,0,0
CUST-12910,30709,105000,785,7484,38,1,1
CUST-12911,48012,160000,777,18825,37,0,0
CUST-12912,27848,105000,842,9064,43,0,0
CUST-12913,58627,145000,792,18269,52,0,0
CUST-12914,56542,115000,658,15557,40,0,0
CUST-12915,101144,290000,719,17373,42,0,0
CUST-12916,36761,65000,686,4020,49,0,0
CUST-12917,56068,125000,841,7209,53,2,0
CUST-12918,42151,85000,781,2200,38,0,0
CUST-12919,76721,190000,697,21920,38,1,0
CUST-12920,28017,50000,767,9362,42,0,1
CUST-12921,58250,90000,629,8394,38,0,0
CUST-12922,36411,115000,726,2991,41,0,0
CUST-12923,38867,120000,649,6510,49,0,0
CUST-12924,42018,135000,600,6395,50,0,0
CUST-12925,45529,145000,760,9461,42,0,0
CUST-12926,37868,70000,769,5393,49,0,0
CUST-12927,44683,100000,739,7547,47,0,0
CUST-12928,88349,160000,698,32480,45,0,0
CUST-12929,65691,235000,627,10983,42,0,0
CUST-12930,61980,210000,634,20139,41,0,1
CUST-12931,31959,65000,646,8598,43,0,0
CUST-12932,25729,60000,694,4326,38,0,0
CUST-12933,64708,255000,779,21756,43,0,0
CUST-12934,62194,185000,778,16063,54,0,0
CUST-12935,83812,295000,602,4443,43,0,0
CUST-12936,29673,65000,664,2197,37,0,0
CUST-12937,35782,70000,663,11214,43,0,0
CUST-12938,17681,60000,545,3647,50,3,0
CUST-12939,32983,105000,746,6330,48,0,0
CUST-12940,66057,210000,693,6674,47,0,1
CUST-12941,31785,90000,702,3339,44,2,0
CUST-12942,55284,160000,797,18200,41,1,0
CUST-12943,36488,120000,715,12411,49,0,0
CUST-12944,47194,105000,682,11609,24,0,0
CUST-12945,22610,55000,747,3465,46,0,0
CUST-12946,41881,155000,778,15765,29,0,0
CUST-12947,15000,35000,729,4025,53,1,0
CUST-12948,36554,105000,754,12019,33,0,0
CUST-12949,17761,60000,700,908,45,1,0
CUST-12950,73349,295000,704,15228,50,0,1
CUST-12951,59201,155000,717,21006,49,1,0
CUST-12952,50682,130000,661,8533,42,0,0
CUST-12953,85862,310000,673,26127,38,0,0
CUST-12954,24972,90000,799,6996,46,0,0
CUST-12955,96151,320000,840,9930,43,1,0
CUST-12956,63965,170000,813,20546,48,1,0
CUST-12957,35657,80000,623,3187,46,0,0
CUST-12958,70813,215000,617,21581,51,0,0
CUST-12959,23083,85000,632,9160,45,0,0
CUST-12960,26575,100000,718,10239,51,0,1
CUST-12961,29605,50000,527,9772,46,0,0
CUST-12962,30807,80000,671,7303,52,0,0
CUST-12963,23664,65000,801,6772,51,1,0
CUST-12964,73979,290000,773,22551,43,0,0
CUST-12965,35262,115000,676,1866,36,0,0
CUST-12966,47870,120000,681,4108,50,0,0
CUST-12967,30176,45000,746,7814,39,3,0
CUST-12968,16150,45000,770,844,37,0,0
CUST-12969,45937,80000,675,16910,52,1,0
CUST-12970,15426,55000,694,3415,35,0,1
CUST-12971,38780,130000,673,5437,49,0,0
CUST-12972,20248,55000,623,3803,50,0,0
CUST-12973,108405,280000,695,37700,35,0,0
CUST-12974,63302,235000,690,23707,35,2,0
CUST-12975,42314,95000,628,3837,41,0,0
CUST-12976,75497,160000,751,24331,41,0,0
CUST-12977,26287,100000,741,6634,38,0,0
CUST-12978,52666,185000,755,13425,53,2,0
CUST-12979,44351,160000,660,14316,35,0,0
CUST-12980,45798,90000,581,5861,52,0,1
CUST-12981,75824,140000,740,17884,53,0,0
CUST-12982,57886,90000,666,9364,38,2,0
CUST-12983,46367,95000,652,3852,35,0,0
CUST-12984,17545,60000,628,1522,38,0,0
CUST-12985,24834,50000,692,2427,38,0,0
CUST-12986,37746,125000,812,10010,55,1,0
CUST-12987,42053,90000,677,3660,46,4,0
CUST-12988,22808,55000,639,5691,39,0,0
CUST-12989,134032,500000,752,34299,51,0,0
CUST-12990,85664,180000,721,31384,50,1,1
CUST-12991,54233,130000,572,14601,46,0,0
CUST-12992,41606,95000,753,16432,38,0,0
CUST-12993,36094,65000,848,2196,54,0,0
CUST-12994,24935,70000,540,7392,54,0,0
CUST-12995,41720,100000,629,2472,39,0,0
CUST-12996,45655,150000,524,13937,38,0,0
CUST-12997,21571,75000,705,3991,45,0,0
CUST-12998,47433,135000,774,12520,47,0,0
CUST-12999,37137,60000,716,5880,58,0,0
CUST-13000,15461,45000,800,1634,37,0,1
CUST-13001,26103,45000,763,7915,47,0,0
CUST-13002,32636,100000,820,11964,51,1,0
CUST-13003,103140,330000,785,11784,37,1,0
CUST-13004,53012,105000,683,19733,46,1,0
CUST-13005,20583,75000,714,2039,35,0,0
CUST-13006,51175,195000,653,15735,44,0,0
CUST-13007,18515,65000,695,7143,46,2,0
CUST-13008,68964,155000,714,7005,42,0,0
CUST-13009,31711,95000,704,6414,48,1,0
CUST-13010,38299,145000,797,6438,44,0,1
CUST-13011,77877,180000,688,14482,41,0,0
CUST-13012,21087,75000,649,6612,47,0,0
CUST-13013,19959,30000,653,5616,34,1,0
CUST-13014,29977,45000,752,11662,42,0,0
CUST-13015,67453,230000,618,7751,50,0,0
CUST-13016,18775,65000,696,4508,50,0,0
CUST-13017,15000,50000,796,3107,41,0,0
CUST-13018,32029,125000,729,11901,36,0,0
CUST-13019,52884,95000,705,2840,31,0,0
CUST-13020,73140,150000,707,28978,47,2,1
CUST-13021,31838,120000,643,6937,48,0,0
CUST-13022,32672,65000,654,8786,41,0,0
CUST-13023,71464,230000,697,12578,39,0,0
CUST-13024,15758,45000,727,5489,35,3,0
CUST-13025,33048,55000,771,8152,47,0,0
CUST-13026,44143,100000,716,12447,52,0,0
CUST-13027,50242,140000,797,13922,64,1,0
CUST-13028,31104,115000,814,5517,46,0,0
CUST-13029,40831,135000,761,3127,38,0,0
CUST-13030,15000,45000,789,4990,48,0,1
CUST-13031,28879,80000,645,4372,41,0,0
CUST-13032,50350,115000,635,17477,50,0,0
CUST-13033,24559,45000,743,6459,47,0,0
CUST-13034,41336,105000,622,7184,48,0,0
CUST-13035,50183,80000,691,12946,53,3,0
CUST-13036,33817,70000,760,9330,56,0,0
CUST-13037,43705,115000,801,12995,33,0,0
CUST-13038,24800,65000,693,8377,45,0,0
CUST-13039,36195,60000,667,3833,49,0,0
CUST-13040,54453,160000,730,20716,49,0,1
CUST-13041,43411,125000,640,8412,34,0,0
CUST-13042,29933,50000,698,10511,44,1,0
CUST-13043,44896,175000,709,5709,56,1,0
CUST-13044,57371,100000,708,3451,43,1,0
CUST-13045,15000,55000,715,3760,47,0,0
CUST-13046,71649,110000,655,11724,39,0,0
CUST-13047,33923,125000,662,13384,44,0,0
CUST-13048,49649,75000,661,4297,47,1,0
CUST-13049,73029,250000,604,4860,44,0,0
CUST-13050,20214,50000,732,1329,41,0,1
CUST-13051,28149,95000,768,3544,44,0,0
CUST-13052,34742,85000,761,8779,45,0,0
CUST-13053,27122,45000,692,6155,46,3,0
CUST-13054,95556,325000,657,16485,42,0,0
CUST-13055,26150,45000,758,2120,53,0,0
CUST-13056,30400,115000,751,4006,42,0,0
CUST-13057,44453,70000,724,5087,47,0,0
CUST-13058,22002,60000,823,6842,50,4,0
CUST-13059,32930,110000,708,10635,43,0,0
CUST-13060,47038,115000,693,15144,48,0,1
CUST-13061,33981,70000,684,13224,46,0,0
CUST-13062,38303,130000,608,13769,43,0,0
CUST-13063,30801,105000,752,6906,60,0,0
CUST-13064,18821,70000,703,3674,46,0,0
CUST-13065,47136,115000,743,17464,53,0,0
CUST-13066,96516,265000,829,25473,35,0,0
CUST-13067,40505,100000,684,6198,50,0,0
CUST-13068,44919,95000,558,11120,36,0,0
CUST-13069,56747,190000,741,22542,49,0,0
CUST-13070,21275,50000,720,7389,48,0,1
CUST-13071,94019,240000,662,13956,37,0,0
CUST-13072,44407,110000,735,17031,32,0,0
CUST-13073,90755,300000,761,35713,40,0,0
CUST-13074,27819,105000,648,3641,47,0,0
CUST-13075,99611,315000,690,36204,51,0,0
CUST-13076,59134,160000,805,21236,41,0,0
CUST-13077,52919,180000,663,3382,51,0,0
CUST-13078,45116,140000,714,12830,40,1,0
CUST-13079,35444,60000,539,5559,44,0,0
CUST-13080,73149,125000,613,20928,40,0,1
CUST-13081,43052,70000,720,15918,46,0,0
CUST-13082,15009,40000,789,3370,43,0,0
CUST-13083,22957,80000,621,4477,54,0,0
CUST-13084,36573,85000,714,13624,59,0,0
CUST-13085,46863,115000,685,18320,44,0,0
CUST-13086,39015,145000,771,2800,51,0,0
CUST-13087,73827,265000,630,27537,54,0,0
CUST-13088,15130,50000,737,1194,41,0,0
CUST-13089,43122,95000,667,7246,50,0,0
CUST-13090,16171,30000,724,5124,32,0,1
CUST-13091,58680,90000,714,18892,37,0,0
CUST-13092,38283,70000,693,11639,34,0,0
CUST-13093,49503,110000,741,3152,46,0,0
CUST-13094,26057,75000,712,2515,40,0,0
CUST-13095,76094,125000,701,28738,49,0,0
CUST-13096,67566,125000,686,5304,54,0,0
CUST-13097,53732,105000,715,4163,47,0,0
CUST-13098,37618,115000,724,12883,50,0,0
CUST-13099,53633,165000,645,14719,40,0,0
CUST-13100,28185,80000,687,4878,50,1,1
CUST-13101,61560,130000,641,6648,49,0,0
CUST-13102,91559,220000,707,32911,51,0,0
CUST-13103,68549,120000,671,27144,46,0,0
CUST-13104,27867,60000,760,1880,53,0,0
CUST-13105,48084,180000,753,11729,56,0,0
CUST-13106,21024,85000,650,2973,31,0,0
CUST-13107,53433,165000,709,18238,47,0,0
CUST-13108,50276,190000,751,8603,44,0,0
CUST-13109,15757,50000,698,4728,40,0,0
CUST-13110,22451,35000,662,5362,33,1,1
CUST-13111,34836,140000,638,8344,42,3,0
CUST-13112,34529,60000,765,12095,44,0,0
CUST-13113,21922,70000,768,4705,35,0,0
CUST-13114,48751,105000,696,16865,38,0,0
CUST-13115,45512,115000,759,8064,40,0,0
CUST-13116,36419,115000,517,4048,45,0,0
CUST-13117,27504,70000,796,5759,55,0,0
CUST-13118,67802,145000,699,15216,40,0,0
CUST-13119,91830,215000,719,19966,51,1,0
CUST-13120,31515,75000,689,10491,53,0,1
CUST-13121,29552,115000,800,7318,50,1,0
CUST-13122,51308,180000,641,18519,45,1,0
CUST-13123,33556,90000,805,7716,57,1,0
CUST-13124,37432,75000,735,4815,25,0,0
CUST-13125,58094,205000,750,5537,58,1,0
CUST-13126,15449,30000,688,5467,42,0,0
CUST-13127,77586,155000,624,5404,40,0,0
CUST-13128,41620,100000,770,3794,51,0,0
CUST-13129,32671,120000,730,2361,50,3,0
CUST-13130,38383,70000,798,7611,45,1,1
CUST-13131,39387,70000,697,9311,54,0,0
CUST-13132,16888,45000,682,961,42,0,0
CUST-13133,84750,185000,800,19531,57,0,0
CUST-13134,40972,120000,834,7695,50,0,0
CUST-13135,50086,130000,710,16066,39,2,0
CUST-13136,64587,165000,661,21990,36,0,0
CUST-13137,24086,45000,762,6978,46,0,0
CUST-13138,50855,95000,693,10970,45,0,0
CUST-13139,35107,125000,748,4411,42,1,0
CUST-13140,61290,230000,693,21236,47,2,1
CUST-13141,15000,30000,811,2543,42,0,0
CUST-13142,38194,70000,664,6672,46,0,0
CUST-13143,29690,50000,741,11003,41,2,0
CUST-13144,49817,150000,678,19501,44,0,0
CUST-13145,50768,165000,691,18497,54,0,0
CUST-13146,28174,70000,683,11252,39,0,0
CUST-13147,28110,90000,758,9954,50,0,0
CUST-13148,37974,125000,769,11260,44,0,0
CUST-13149,25634,100000,746,3917,33,0,0
CUST-13150,61144,100000,702,23450,45,3,1
CUST-13151,33369,65000,719,11906,50,0,0
CUST-13152,15000,25000,768,2013,34,0,0
CUST-13153,33275,120000,770,7360,47,0,0
CUST-13154,23878,85000,535,1779,40,0,0
CUST-13155,17753,50000,692,6811,52,0,0
CUST-13156,21618,35000,695,5414,46,0,0
CUST-13157,42391,95000,753,5757,47,0,0
CUST-13158,77988,175000,705,11880,41,0,0
CUST-13159,46938,135000,756,18457,45,0,0
CUST-13160,29636,65000,639,7867,43,0,1
CUST-13161,50410,85000,726,9942,41,0,0
CUST-13162,31902,105000,768,7176,43,0,0
CUST-13163,28359,65000,614,2396,49,0,0
CUST-13164,22534,60000,873,1718,42,0,0
CUST-13165,16715,30000,787,4303,37,0,0
CUST-13166,33025,115000,710,7569,57,0,0
CUST-13167,43435,125000,656,7631,46,0,0
CUST-13168,38241,145000,698,9489,41,0,0
CUST-13169,32598,90000,715,2459,50,0,0
CUST-13170,25012,95000,738,9514,51,0,1
CUST-13171,54400,205000,807,8312,50,0,0
CUST-13172,20773,60000,679,1560,42,0,0
CUST-13173,59160,225000,746,6467,39,0,0
CUST-13174,24316,55000,625,2028,32,0,0
CUST-13175,27550,65000,683,3099,35,0,0
CUST-13176,19275,30000,734,3775,58,0,0
CUST-13177,31235,95000,754,9630,39,0,0
CUST-13178,65359,215000,661,9498,48,0,0
CUST-13179,51938,180000,681,10521,42,1,0
CUST-13180,65461,125000,804,24552,50,0,1
CUST-13181,52107,135000,785,8000,46,0,0
CUST-13182,23113,45000,723,7584,45,0,0
CUST-13183,34016,105000,564,3579,50,0,0
CUST-13184,27170,50000,873,3054,48,2,0
CUST-13185,78064,295000,708,16366,32,0,0
CUST-13186,22061,45000,689,2910,51,1,0
CUST-13187,62745,140000,676,22968,42,0,0
CUST-13188,62722,230000,734,4250,48,0,0
CUST-13189,100188,265000,735,25953,54,0,0
CUST-13190,32700,50000,771,8550,35,0,1
CUST-13191,57306,155000,649,4189,44,2,0
CUST-13192,125596,215000,689,38482,46,0,0
CUST-13193,29471,115000,841,6310,40,2,0
CUST-13194,18629,55000,724,5645,47,0,0
CUST-13195,15677,35000,698,5321,46,0,0
CUST-13196,57317,165000,648,9343,44,0,0
CUST-13197,15653,25000,742,3436,46,0,0
CUST-13198,33317,115000,777,4706,43,0,0
CUST-13199,49943,190000,766,6019,49,0,0
CUST-13200,44028,160000,693,2210,60,0,1
CUST-13201,49648,115000,733,19227,39,0,0
CUST-13202,44852,105000,818,9164,50,0,0
CUST-13203,76071,120000,779,4151,31,0,0
CUST-13204,24930,80000,659,1324,46,0,0
CUST-13205,28609,80000,544,4317,52,0,0
CUST-13206,27273,70000,729,1496,49,0,0
CUST-13207,60784,230000,761,11006,47,0,0
CUST-13208,62956,120000,639,4534,36,0,0
CUST-13209,50292,75000,709,3205,51,0,0
CUST-13210,72529,120000,692,20618,45,0,1
CUST-13211,22269,45000,716,8181,39,0,0
CUST-13212,92375,145000,674,17854,39,0,0
CUST-13213,85958,235000,793,29472,43,0,0
CUST-13214,57977,130000,719,3492,34,2,0
CUST-13215,97821,190000,652,31517,45,0,0
CUST-13216,17530,60000,769,1261,51,0,0
CUST-13217,30877,60000,627,10604,46,1,0
CUST-13218,27787,90000,793,9970,49,0,0
CUST-13219,57569,135000,774,18715,50,0,0
CUST-13220,23740,65000,800,8006,56,0,1
CUST-13221,58615,225000,699,14449,55,1,0
CUST-13222,79639,125000,677,11365,29,0,0
CUST-13223,56817,155000,715,15632,41,0,0
CUST-13224,46252,170000,704,9427,39,0,0
CUST-13225,24491,75000,667,1270,40,0,0
CUST-13226,26280,60000,674,5699,46,0,0
CUST-13227,74967,185000,686,20834,43,0,0
CUST-13228,59259,190000,633,3250,39,0,0
CUST-13229,39359,145000,754,10527,48,0,0
CUST-13230,32566,50000,706,9065,56,0,1
CUST-13231,15000,25000,689,1580,43,0,0
CUST-13232,23495,55000,637,4719,46,0,0
CUST-13233,104371,215000,634,40445,53,0,0
CUST-13234,21157,45000,835,7605,49,0,0
CUST-13235,44123,90000,669,8550,44,1,0
CUST-13236,66417,130000,749,11453,34,0,0
CUST-13237,21429,40000,720,2002,40,0,0
CUST-13238,44018,170000,529,2743,43,0,0
CUST-13239,64148,120000,826,9885,54,1,0
CUST-13240,40386,80000,754,15310,35,0,1
CUST-13241,168417,355000,660,64927,45,1,0
CUST-13242,17425,65000,708,5826,49,0,0
CUST-13243,68143,230000,635,11774,55,1,0
CUST-13244,36812,130000,828,3691,51,0,0
CUST-13245,59039,105000,651,15257,49,0,0
CUST-13246,50043,180000,675,13825,50,0,0
CUST-13247,27817,70000,662,5524,34,2,0
CUST-13248,45003,95000,715,13144,44,0,0
CUST-13249,15851,45000,799,4935,48,0,0
CUST-13250,54264,195000,826,17585,49,0,1
CUST-13251,46587,160000,684,10519,46,2,0
CUST-13252,55233,205000,734,18065,37,0,0
CUST-13253,68122,260000,715,4013,50,0,0
CUST-13254,48233,100000,646,13897,50,0,0
CUST-13255,43219,110000,867,5725,40,0,0
CUST-13256,25834,40000,798,3737,33,0,0
CUST-13257,28110,105000,722,2303,47,1,0
CUST-13258,72646,135000,812,8524,46,0,0
CUST-13259,82303,300000,788,32690,51,0,0
CUST-13260,35630,85000,715,6961,41,0,1
CUST-13261,41068,100000,731,15388,38,1,0
CUST-13262,25532,40000,808,2732,35,0,0
CUST-13263,72141,165000,648,8759,54,0,0
CUST-13264,55977,210000,818,13727,49,0,0
CUST-13265,105937,165000,695,18256,57,2,0
CUST-13266,25869,65000,809,7123,35,0,0
CUST-13267,33222,50000,709,6568,56,1,0
CUST-13268,45058,110000,731,15052,41,0,0
CUST-13269,55450,105000,707,11147,43,0,0
CUST-13270,36032,75000,675,9019,34,0,1
CUST-13271,25939,95000,692,4211,47,0,0
CUST-13272,62361,160000,799,18484,55,0,0
CUST-13273,57559,125000,559,16067,45,2,0
CUST-13274,25383,75000,629,4796,45,0,0
CUST-13275,79040,145000,662,11588,42,0,0
CUST-13276,72048,155000,639,19088,43,1,0
CUST-13277,42922,125000,808,16314,44,0,0
CUST-13278,41764,85000,791,4027,52,0,0
CUST-13279,52946,170000,748,17455,39,0,0
CUST-13280,26085,70000,668,6261,58,0,1
CUST-13281,40742,140000,796,9531,33,0,0
CUST-13282,15000,60000,606,5798,50,0,0
CUST-13283,62207,110000,849,16301,51,0,0
CUST-13284,18384,45000,665,6263,31,0,0
CUST-13285,85110,195000,692,19581,48,3,0
CUST-13286,34028,65000,682,4677,38,0,0
CUST-13287,36104,125000,640,10581,45,0,0
CUST-13288,29323,100000,835,10940,53,0,0
CUST-13289,34751,95000,761,11969,47,1,0
CUST-13290,81573,230000,789,9742,47,0,1
CUST-13291,15000,25000,630,2413,41,3,0
CUST-13292,75999,220000,721,17548,39,0,0
CUST-13293,47525,165000,743,11884,39,3,0
CUST-13294,21949,65000,727,2586,43,1,0
CUST-13295,23443,50000,634,3059,54,1,0
CUST-13296,92799,295000,779,29286,46,1,0
CUST-13297,25015,60000,717,7644,47,1,0
CUST-13298,22546,65000,647,7749,54,1,0
CUST-13299,70873,195000,589,26685,45,1,0
CUST-13300,47537,115000,749,7505,44,0,1
CUST-13301,25110,85000,869,8810,41,2,0
CUST-13302,44726,165000,644,12662,48,0,0
CUST-13303,24031,35000,721,9257,50,0,0
CUST-13304,69592,265000,782,10106,52,0,0
CUST-13305,68233,190000,627,9851,48,1,0
CUST-13306,52365,170000,678,15526,40,0,0
CUST-13307,48090,175000,654,18031,42,0,0
CUST-13308,96818,260000,774,32782,46,0,0
CUST-13309,40128,145000,796,12217,45,0,0
CUST-13310,22226,45000,720,4124,43,0,1
CUST-13311,50248,95000,655,15135,42,1,0
CUST-13312,113894,360000,681,37628,41,1,0
CUST-13313,24164,90000,669,7579,36,1,0
CUST-13314,33498,125000,646,9610,63,0,0
CUST-13315,49425,155000,703,3286,58,0,0
CUST-13316,39067,110000,747,10973,51,0,0
CUST-13317,24559,55000,741,5339,38,0,0
CUST-13318,70328,280000,709,27185,44,0,0
CUST-13319,128030,295000,713,33609,67,0,0
CUST-13320,44270,150000,704,11637,38,1,1
CUST-13321,25539,70000,625,10162,55,0,0
CUST-13322,18499,55000,720,1530,44,0,0
CUST-13323,45660,115000,672,6698,39,0,0
CUST-13324,69698,275000,622,19489,46,0,0
CUST-13325,50898,150000,734,8160,44,0,0
CUST-13326,40086,155000,670,6860,43,2,0
CUST-13327,29892,45000,724,10833,54,0,0
CUST-13328,23246,70000,765,5875,47,0,0
CUST-13329,60923,200000,648,5239,55,0,0
CUST-13330,63378,215000,715,10064,45,1,1
CUST-13331,18529,70000,592,1419,42,0,0
CUST-13332,88869,135000,809,21741,49,2,0
CUST-13333,53478,80000,621,5917,52,1,0
CUST-13334,80805,215000,676,28280,50,1,0
CUST-13335,20515,30000,796,5171,53,0,0
CUST-13336,20273,80000,694,1434,45,1,0
CUST-13337,37254,75000,632,5785,53,0,0
CUST-13338,51605,140000,756,13712,47,0,0
CUST-13339,98536,165000,754,16497,47,1,0
CUST-13340,57127,160000,668,13117,38,0,1
CUST-13341,35548,85000,675,13091,47,0,0
CUST-13342,24024,40000,681,4144,42,0,0
CUST-13343,74235,175000,696,12438,46,0,0
CUST-13344,24776,60000,586,8347,41,2,0
CUST-13345,90602,360000,698,14638,52,2,0
CUST-13346,34815,70000,825,2690,36,1,0
CUST-13347,88902,255000,651,10075,42,0,0
CUST-13348,56357,225000,672,21532,49,0,0
CUST-13349,37477,130000,633,14115,37,0,0
CUST-13350,30955,125000,749,3983,51,0,1
CUST-13351,33844,135000,788,8248,50,0,0
CUST-13352,49719,135000,786,4876,63,0,0
CUST-13353,41713,135000,628,11935,39,0,0
CUST-13354,29824,55000,742,3425,33,0,0
CUST-13355,36944,95000,803,2491,45,0,0
CUST-13356,41743,145000,743,14138,44,0,0
CUST-13357,15000,40000,741,2458,45,0,0
CUST-13358,50467,165000,679,4440,37,0,0
CUST-13359,24591,85000,724,8406,48,1,0
CUST-13360,22546,50000,790,7143,42,0,1
CUST-13361,17263,65000,731,4994,46,0,0
CUST-13362,16367,45000,628,6038,51,0,0
CUST-13363,20379,40000,680,4508,46,0,0
CUST-13364,28155,105000,788,2669,38,0,0
CUST-13365,106577,270000,731,7617,55,0,0
CUST-13366,30855,105000,717,4981,45,0,0
CUST-13367,43865,125000,673,3526,43,0,0
CUST-13368,49032,120000,787,11641,44,0,0
CUST-13369,42853,150000,818,2360,56,0,0
CUST-13370,38610,115000,792,7927,44,0,1
CUST-13371,22078,55000,803,2482,44,0,0
CUST-13372,82906,145000,686,14831,43,0,0
CUST-13373,99071,370000,677,28360,42,0,0
CUST-13374,17303,25000,699,2990,56,0,0
CUST-13375,24052,90000,712,4076,36,4,0
CUST-13376,34894,85000,803,13844,44,0,0
CUST-13377,24778,75000,785,7472,48,0,0
CUST-13378,51688,195000,745,11880,58,1,0
CUST-13379,27885,50000,616,7048,49,0,0
CUST-13380,118483,345000,600,31642,49,1,1
CUST-13381,72785,250000,725,4265,44,0,0
CUST-13382,44635,150000,767,3485,42,0,0
CUST-13383,67070,190000,704,18592,39,0,0
CUST-13384,69769,215000,834,12388,45,0,0
CUST-13385,30273,105000,639,2101,43,0,0
CUST-13386,26685,95000,631,4112,31,0,0
CUST-13387,41734,140000,666,3989,51,4,0
CUST-13388,61748,145000,664,22890,40,0,0
CUST-13389,43024,170000,744,5206,52,0,0
CUST-13390,18242,45000,682,1829,50,0,1
CUST-13391,26865,40000,609,7230,50,0,0
CUST-13392,38677,95000,767,8998,46,0,0
CUST-13393,38644,70000,595,9721,44,3,0
CUST-13394,107610,195000,640,21799,56,1,0
CUST-13395,20070,45000,604,4285,26,0,0
CUST-13396,51678,85000,723,16670,37,0,0
CUST-13397,84504,270000,722,10729,47,0,0
CUST-13398,124956,210000,834,23589,44,0,0
CUST-13399,32787,65000,769,12630,35,0,0
CUST-13400,51313,90000,803,5977,46,0,1
CUST-13401,53363,90000,728,8154,38,0,0
CUST-13402,44255,95000,646,5179,41,0,0
CUST-13403,38199,110000,718,2183,43,0,0
CUST-13404,49910,195000,748,7209,38,1,0
CUST-13405,15000,55000,755,993,36,0,0
CUST-13406,56445,210000,679,5878,40,0,0
CUST-13407,42748,85000,741,7563,40,1,0
CUST-13408,35909,80000,649,2055,54,1,0
CUST-13409,111684,190000,642,35016,47,1,0
CUST-13410,28639,100000,637,9406,40,0,1
CUST-13411,32809,55000,711,6364,40,0,0
CUST-13412,108638,315000,633,42872,38,0,0
CUST-13413,26475,55000,682,7615,49,1,0
CUST-13414,30483,65000,768,9458,32,0,0
CUST-13415,37290,150000,643,4374,40,2,0
CUST-13416,61106,205000,677,20965,40,0,0
CUST-13417,44529,160000,714,16955,43,0,0
CUST-13418,21029,60000,726,2790,21,0,0
CUST-13419,30758,115000,677,8927,51,0,0
CUST-13420,29623,90000,761,9225,42,1,1
CUST-13421,38614,150000,748,6055,44,0,0
CUST-13422,49658,110000,784,10738,48,0,0
CUST-13423,49469,150000,704,4162,65,0,0
CUST-13424,16514,55000,676,1826,40,0,0
CUST-13425,68320,170000,665,4888,38,0,0
CUST-13426,45537,170000,729,11204,54,0,0
CUST-13427,80198,315000,685,21560,41,0,0
CUST-13428,50116,135000,673,18575,52,0,0
CUST-13429,69609,170000,680,16689,63,4,0
CUST-13430,50679,135000,665,7156,34,0,1
CUST-13431,78677,285000,722,5571,40,0,0
CUST-13432,52110,160000,618,18745,42,0,0
CUST-13433,38217,60000,729,8316,42,1,0
CUST-13434,125018,355000,753,38513,36,0,0
CUST-13435,62599,95000,672,3450,51,0,0
CUST-13436,53469,185000,834,11808,44,0,0
CUST-13437,21201,50000,711,3477,47,0,0
CUST-13438,21075,55000,608,1277,43,0,0
CUST-13439,46460,160000,691,14936,52,0,0
CUST-13440,43163,70000,714,9906,50,0,1
CUST-13441,29523,55000,739,4918,43,0,0
CUST-13442,43066,105000,693,14299,62,1,0
CUST-13443,88815,185000,644,18333,49,0,0
CUST-13444,56823,135000,638,2910,46,0,0
CUST-13445,22685,90000,667,8632,41,1,0
CUST-13446,37958,135000,673,5294,56,0,0
CUST-13447,26836,100000,636,9143,54,2,0
CUST-13448,33062,125000,662,11100,35,0,0
CUST-13449,32636,75000,752,3486,53,4,0
CUST-13450,31608,70000,817,6824,46,0,1
CUST-13451,21427,45000,759,1372,34,0,0
CUST-13452,37653,135000,794,6555,31,0,0
CUST-13453,30324,95000,773,9274,39,0,0
CUST-13454,15000,30000,764,1994,59,0,0
CUST-13455,112025,275000,688,10193,41,0,0
CUST-13456,69174,190000,719,15736,46,0,0
CUST-13457,33251,95000,682,7911,43,1,0
CUST-13458,40514,150000,695,11608,44,1,0
CUST-13459,22340,55000,714,7052,43,0,0
CUST-13460,93700,355000,756,27504,43,0,1
CUST-13461,103636,270000,737,35847,46,0,0
CUST-13462,43405,145000,699,5556,37,0,0
CUST-13463,66954,255000,713,16699,42,0,0
CUST-13464,43811,165000,738,7712,47,1,0
CUST-13465,20570,35000,753,7955,58,1,0
CUST-13466,32665,65000,611,6666,41,0,0
CUST-13467,42871,115000,639,16543,32,0,0
CUST-13468,31975,80000,781,10205,36,3,0
CUST-13469,35978,110000,706,10846,48,2,0
CUST-13470,38341,150000,682,8513,45,0,1
CUST-13471,38544,70000,692,7908,53,0,0
CUST-13472,41197,110000,692,9652,37,0,0
CUST-13473,23616,45000,746,3607,54,0,0
CUST-13474,28042,105000,637,10279,55,0,0
CUST-13475,21114,85000,711,6925,42,0,0
CUST-13476,65441,175000,725,21627,49,4,0
CUST-13477,15000,25000,735,3024,48,0,0
CUST-13478,71453,245000,724,5350,46,0,0
CUST-13479,80271,260000,743,23204,41,0,0
CUST-13480,34506,80000,672,6247,41,1,1
CUST-13481,15000,55000,648,5319,38,0,0
CUST-13482,33501,130000,869,10824,56,0,0
CUST-13483,38867,115000,690,3920,34,0,0
CUST-13484,24214,70000,698,6310,46,1,0
CUST-13485,31020,70000,754,9066,32,0,0
CUST-13486,86257,255000,813,21464,53,0,0
CUST-13487,55963,145000,674,12866,50,0,0
CUST-13488,25278,55000,645,3279,30,0,0
CUST-13489,18055,30000,629,2393,53,0,0
CUST-13490,34080,75000,813,10864,40,1,1
CUST-13491,36071,70000,642,2039,44,1,0
CUST-13492,51436,145000,708,16594,51,0,0
CUST-13493,30709,90000,646,7197,36,0,0
CUST-13494,51831,155000,615,19575,40,0,0
CUST-13495,105617,260000,690,42147,53,0,0
CUST-13496,60339,155000,649,17028,43,0,0
CUST-13497,39181,140000,665,7612,52,3,0
CUST-13498,36622,100000,840,7920,37,0,0
CUST-13499,33579,135000,737,4079,52,0,0
CUST-13500,72425,190000,770,6136,47,0,1
CUST-13501,29329,90000,763,7407,58,1,0
CUST-13502,41052,65000,703,13626,40,3,0
CUST-13503,41175,130000,681,5831,38,0,0
CUST-13504,31229,115000,726,6148,35,0,0
CUST-13505,20206,80000,720,4933,36,0,0
CUST-13506,47168,190000,673,17346,43,0,0
CUST-13507,38929,85000,718,3835,41,0,0
CUST-13508,51540,150000,664,6850,59,0,0
CUST-13509,30736,80000,698,11417,50,0,0
CUST-13510,73895,215000,688,4717,40,0,1
CUST-13511,25890,50000,627,7239,47,0,0
CUST-13512,94468,345000,557,25868,48,1,0
CUST-13513,16750,65000,648,3084,42,0,0
CUST-13514,49880,130000,827,10667,42,0,0
CUST-13515,50904,110000,689,17776,37,0,0
CUST-13516,26963,50000,760,2905,39,0,0
CUST-13517,49622,160000,571,6502,48,3,0
CUST-13518,76096,175000,644,17450,51,0,0
CUST-13519,15000,55000,621,2901,41,0,0
CUST-13520,51604,165000,696,12954,68,0,1
CUST-13521,15000,45000,867,5584,43,0,0
CUST-13522,24764,70000,739,9187,48,0,0
CUST-13523,90633,145000,820,11828,52,0,0
CUST-13524,30004,115000,693,4673,40,1,0
CUST-13525,22316,70000,798,2381,42,0,0
CUST-13526,36352,145000,844,13622,53,1,0
CUST-13527,112865,320000,702,21359,43,1,0
CUST-13528,16061,55000,674,3331,41,1,0
CUST-13529,23726,40000,624,7851,35,0,0
CUST-13530,84856,260000,689,19477,48,0,1
CUST-13531,101605,345000,715,9338,37,1,0
CUST-13532,38111,130000,842,7745,44,0,0
CUST-13533,21600,75000,625,5846,47,0,0
CUST-13534,114453,235000,713,34533,48,0,0
CUST-13535,89073,350000,592,24572,46,0,0
CUST-13536,56357,225000,682,5168,39,0,0
CUST-13537,26736,45000,730,4184,48,2,0
CUST-13538,39162,150000,743,12012,43,0,0
CUST-13539,37042,80000,748,13263,50,1,0
CUST-13540,47354,155000,735,3149,44,0,1
CUST-13541,82909,195000,747,5370,41,0,0
CUST-13542,62299,245000,712,17144,33,1,0
CUST-13543,23419,40000,641,5663,57,0,0
CUST-13544,79877,220000,589,8336,51,0,0
CUST-13545,46937,120000,674,11354,55,0,0
CUST-13546,56586,130000,701,22129,44,2,0
CUST-13547,83555,260000,791,22627,54,0,0
CUST-13548,23022,40000,703,4770,43,0,0
CUST-13549,39422,130000,697,13389,52,0,0
CUST-13550,30769,120000,735,3830,46,1,1
CUST-13551,18325,65000,692,3573,46,0,0
CUST-13552,47731,175000,762,11203,35,0,0
CUST-13553,140896,340000,838,31925,33,0,0
CUST-13554,15993,35000,852,5954,56,1,0
CUST-13555,39492,110000,716,6019,39,0,0
CUST-13556,55285,90000,731,3857,41,0,0
CUST-13557,42682,165000,812,15823,32,0,0
CUST-13558,37927,70000,700,4777,38,0,0
CUST-13559,20960,80000,754,3828,46,0,0
CUST-13560,45088,75000,636,10632,46,0,1
CUST-13561,27491,100000,689,10764,38,1,0
CUST-13562,15000,30000,785,3560,45,0,0
CUST-13563,72932,115000,663,15075,40,0,0
CUST-13564,64808,215000,701,16478,52,0,0
CUST-13565,41185,90000,607,16053,46,0,0
CUST-13566,45005,150000,840,15134,38,1,0
CUST-13567,68676,200000,792,7495,56,2,0
CUST-13568,44898,80000,722,14867,46,0,0
CUST-13569,63070,240000,742,21720,39,0,0
CUST-13570,34587,90000,735,10090,44,0,1
CUST-13571,77341,260000,799,21657,45,1,0
CUST-13572,47117,130000,676,9626,38,0,0
CUST-13573,44224,135000,757,12143,43,0,0
CUST-13574,21268,50000,780,6553,56,0,0
CUST-13575,46326,95000,788,4307,34,0,0
CUST-13576,26476,75000,563,3708,46,0,0
CUST-13577,29168,75000,671,3439,35,0,0
CUST-13578,26697,65000,643,9195,44,0,0
CUST-13579,23550,75000,719,6782,52,0,0
CUST-13580,116120,375000,578,24126,44,0,1
CUST-13581,78094,125000,577,26483,49,0,0
CUST-13582,104839,245000,851,31543,37,0,0
CUST-13583,21775,55000,750,8051,49,2,0
CUST-13584,41590,70000,717,3197,39,0,0
CUST-13585,21020,45000,733,4796,59,0,0
CUST-13586,28343,45000,719,8428,54,0,0
CUST-13587,25360,100000,774,3109,53,0,0
CUST-13588,74592,250000,668,12269,51,0,0
CUST-13589,32921,55000,722,6473,54,0,0
CUST-13590,68472,105000,724,22459,39,0,1
CUST-13591,54288,180000,641,12092,38,0,0
CUST-13592,126984,330000,793,28254,41,0,0
CUST-13593,19154,65000,681,3846,40,0,0
CUST-13594,75328,285000,776,9793,43,0,0
CUST-13595,71198,215000,717,26562,52,0,0
CUST-13596,24669,50000,816,3977,47,2,0
CUST-13597,66407,230000,642,16509,45,0,0
CUST-13598,47480,185000,639,4846,26,0,0
CUST-13599,35820,105000,651,7235,38,0,0
CUST-13600,26583,85000,718,9738,45,0,1
CUST-13601,28013,65000,810,11160,53,0,0
CUST-13602,111849,275000,813,19754,48,0,0
CUST-13603,40148,135000,559,4171,47,1,0
CUST-13604,59341,225000,726,9498,44,0,0
CUST-13605,27025,85000,501,4446,44,0,0
CUST-13606,27175,95000,761,7488,29,2,0
CUST-13607,68940,135000,782,15418,33,0,0
CUST-13608,20439,40000,707,6519,72,0,0
CUST-13609,32610,90000,715,9634,42,0,0
CUST-13610,40823,80000,714,5631,37,0,1
CUST-13611,42433,130000,659,13769,40,0,0
CUST-13612,36697,80000,738,12719,55,0,0
CUST-13613,48918,170000,694,12691,42,0,0
CUST-13614,56750,200000,770,21263,40,3,0
CUST-13615,57949,155000,702,18777,41,0,0
CUST-13616,24516,50000,654,6334,50,1,0
CUST-13617,34819,110000,610,12784,47,0,0
CUST-13618,72939,290000,588,18973,58,0,0
CUST-13619,62775,190000,795,14589,51,0,0
CUST-13620,20202,30000,680,3529,54,2,1
CUST-13621,47845,75000,732,17176,49,0,0
CUST-13622,15000,35000,825,1394,40,0,0
CUST-13623,41087,80000,673,8863,33,2,0
CUST-13624,103661,365000,669,24681,57,0,0
CUST-13625,24985,90000,701,6100,43,2,0
CUST-13626,26445,55000,711,7355,46,0,0
CUST-13627,58806,135000,832,13350,39,0,0
CUST-13628,18556,40000,811,2595,38,0,0
CUST-13629,29249,110000,750,10235,41,3,0
CUST-13630,54080,150000,804,15149,47,0,1
CUST-13631,29227,90000,698,10240,47,1,0
CUST-13632,35668,90000,729,5229,41,0,0
CUST-13633,58226,180000,690,15893,41,0,0
CUST-13634,49551,120000,626,14863,38,0,0
CUST-13635,45862,110000,788,8447,40,0,0
CUST-13636,33875,105000,744,11323,53,1,0
CUST-13637,48292,145000,711,2457,47,0,0
CUST-13638,37727,85000,709,9741,40,0,0
CUST-13639,50458,95000,612,13358,45,0,0
CUST-13640,31305,75000,646,7414,29,2,1
CUST-13641,36633,95000,731,9909,44,0,0
CUST-13642,24465,75000,675,2655,33,0,0
CUST-13643,39438,150000,695,11424,46,0,0
CUST-13644,26755,45000,703,4482,40,0,0
CUST-13645,22993,50000,665,4787,36,0,0
CUST-13646,45676,90000,647,7609,40,4,0
CUST-13647,44639,125000,605,9636,46,0,0
CUST-13648,59363,155000,700,15882,52,0,0
CUST-13649,32352,105000,750,11110,64,0,0
CUST-13650,49218,105000,603,10788,36,0,1
CUST-13651,52859,160000,708,8622,39,0,0
CUST-13652,50130,185000,728,11067,59,0,0
CUST-13653,26560,100000,645,7731,39,0,0
CUST-13654,43246,170000,802,7409,45,0,0
CUST-13655,48149,165000,684,9388,50,0,0
CUST-13656,40279,150000,703,9948,46,2,0
CUST-13657,15000,30000,699,2293,53,0,0
CUST-13658,43488,85000,594,5356,42,0,0
CUST-13659,121329,185000,775,12028,50,0,0
CUST-13660,33522,110000,647,5813,39,0,1
CUST-13661,27888,105000,694,1866,48,0,0
CUST-13662,48371,95000,748,12296,50,1,0
CUST-13663,46919,145000,804,5234,55,0,0
CUST-13664,72865,245000,639,13267,40,1,0
CUST-13665,21398,80000,680,3086,54,0,0
CUST-13666,57854,180000,799,15657,43,0,0
CUST-13667,53917,210000,740,18742,55,0,0
CUST-13668,37381,90000,753,10154,45,0,0
CUST-13669,47540,115000,641,11403,31,1,0
CUST-13670,67152,190000,685,19083,44,0,1
CUST-13671,62078,155000,699,3755,42,0,0
CUST-13672,22663,35000,654,2107,56,1,0
CUST-13673,60480,200000,601,5033,41,0,0
CUST-13674,38857,130000,676,3278,41,0,0
CUST-13675,41624,140000,798,5876,40,0,0
CUST-13676,41630,100000,713,9833,47,0,0
CUST-13677,37230,105000,799,3355,56,0,0
CUST-13678,72827,175000,721,27476,41,1,0
CUST-13679,38489,60000,660,13432,46,0,0
CUST-13680,22930,65000,793,8944,37,0,1
CUST-13681,32966,60000,723,2138,57,0,0
CUST-13682,43885,75000,772,15271,42,0,0
CUST-13683,74206,250000,640,24584,43,2,0
CUST-13684,54260,85000,777,19844,50,0,0
CUST-13685,26231,100000,779,6158,38,0,0
CUST-13686,139050,390000,728,45297,46,0,0
CUST-13687,45815,180000,657,3113,45,1,0
CUST-13688,75939,125000,707,5813,51,0,0
CUST-13689,37202,110000,749,3403,56,0,0
CUST-13690,52400,125000,725,19397,46,0,1
CUST-13691,61067,220000,749,4360,40,0,0
CUST-13692,73798,175000,775,6276,52,0,0
CUST-13693,68096,145000,667,25579,56,0,0
CUST-13694,62074,225000,634,5436,48,2,0
CUST-13695,34284,85000,707,12150,51,0,0
CUST-13696,30155,45000,688,9837,46,2,0
CUST-13697,47396,115000,761,3038,41,0,0
CUST-13698,63995,200000,640,3689,56,1,0
CUST-13699,35905,75000,776,8510,48,2,0
CUST-13700,68362,175000,797,27277,50,0,1
CUST-13701,82976,135000,710,29671,39,1,0
CUST-13702,25383,75000,713,4023,46,0,0
CUST-13703,26411,90000,660,4891,61,0,0
CUST-13704,37414,95000,674,6950,50,0,0
CUST-13705,46807,120000,683,14367,40,1,0
CUST-13706,30875,55000,803,5230,51,0,0
CUST-13707,78913,160000,705,8027,53,0,0
CUST-13708,49614,95000,624,15454,43,0,0
CUST-13709,40934,110000,726,8608,36,1,0
CUST-13710,19575,55000,763,1504,48,0,1
CUST-13711,20787,80000,708,6787,41,0,0
CUST-13712,46189,80000,805,11771,47,0,0
CUST-13713,15000,45000,760,3319,41,0,0
CUST-13714,66590,190000,641,19022,41,0,0
CUST-13715,37083,105000,674,8413,44,1,0
CUST-13716,203118,500000,724,56252,51,1,0
CUST-13717,127256,255000,601,45000,47,0,0
CUST-13718,36653,60000,731,9703,48,0,0
CUST-13719,38056,120000,595,10688,38,0,0
CUST-13720,66025,155000,776,17486,43,0,1
CUST-13721,94050,145000,768,22187,41,0,0
CUST-13722,17694,40000,742,1949,33,4,0
CUST-13723,16429,35000,666,2751,49,0,0
CUST-13724,29406,90000,721,8603,41,3,0
CUST-13725,53710,105000,676,10683,49,4,0
CUST-13726,51453,130000,642,9886,44,0,0
CUST-13727,68520,185000,687,21634,50,2,0
CUST-13728,22029,60000,755,1144,56,0,0
CUST-13729,15000,60000,712,4314,44,0,0
CUST-13730,61636,100000,804,13635,48,0,1
CUST-13731,26526,105000,759,4824,40,0,0
CUST-13732,15000,45000,752,2537,46,1,0
CUST-13733,43154,150000,605,4768,47,0,0
CUST-13734,59670,155000,691,9964,44,0,0
CUST-13735,37758,100000,640,7060,41,0,0
CUST-13736,31922,120000,698,6483,47,0,0
CUST-13737,37060,140000,664,10573,32,1,0
CUST-13738,33346,70000,685,6960,38,2,0
CUST-13739,20454,40000,778,6723,42,0,0
CUST-13740,28075,75000,740,7689,40,0,1
CUST-13741,52085,195000,775,6060,42,2,0
CUST-13742,47138,110000,605,6929,40,1,0
CUST-13743,43653,135000,713,3393,35,0,0
CUST-13744,24402,80000,772,9297,45,0,0
CUST-13745,36652,125000,807,13205,38,0,0
CUST-13746,15000,45000,609,1195,41,0,0
CUST-13747,43881,110000,687,11010,52,0,0
CUST-13748,81996,320000,777,31661,40,0,0
CUST-13749,19205,60000,697,5982,40,1,0
CUST-13750,29942,100000,650,6651,43,0,1
CUST-13751,47313,110000,609,6358,45,0,0
CUST-13752,75088,240000,648,11087,51,3,0
CUST-13753,32076,70000,600,9869,38,0,0
CUST-13754,28392,60000,713,9176,56,1,0
CUST-13755,15000,50000,768,3525,55,2,0
CUST-13756,42265,120000,628,3902,43,0,0
CUST-13757,111417,355000,726,41987,41,0,0
CUST-13758,46105,100000,764,15936,48,0,0
CUST-13759,39690,120000,709,3936,44,0,0
CUST-13760,47147,125000,605,3293,56,0,1
CUST-13761,39912,120000,735,9481,33,0,0
CUST-13762,26728,60000,706,3994,43,0,0
CUST-13763,60575,200000,699,9033,45,2,0
CUST-13764,44930,160000,674,3618,53,1,0
CUST-13765,40489,85000,715,15535,57,0,0
CUST-13766,24644,55000,743,8392,58,0,0
CUST-13767,77014,245000,865,6919,45,2,0
CUST-13768,55957,180000,717,19965,41,0,0
CUST-13769,30440,100000,808,8798,47,1,0
CUST-13770,66231,210000,733,10855,43,0,1
CUST-13771,31295,80000,703,11107,61,0,0
CUST-13772,27146,70000,719,7039,48,0,0
CUST-13773,27450,60000,630,9526,41,0,0
CUST-13774,16555,30000,729,3546,48,2,0
CUST-13775,50806,165000,580,11442,52,0,0
CUST-13776,16065,30000,653,2439,42,0,0
CUST-13777,21715,85000,717,4032,41,1,0
CUST-13778,15000,55000,787,3730,38,0,0
CUST-13779,38444,140000,802,14665,52,0,0
CUST-13780,37228,140000,694,9680,46,1,1
CUST-13781,34086,85000,720,3462,48,1,0
CUST-13782,23830,85000,773,1249,53,3,0
CUST-13783,22334,40000,623,7768,38,0,0
CUST-13784,50624,80000,736,8986,52,0,0
CUST-13785,30476,105000,656,4883,43,0,0
CUST-13786,47012,80000,698,15525,40,0,0
CUST-13787,25780,100000,680,9819,39,0,0
CUST-13788,43937,140000,738,13700,52,0,0
CUST-13789,77006,260000,745,8535,47,0,0
CUST-13790,53802,115000,767,10060,52,2,1
CUST-13791,32656,105000,732,10312,39,0,0
CUST-13792,45642,75000,721,16769,52,0,0
CUST-13793,35584,130000,830,14216,34,0,0
CUST-13794,40293,80000,610,9228,38,0,0
CUST-13795,34104,110000,820,11523,36,1,0
CUST-13796,36968,75000,691,2451,42,1,0
CUST-13797,44624,75000,747,6695,49,0,0
CUST-13798,24423,65000,688,4396,37,0,0
CUST-13799,24150,45000,664,9453,34,1,0
CUST-13800,20044,65000,741,1026,39,1,1
CUST-13801,18031,40000,777,2845,43,1,0
CUST-13802,21836,50000,740,8202,41,0,0
CUST-13803,43465,125000,674,6838,38,0,0
CUST-13804,25683,55000,900,3307,42,3,0
CUST-13805,51886,125000,787,15852,44,0,0
CUST-13806,40837,145000,770,12694,34,0,0
CUST-13807,15000,30000,687,3228,35,0,0
CUST-13808,55686,95000,669,21239,39,0,0
CUST-13809,60198,140000,691,7280,53,0,0
CUST-13810,24417,65000,780,9026,44,1,1
CUST-13811,49518,140000,645,15569,45,0,0
CUST-13812,26153,65000,640,4678,41,3,0
CUST-13813,42143,145000,745,14009,35,1,0
CUST-13814,21327,35000,730,2060,46,0,0
CUST-13815,16373,40000,659,1569,40,0,0
CUST-13816,33143,80000,639,12444,42,0,0
CUST-13817,37727,120000,803,3137,49,1,0
CUST-13818,32897,130000,733,1691,53,0,0
CUST-13819,22203,60000,621,4133,48,0,0
CUST-13820,32861,130000,625,2837,53,0,1
CUST-13821,45919,105000,686,16166,46,0,0
CUST-13822,39243,60000,757,14635,58,0,0
CUST-13823,43969,85000,748,9622,49,0,0
CUST-13824,28708,70000,783,5710,38,0,0
CUST-13825,72103,165000,613,17208,51,0,0
CUST-13826,22290,40000,724,2879,45,0,0
CUST-13827,51214,130000,802,7901,41,1,0
CUST-13828,72471,170000,796,6184,44,0,0
CUST-13829,51044,90000,733,10528,45,0,0
CUST-13830,36269,80000,862,9578,47,0,1
CUST-13831,30817,115000,749,11574,46,0,0
CUST-13832,67375,150000,777,20797,46,1,0
CUST-13833,19702,65000,712,5971,38,0,0
CUST-13834,24709,75000,659,3899,47,0,0
CUST-13835,32899,85000,653,11873,54,0,0
CUST-13836,74520,155000,721,28424,46,0,0
CUST-13837,48527,120000,696,18260,53,0,0
CUST-13838,24735,75000,595,1572,46,0,0
CUST-13839,34366,80000,643,8987,34,0,0
CUST-13840,29520,60000,689,8121,52,0,1
CUST-13841,28144,50000,757,4313,57,1,0
CUST-13842,65476,240000,708,26016,42,0,0
CUST-13843,20213,55000,705,3070,49,0,0
CUST-13844,89714,275000,645,11287,55,0,0
CUST-13845,60725,165000,711,13326,45,0,0
CUST-13846,69246,255000,795,11294,54,0,0
CUST-13847,31841,90000,720,11889,46,0,0
CUST-13848,37235,100000,612,7596,45,0,0
CUST-13849,19602,75000,628,3794,47,1,0
CUST-13850,30873,100000,748,8306,55,0,1
CUST-13851,51370,90000,695,4026,44,1,0
CUST-13852,76728,150000,705,24158,35,0,0
CUST-13853,23073,80000,670,7358,37,0,0
CUST-13854,33431,120000,742,7218,59,3,0
CUST-13855,37210,105000,690,14307,48,2,0
CUST-13856,19972,60000,697,5048,50,0,0
CUST-13857,53942,165000,654,15822,39,0,0
CUST-13858,27945,75000,769,10438,44,2,0
CUST-13859,36399,115000,695,10308,51,0,0
CUST-13860,32017,55000,749,6439,39,2,1
CUST-13861,27046,105000,632,1586,35,0,0
CUST-13862,39993,135000,822,12194,51,2,0
CUST-13863,36033,110000,793,13970,40,0,0
CUST-13864,33325,75000,585,7150,46,4,0
CUST-13865,27882,55000,657,4709,35,0,0
CUST-13866,47087,120000,741,10911,42,0,0
CUST-13867,91748,290000,624,27978,51,0,0
CUST-13868,43042,135000,701,2162,45,0,0
CUST-13869,66042,160000,737,23809,40,0,0
CUST-13870,20028,60000,697,7214,48,1,1
CUST-13871,43428,155000,745,10399,33,0,0
CUST-13872,23186,35000,664,2152,40,0,0
CUST-13873,19178,50000,564,5468,38,0,0
CUST-13874,27731,95000,773,2724,50,3,0
CUST-13875,72834,210000,773,16580,47,0,0
CUST-13876,64537,200000,872,5341,40,0,0
CUST-13877,45319,125000,566,11609,37,1,0
CUST-13878,18650,75000,758,3008,47,1,0
CUST-13879,36383,60000,582,12401,37,0,0
CUST-13880,46669,125000,824,15399,39,0,1
CUST-13881,43816,75000,741,17502,47,0,0
CUST-13882,15964,30000,648,2236,38,0,0
CUST-13883,25715,65000,760,1841,54,1,0
CUST-13884,38869,75000,674,7970,56,1,0
CUST-13885,52477,205000,729,4155,50,0,0
CUST-13886,15000,60000,723,1687,35,0,0
CUST-13887,37009,85000,823,9587,38,0,0
CUST-13888,43110,135000,827,11089,42,0,0
CUST-13889,61377,175000,671,3999,53,2,0
CUST-13890,56751,200000,778,11634,32,0,1
CUST-13891,53706,165000,733,12651,32,0,0
CUST-13892,26903,40000,618,3868,39,0,0
CUST-13893,15459,55000,664,5491,63,2,0
CUST-13894,32973,110000,861,3507,52,0,0
CUST-13895,66225,185000,733,9196,51,0,0
CUST-13896,80557,305000,774,8454,51,0,0
CUST-13897,57255,215000,696,5198,41,0,0
CUST-13898,49745,140000,674,17790,38,3,0
CUST-13899,48524,145000,711,7145,54,0,0
CUST-13900,30392,120000,692,9205,45,0,1
CUST-13901,37607,85000,612,7513,51,0,0
CUST-13902,92460,215000,644,25200,44,0,0
CUST-13903,25052,50000,756,9391,47,0,0
CUST-13904,89984,335000,685,31099,33,1,0
CUST-13905,34165,115000,711,2533,48,0,0
CUST-13906,77863,135000,725,26926,42,1,0
CUST-13907,19862,80000,730,4134,45,2,0
CUST-13908,53795,180000,784,9282,44,2,0
CUST-13909,27767,100000,638,7922,36,0,0
CUST-13910,19778,30000,747,7566,52,0,1
CUST-13911,44768,125000,759,3713,42,0,0
CUST-13912,66485,215000,774,21197,38,0,0
CUST-13913,26305,75000,618,3188,45,0,0
CUST-13914,18967,60000,726,3471,44,0,0
CUST-13915,38333,135000,821,13640,37,0,0
CUST-13916,38418,95000,703,9259,43,0,0
CUST-13917,52794,190000,741,3886,61,0,0
CUST-13918,64524,125000,760,14699,40,0,0
CUST-13919,38960,85000,643,12715,35,0,0
CUST-13920,101493,165000,829,23861,44,0,1
CUST-13921,44896,110000,742,4867,39,1,0
CUST-13922,33751,85000,743,6944,48,0,0
CUST-13923,17929,65000,601,6696,55,0,0
CUST-13924,35195,110000,761,9867,44,2,0
CUST-13925,33921,90000,742,10361,42,0,0
CUST-13926,64870,205000,815,21087,45,0,0
CUST-13927,50576,85000,689,4134,48,0,0
CUST-13928,22254,45000,645,5642,41,0,0
CUST-13929,43744,135000,665,7942,48,0,0
CUST-13930,56149,175000,677,5542,41,2,1
CUST-13931,86164,295000,637,10421,53,0,0
CUST-13932,62551,155000,793,20229,33,0,0
CUST-13933,58713,195000,796,6254,50,1,0
CUST-13934,41358,135000,697,6590,52,0,0
CUST-13935,48735,190000,684,7295,49,0,0
CUST-13936,74963,155000,591,5024,49,0,0
CUST-13937,20611,60000,755,4364,42,2,0
CUST-13938,33700,100000,817,10719,48,0,0
CUST-13939,27274,110000,668,1575,38,0,0
CUST-13940,48512,95000,702,4336,38,1,1
CUST-13941,74243,210000,738,22426,42,0,0
CUST-13942,29777,70000,822,7675,47,1,0
CUST-13943,15000,40000,722,4505,43,1,0
CUST-13944,32659,70000,722,4263,53,3,0
CUST-13945,63369,105000,721,20995,41,2,0
CUST-13946,52512,155000,617,11445,48,0,0
CUST-13947,49716,115000,615,13105,47,0,0
CUST-13948,34891,70000,657,2869,47,2,0
CUST-13949,21173,50000,775,2578,46,0,0
CUST-13950,51929,85000,688,16652,44,0,1
CUST-13951,26445,105000,675,3394,52,0,0
CUST-13952,119616,355000,674,9854,49,0,0
CUST-13953,53383,190000,701,13827,42,1,0
CUST-13954,30021,75000,820,7258,44,0,0
CUST-13955,29563,110000,700,7768,46,4,0
CUST-13956,38312,105000,658,10206,40,0,0
CUST-13957,35605,105000,711,8013,38,0,0
CUST-13958,70151,190000,824,15631,45,0,0
CUST-13959,44055,145000,677,16452,45,3,0
CUST-13960,27838,80000,633,6593,45,2,1
CUST-13961,103282,225000,677,27478,66,3,0
CUST-13962,41136,75000,718,5900,49,3,0
CUST-13963,58948,180000,754,20919,44,1,0
CUST-13964,29610,80000,775,1733,51,2,0
CUST-13965,48125,85000,642,11792,46,0,0
CUST-13966,46889,115000,648,8643,61,0,0
CUST-13967,15602,45000,688,4077,42,1,0
CUST-13968,109934,390000,754,19355,39,0,0
CUST-13969,76521,130000,628,23047,44,1,0
CUST-13970,32905,80000,670,1879,55,1,1
CUST-13971,23129,80000,671,4442,40,0,0
CUST-13972,47752,150000,771,16280,40,2,0
CUST-13973,41912,95000,744,5765,47,1,0
CUST-13974,47946,175000,768,3282,37,0,0
CUST-13975,44169,120000,797,9884,33,0,0
CUST-13976,51695,140000,690,20253,39,0,0
CUST-13977,82756,325000,632,5996,51,0,0
CUST-13978,53319,205000,633,3973,48,1,0
CUST-13979,23746,55000,590,6133,48,2,0
CUST-13980,79322,145000,680,10908,47,0,1
CUST-13981,91154,210000,685,17645,41,0,0
CUST-13982,194080,305000,761,66118,44,0,0
CUST-13983,22885,35000,711,2736,58,1,0
CUST-13984,45317,115000,678,13674,52,1,0
CUST-13985,15000,60000,702,3398,42,0,0
CUST-13986,52922,195000,642,19408,47,0,0
CUST-13987,30512,85000,776,11916,45,1,0
CUST-13988,105000,305000,658,23072,42,0,0
CUST-13989,27246,40000,635,6937,43,0,0
CUST-13990,17247,35000,763,5364,36,0,1
CUST-13991,31709,50000,747,5122,39,2,0
CUST-13992,15000,50000,597,1940,46,0,0
CUST-13993,58427,110000,765,22648,56,0,0
CUST-13994,15000,55000,661,3021,46,2,0
CUST-13995,40709,125000,685,2058,50,0,0
CUST-13996,15000,30000,722,5148,39,0,0
CUST-13997,34195,65000,748,8886,48,0,0
CUST-13998,91280,280000,738,9949,41,0,0
CUST-13999,48065,180000,706,2910,52,0,0
CUST-14000,26062,85000,682,3961,56,0,1
CUST-14001,39513,95000,736,14807,45,0,0
CUST-14002,40498,120000,702,15256,44,1,0
CUST-14003,50833,115000,827,8074,39,0,0
CUST-14004,20263,80000,748,6941,53,2,0
CUST-14005,53975,180000,649,11045,46,0,0
CUST-14006,15000,45000,678,4185,52,1,0
CUST-14007,29291,75000,713,4893,53,3,0
CUST-14008,31440,95000,794,7249,48,0,0
CUST-14009,55086,130000,801,8418,41,0,0
CUST-14010,40591,65000,684,2897,48,1,1
CUST-14011,19875,50000,649,1963,34,0,0
CUST-14012,24526,95000,641,3721,47,0,0
CUST-14013,44326,135000,726,17361,46,0,0
CUST-14014,38579,65000,859,14968,42,2,0
CUST-14015,30044,110000,745,10205,28,0,0
CUST-14016,31558,70000,606,4145,57,0,0
CUST-14017,56845,120000,662,11628,45,0,0
CUST-14018,30981,70000,669,6317,37,1,0
CUST-14019,38405,115000,656,7121,56,0,0
CUST-14020,118772,340000,684,7804,52,0,1
CUST-14021,19695,55000,734,4669,47,3,0
CUST-14022,15900,50000,754,1200,54,0,0
CUST-14023,59384,135000,780,19636,44,1,0
CUST-14024,28586,100000,744,8345,43,0,0
CUST-14025,34230,65000,582,5937,39,0,0
CUST-14026,27157,95000,641,7508,50,2,0
CUST-14027,35245,110000,699,4636,45,3,0
CUST-14028,89256,285000,719,12749,46,0,0
CUST-14029,59937,160000,765,9586,51,2,0
CUST-14030,61766,195000,712,20318,59,1,1
CUST-14031,19769,35000,713,2446,40,0,0
CUST-14032,22571,80000,725,5574,46,2,0
CUST-14033,15000,25000,693,1802,43,0,0
CUST-14034,26777,50000,715,4010,50,1,0
CUST-14035,64754,190000,783,8574,56,0,0
CUST-14036,51972,175000,704,14331,50,0,0
CUST-14037,35926,60000,708,8419,53,1,0
CUST-14038,39689,150000,707,12004,47,2,0
CUST-14039,28440,110000,794,3611,47,0,0
CUST-14040,44461,135000,637,2365,49,0,1
CUST-14041,58861,160000,825,16962,38,0,0
CUST-14042,17891,60000,633,1613,43,0,0
CUST-14043,46621,110000,667,6350,48,0,0
CUST-14044,63973,175000,758,10043,48,0,0
CUST-14045,32612,125000,776,10154,39,0,0
CUST-14046,56974,220000,618,15329,57,0,0
CUST-14047,163951,500000,638,18771,39,0,0
CUST-14048,38094,80000,728,9876,50,1,0
CUST-14049,48857,100000,862,14552,39,0,0
CUST-14050,27749,60000,791,5164,55,2,1
CUST-14051,43941,115000,693,5979,53,0,0
CUST-14052,50520,115000,552,14531,45,0,0
CUST-14053,44241,110000,715,11671,44,0,0
CUST-14054,24104,75000,733,1862,40,0,0
CUST-14055,44497,150000,685,12607,40,0,0
CUST-14056,83374,280000,654,18424,37,0,0
CUST-14057,50227,180000,720,15755,47,0,0
CUST-14058,64925,105000,648,7580,43,1,0
CUST-14059,35649,60000,831,5004,46,0,0
CUST-14060,58392,205000,808,14023,54,0,1
CUST-14061,46149,130000,752,10088,45,1,0
CUST-14062,24947,75000,715,4620,46,0,0
CUST-14063,47063,75000,667,14641,53,0,0
CUST-14064,24444,50000,708,6053,37,0,0
CUST-14065,29247,90000,816,8733,54,0,0
CUST-14066,44119,160000,766,4572,51,0,0
CUST-14067,46565,175000,723,14209,49,2,0
CUST-14068,22145,60000,770,4684,43,0,0
CUST-14069,67981,195000,745,4202,55,1,0
CUST-14070,53423,190000,735,7055,39,1,1
CUST-14071,28215,80000,773,1665,42,0,0
CUST-14072,18605,50000,743,3905,34,0,0
CUST-14073,37329,140000,765,6124,42,3,0
CUST-14074,32113,110000,720,12704,38,0,0
CUST-14075,42470,160000,693,15033,39,0,0
CUST-14076,33471,70000,674,11346,35,0,0
CUST-14077,15000,40000,666,3380,60,0,0
CUST-14078,33051,120000,605,10988,45,0,0
CUST-14079,34447,60000,650,4939,45,0,0
CUST-14080,55095,190000,648,13565,37,0,1
CUST-14081,28308,55000,677,5308,43,0,0
CUST-14082,92905,325000,811,10216,40,0,0
CUST-14083,15431,45000,699,1163,52,0,0
CUST-14084,77310,155000,725,18970,44,0,0
CUST-14085,35876,95000,727,3019,47,0,0
CUST-14086,61684,200000,813,18585,42,2,0
CUST-14087,41768,130000,672,15559,50,1,0
CUST-14088,70953,180000,695,7573,48,1,0
CUST-14089,33067,125000,703,7103,34,0,0
CUST-14090,23171,65000,783,7149,50,2,1
CUST-14091,81654,225000,797,12280,54,2,0
CUST-14092,37920,65000,740,14116,45,1,0
CUST-14093,44836,170000,790,16184,50,0,0
CUST-14094,74412,145000,721,6422,49,0,0
CUST-14095,23957,70000,698,1427,57,0,0
CUST-14096,54054,190000,786,21176,41,0,0
CUST-14097,29883,60000,741,11497,55,0,0
CUST-14098,37568,105000,662,7430,46,0,0
CUST-14099,41611,85000,774,2816,37,1,0
CUST-14100,18956,65000,696,5053,52,0,1
CUST-14101,27189,80000,688,4151,36,0,0
CUST-14102,78868,285000,768,29800,41,0,0
CUST-14103,62510,235000,704,20511,45,0,0
CUST-14104,38897,120000,735,10788,39,0,0
CUST-14105,45322,150000,753,6779,57,0,0
CUST-14106,34643,100000,659,10235,45,0,0
CUST-14107,79086,195000,735,11958,38,1,0
CUST-14108,36309,115000,797,2293,44,0,0
CUST-14109,45067,170000,647,10273,40,0,0
CUST-14110,71183,180000,739,15734,43,1,1
CUST-14111,27209,60000,656,8626,42,0,0
CUST-14112,87500,215000,776,30886,36,0,0
CUST-14113,18671,50000,775,3249,40,0,0
CUST-14114,90655,155000,686,18794,43,2,0
CUST-14115,33311,90000,853,7149,54,3,0
CUST-14116,35548,95000,781,5811,45,0,0
CUST-14117,15599,45000,755,4838,50,0,0
CUST-14118,31971,75000,752,7440,44,0,0
CUST-14119,23863,70000,773,8826,40,0,0
CUST-14120,29619,110000,645,8222,52,0,1
CUST-14121,37471,145000,722,4652,42,0,0
CUST-14122,64789,190000,734,6976,51,0,0
CUST-14123,44524,70000,683,8029,42,0,0
CUST-14124,46809,185000,740,8024,47,0,0
CUST-14125,23207,75000,790,4467,39,0,0
CUST-14126,25838,60000,682,2952,49,0,0
CUST-14127,98652,185000,706,38708,43,1,0
CUST-14128,27789,50000,656,2806,43,1,0
CUST-14129,91867,175000,593,25578,47,0,0
CUST-14130,35541,55000,760,1939,39,0,1
CUST-14131,40180,150000,708,7732,52,1,0
CUST-14132,68540,195000,713,10844,51,2,0
CUST-14133,75807,245000,645,13926,45,0,0
CUST-14134,37971,135000,697,8517,42,0,0
CUST-14135,33053,115000,781,8598,40,2,0
CUST-14136,39028,145000,710,9922,48,0,0
CUST-14137,47523,185000,711,12866,49,1,0
CUST-14138,62670,165000,723,21658,38,2,0
CUST-14139,40219,155000,629,14492,42,0,0
CUST-14140,54690,180000,750,16846,38,0,1
CUST-14141,91051,155000,628,7068,39,0,0
CUST-14142,48564,155000,648,18767,43,0,0
CUST-14143,46902,150000,641,17897,38,0,0
CUST-14144,18779,70000,698,5616,40,1,0
CUST-14145,15000,35000,687,3466,42,0,0
CUST-14146,48736,145000,709,6711,56,0,0
CUST-14147,38276,60000,651,12046,39,0,0
CUST-14148,31026,70000,775,11084,64,0,0
CUST-14149,45331,75000,764,12820,40,0,0
CUST-14150,38940,110000,698,10520,30,0,1
CUST-14151,70536,250000,678,8291,42,0,0
CUST-14152,41900,85000,672,7342,44,1,0
CUST-14153,27626,80000,689,8373,48,0,0
CUST-14154,65846,130000,618,3681,49,0,0
CUST-14155,36005,65000,647,9881,36,0,0
CUST-14156,52222,145000,765,16624,44,1,0
CUST-14157,31612,55000,729,5283,43,0,0
CUST-14158,29001,85000,816,2223,55,0,0
CUST-14159,41859,65000,690,14093,44,0,0
CUST-14160,40393,70000,686,4024,46,0,1
CUST-14161,51016,145000,683,9171,58,0,0
CUST-14162,35090,105000,689,10440,35,0,0
CUST-14163,16023,25000,667,5382,52,2,0
CUST-14164,32325,95000,727,11373,46,1,0
CUST-14165,59689,215000,711,14065,53,1,0
CUST-14166,34589,115000,676,7490,43,0,0
CUST-14167,35482,65000,791,12309,45,0,0
CUST-14168,65721,195000,833,16238,62,0,0
CUST-14169,28113,90000,785,7099,41,0,0
CUST-14170,18556,30000,746,3746,43,0,1
CUST-14171,37037,135000,759,6684,44,0,0
CUST-14172,31505,120000,830,6874,38,0,0
CUST-14173,24757,90000,759,4399,45,0,0
CUST-14174,36765,130000,671,6258,41,0,0
CUST-14175,51315,175000,735,20412,51,0,0
CUST-14176,39948,125000,750,6698,40,1,0
CUST-14177,46793,150000,645,6538,34,1,0
CUST-14178,99379,350000,691,17279,51,0,0
CUST-14179,33811,105000,781,8681,50,1,0
CUST-14180,46127,105000,591,17013,42,3,1
CUST-14181,31113,75000,628,10135,50,0,0
CUST-14182,26286,100000,698,9063,32,1,0
CUST-14183,29957,45000,732,10504,40,0,0
CUST-14184,31590,105000,621,11757,50,4,0
CUST-14185,48037,185000,701,6354,40,0,0
CUST-14186,129902,425000,784,27335,35,1,0
CUST-14187,28056,110000,714,5185,56,0,0
CUST-14188,32587,105000,771,5984,51,0,0
CUST-14189,38887,60000,671,10822,44,0,0
CUST-14190,48917,175000,657,9325,50,0,1
CUST-14191,45787,100000,765,12166,42,1,0
CUST-14192,76270,200000,734,14018,52,2,0
CUST-14193,15000,35000,632,2383,45,0,0
CUST-14194,15000,35000,657,2603,50,0,0
CUST-14195,31321,80000,811,10377,44,1,0
CUST-14196,69469,170000,649,18087,46,0,0
CUST-14197,18346,55000,770,7171,48,3,0
CUST-14198,15000,55000,678,5121,48,0,0
CUST-14199,53401,120000,709,11749,46,2,0
CUST-14200,45334,90000,729,6112,44,3,1
CUST-14201,23269,75000,573,6651,41,0,0
CUST-14202,24519,80000,614,7461,43,1,0
CUST-14203,24714,95000,715,5250,37,0,0
CUST-14204,42415,65000,662,5534,50,1,0
CUST-14205,29343,105000,774,7190,46,0,0
CUST-14206,51381,145000,605,7133,43,1,0
CUST-14207,15000,45000,746,5684,34,0,0
CUST-14208,26149,45000,620,7063,49,0,0
CUST-14209,22856,60000,687,3478,40,0,0
CUST-14210,35306,75000,640,4431,37,0,1
CUST-14211,30668,65000,833,9226,43,0,0
CUST-14212,59809,165000,622,17806,48,2,0
CUST-14213,15840,55000,702,4102,51,0,0
CUST-14214,41058,140000,597,10880,39,1,0
CUST-14215,53059,160000,813,13867,46,0,0
CUST-14216,101551,290000,736,17876,55,2,0
CUST-14217,31543,80000,718,11926,47,1,0
CUST-14218,47203,185000,805,10278,46,0,0
CUST-14219,16286,45000,719,930,32,0,0
CUST-14220,15000,30000,724,2578,43,0,1
CUST-14221,61229,125000,718,5853,54,0,0
CUST-14222,40023,120000,746,7091,45,0,0
CUST-14223,72348,205000,677,19019,55,0,0
CUST-14224,20197,30000,696,1170,59,2,0
CUST-14225,52049,185000,762,18455,40,0,0
CUST-14226,102171,335000,728,26933,59,0,0
CUST-14227,49506,155000,702,7593,41,0,0
CUST-14228,46087,75000,618,7324,37,4,0
CUST-14229,40306,95000,807,8584,51,0,0
CUST-14230,18298,70000,667,2503,52,0,1
CUST-14231,79046,290000,774,4072,33,0,0
CUST-14232,29571,65000,721,1753,52,2,0
CUST-14233,51649,100000,625,9049,52,1,0
CUST-14234,18370,50000,791,1717,38,0,0
CUST-14235,22253,55000,726,1286,39,0,0
CUST-14236,82252,265000,796,28849,37,1,0
CUST-14237,33736,130000,698,4923,54,1,0
CUST-14238,83003,200000,755,18766,46,1,0
CUST-14239,38595,65000,595,4353,53,0,0
CUST-14240,15979,60000,677,1060,39,0,1
CUST-14241,62694,100000,627,19479,40,0,0
CUST-14242,29883,115000,685,2801,41,1,0
CUST-14243,56916,180000,740,3358,40,0,0
CUST-14244,40643,155000,670,10385,52,0,0
CUST-14245,18554,35000,766,1015,40,0,0
CUST-14246,43571,70000,654,8831,45,2,0
CUST-14247,120344,325000,767,18183,54,0,0
CUST-14248,51353,135000,795,8308,50,0,0
CUST-14249,38997,90000,775,2003,50,0,0
CUST-14250,68711,270000,687,26626,45,1,1
CUST-14251,44593,160000,571,10298,45,0,0
CUST-14252,44567,140000,747,11158,37,0,0
CUST-14253,23252,45000,701,6583,40,0,0
CUST-14254,45112,150000,646,14847,52,1,0
CUST-14255,67354,225000,673,17698,46,0,0
CUST-14256,26422,70000,803,8369,50,0,0
CUST-14257,81817,310000,636,16940,38,0,0
CUST-14258,38336,75000,740,6898,32,3,0
CUST-14259,25748,55000,724,8705,50,0,0
CUST-14260,66092,110000,686,23321,43,1,1
CUST-14261,34773,120000,751,3415,47,0,0
CUST-14262,58674,180000,816,14077,45,0,0
CUST-14263,34687,80000,690,10034,48,0,0
CUST-14264,38952,75000,694,3087,50,0,0
CUST-14265,51368,80000,750,19281,44,0,0
CUST-14266,46418,90000,769,10770,51,0,0
CUST-14267,15000,40000,701,4138,44,0,0
CUST-14268,22911,50000,690,2574,47,0,0
CUST-14269,63876,135000,565,9105,44,0,0
CUST-14270,37568,140000,659,3469,48,0,1
CUST-14271,30888,85000,635,4398,50,1,0
CUST-14272,20347,70000,754,4523,47,1,0
CUST-14273,23391,35000,694,7994,43,0,0
CUST-14274,15000,35000,691,3552,53,0,0
CUST-14275,38152,105000,709,5171,48,1,0
CUST-14276,29755,60000,653,1952,60,0,0
CUST-14277,24753,45000,810,6626,49,0,0
CUST-14278,38790,145000,794,7643,41,1,0
CUST-14279,48145,185000,815,18994,47,0,0
CUST-14280,114301,195000,754,36909,45,0,1
CUST-14281,18846,45000,708,6274,31,0,0
CUST-14282,71660,280000,814,3889,53,0,0
CUST-14283,65287,110000,665,21037,48,1,0
CUST-14284,27185,85000,653,3210,39,0,0
CUST-14285,44427,175000,670,11330,52,0,0
CUST-14286,31926,125000,743,6595,37,0,0
CUST-14287,44039,120000,660,11012,54,0,0
CUST-14288,85354,165000,699,8254,37,0,0
CUST-14289,54328,110000,605,11404,38,0,0
CUST-14290,51756,195000,741,3257,43,0,1
CUST-14291,32365,120000,611,2082,41,0,0
CUST-14292,19110,60000,649,5354,51,0,0
CUST-14293,36162,125000,789,13853,34,0,0
CUST-14294,73372,245000,786,23632,46,0,0
CUST-14295,18702,60000,734,4006,58,3,0
CUST-14296,23681,85000,727,1647,46,1,0
CUST-14297,42750,135000,675,2811,32,1,0
CUST-14298,24530,70000,659,2582,46,1,0
CUST-14299,27003,55000,686,10572,43,0,0
CUST-14300,32474,110000,611,6154,32,0,1
CUST-14301,20275,55000,726,6998,54,0,0
CUST-14302,24660,55000,713,7319,41,0,0
CUST-14303,57051,200000,649,14941,44,0,0
CUST-14304,20875,70000,811,7968,48,0,0
CUST-14305,18052,70000,749,2358,54,0,0
CUST-14306,29289,55000,754,6127,54,0,0
CUST-14307,57871,180000,678,20408,41,0,0
CUST-14308,36371,75000,709,8842,47,0,0
CUST-14309,31815,120000,750,4334,44,1,0
CUST-14310,41034,70000,719,5052,41,0,1
CUST-14311,16766,55000,814,5256,48,0,0
CUST-14312,51397,180000,696,2799,32,0,0
CUST-14313,48616,115000,677,17986,33,0,0
CUST-14314,32707,125000,751,1846,43,0,0
CUST-14315,66367,240000,627,17975,36,1,0
CUST-14316,22839,50000,770,5976,40,0,0
CUST-14317,70541,105000,625,17807,40,0,0
CUST-14318,43358,95000,751,9366,41,0,0
CUST-14319,33918,75000,667,11815,44,0,0
CUST-14320,39737,150000,740,11156,49,1,1
CUST-14321,38039,150000,768,12311,47,0,0
CUST-14322,73875,125000,719,6680,45,0,0
CUST-14323,23427,65000,632,1580,51,0,0
CUST-14324,27412,80000,651,1644,45,2,0
CUST-14325,67383,115000,662,6840,54,0,0
CUST-14326,29799,75000,586,8446,41,0,0
CUST-14327,62960,145000,783,14034,42,0,0
CUST-14328,93874,265000,717,29409,50,0,0
CUST-14329,32830,105000,636,3844,45,1,0
CUST-14330,56425,185000,804,10068,49,0,1
CUST-14331,22542,40000,664,8137,34,2,0
CUST-14332,58534,205000,726,22096,37,0,0
CUST-14333,44343,140000,656,16522,34,3,0
CUST-14334,50844,190000,578,17104,45,0,0
CUST-14335,29062,75000,621,8453,36,0,0
CUST-14336,17491,65000,680,6467,37,1,0
CUST-14337,51618,190000,768,15483,37,0,0
CUST-14338,15000,40000,732,5758,39,0,0
CUST-14339,34245,85000,719,2009,41,0,0
CUST-14340,64253,245000,579,23939,48,0,1
CUST-14341,44176,145000,792,10801,44,2,0
CUST-14342,106316,405000,724,9475,36,0,0
CUST-14343,67007,235000,702,8390,49,0,0
CUST-14344,28942,85000,783,10079,37,0,0
CUST-14345,40686,75000,791,9241,46,0,0
CUST-14346,39195,85000,785,15442,33,1,0
CUST-14347,18195,70000,693,1658,39,0,0
CUST-14348,25079,60000,644,4874,41,0,0
CUST-14349,30321,55000,774,5038,39,0,0
CUST-14350,15000,50000,621,3459,45,4,1
CUST-14351,41099,135000,836,11166,41,0,0
CUST-14352,35435,80000,711,9977,51,0,0
CUST-14353,17388,40000,641,877,48,1,0
CUST-14354,49124,130000,629,3985,48,0,0
CUST-14355,57407,90000,626,3574,49,1,0
CUST-14356,44959,155000,719,15852,41,0,0
CUST-14357,34131,80000,709,5449,34,0,0
CUST-14358,53945,195000,629,9627,44,0,0
CUST-14359,56393,200000,686,11708,45,1,0
CUST-14360,46802,150000,621,16252,36,0,1
CUST-14361,26574,60000,748,1460,55,0,0
CUST-14362,46087,130000,706,4217,62,0,0
CUST-14363,72965,190000,685,21145,43,1,0
CUST-14364,29782,70000,626,11536,37,0,0
CUST-14365,114573,415000,690,31504,53,0,0
CUST-14366,30859,85000,683,4363,36,1,0
CUST-14367,40790,145000,730,9461,52,0,0
CUST-14368,28674,50000,720,11218,53,4,0
CUST-14369,44874,85000,761,10537,42,0,0
CUST-14370,16795,65000,678,3035,47,0,1
CUST-14371,30545,90000,589,5626,45,0,0
CUST-14372,23247,65000,774,9030,41,0,0
CUST-14373,42944,120000,649,12952,40,1,0
CUST-14374,65987,135000,638,19169,31,0,0
CUST-14375,55437,185000,707,7274,40,0,0
CUST-14376,15000,25000,729,3687,38,2,0
CUST-14377,111416,325000,675,19482,45,1,0
CUST-14378,46520,135000,674,6236,47,0,0
CUST-14379,27221,105000,684,9893,47,0,0
CUST-14380,43415,120000,802,7992,43,0,1
CUST-14381,43830,80000,709,6529,44,0,0
CUST-14382,28755,85000,647,10814,48,0,0
CUST-14383,44309,75000,647,5275,56,0,0
CUST-14384,29621,60000,693,9209,51,0,0
CUST-14385,32788,50000,725,9130,53,4,0
CUST-14386,28477,80000,741,10598,44,0,0
CUST-14387,19607,35000,718,6690,42,0,0
CUST-14388,43170,115000,655,12815,42,0,0
CUST-14389,53779,205000,682,8610,42,0,0
CUST-14390,51919,170000,757,11601,48,2,1
CUST-14391,60473,100000,635,23014,53,1,0
CUST-14392,47200,95000,679,2743,45,0,0
CUST-14393,30749,100000,748,10086,48,0,0
CUST-14394,61073,230000,766,8436,51,1,0
CUST-14395,20358,30000,697,2336,37,0,0
CUST-14396,25582,90000,683,3358,44,0,0
CUST-14397,24782,70000,624,1757,44,0,0
CUST-14398,68873,195000,744,27355,47,2,0
CUST-14399,64305,250000,795,22793,48,0,0
CUST-14400,51208,175000,876,11899,50,0,1
CUST-14401,68594,250000,735,20597,46,1,0
CUST-14402,25857,60000,706,6330,33,0,0
CUST-14403,47776,140000,650,15959,53,2,0
CUST-14404,37699,115000,587,13031,46,0,0
CUST-14405,61294,140000,721,8058,48,1,0
CUST-14406,37887,110000,862,7990,45,1,0
CUST-14407,33107,70000,792,9011,45,0,0
CUST-14408,52599,100000,782,20642,43,0,0
CUST-14409,62198,150000,725,17971,41,0,0
CUST-14410,28733,95000,733,10463,51,0,1
CUST-14411,38927,150000,552,13474,39,1,0
CUST-14412,23641,65000,759,5998,49,1,0
CUST-14413,15000,45000,672,5441,53,0,0
CUST-14414,44366,80000,664,8078,48,1,0
CUST-14415,54418,205000,688,9944,36,0,0
CUST-14416,45753,135000,686,14793,34,0,0
CUST-14417,15141,50000,663,1470,39,0,0
CUST-14418,33677,115000,710,5288,53,0,0
CUST-14419,15000,30000,673,3945,51,0,0
CUST-14420,79606,225000,716,15684,39,0,1
CUST-14421,23317,90000,613,8843,42,0,0
CUST-14422,75184,130000,696,28981,44,0,0
CUST-14423,64404,205000,638,14549,47,0,0
CUST-14424,25583,100000,668,6105,41,0,0
CUST-14425,22779,50000,719,6916,42,0,0
CUST-14426,47819,175000,605,10044,52,1,0
CUST-14427,26313,100000,656,3066,41,2,0
CUST-14428,42245,140000,746,13156,50,1,0
CUST-14429,31526,65000,618,9717,37,0,0
CUST-14430,16472,40000,825,2235,52,1,1
CUST-14431,15000,25000,788,5122,35,0,0
CUST-14432,44951,160000,677,11902,42,0,0
CUST-14433,30309,110000,658,4022,50,0,0
CUST-14434,30438,95000,723,8468,54,0,0
CUST-14435,56836,135000,615,7488,43,0,0
CUST-14436,72165,120000,579,10307,41,0,0
CUST-14437,35021,120000,680,12145,37,0,0
CUST-14438,33850,110000,701,12704,31,0,0
CUST-14439,51537,195000,716,7210,49,0,0
CUST-14440,20364,70000,670,7632,42,0,1
CUST-14441,44872,160000,792,5993,28,0,0
CUST-14442,52888,180000,612,4815,46,2,0
CUST-14443,56393,175000,636,3968,34,2,0
CUST-14444,15239,40000,741,2053,38,1,0
CUST-14445,27428,105000,634,5069,60,0,0
CUST-14446,25870,80000,631,9691,44,1,0
CUST-14447,42190,105000,718,5685,45,0,0
CUST-14448,51040,85000,641,9080,48,0,0
CUST-14449,84825,190000,701,26037,47,0,0
CUST-14450,31335,90000,664,4879,40,0,1
CUST-14451,31295,70000,653,9060,34,1,0
CUST-14452,71313,145000,573,14350,49,2,0
CUST-14453,46550,130000,719,5528,42,1,0
CUST-14454,75646,145000,628,23217,51,0,0
CUST-14455,46367,160000,699,2757,52,0,0
CUST-14456,22503,60000,676,3427,46,0,0
CUST-14457,20608,60000,696,3599,37,0,0
CUST-14458,18476,35000,700,3886,39,0,0
CUST-14459,55883,130000,722,16091,48,1,0
CUST-14460,72714,185000,662,15327,59,0,1
CUST-14461,101182,355000,790,26106,40,0,0
CUST-14462,61178,210000,589,15815,51,0,0
CUST-14463,71784,150000,695,12967,37,0,0
CUST-14464,30031,90000,764,11318,48,0,0
CUST-14465,22511,45000,740,8656,50,0,0
CUST-14466,61392,245000,646,15571,49,0,0
CUST-14467,49456,190000,657,3713,30,0,0
CUST-14468,42349,125000,644,9397,41,0,0
CUST-14469,48712,160000,748,5579,46,1,0
CUST-14470,47173,165000,661,10336,53,0,1
CUST-14471,76260,250000,726,8843,39,0,0
CUST-14472,76687,250000,727,22726,37,2,0
CUST-14473,52686,205000,863,4117,39,0,0
CUST-14474,61261,185000,730,23503,37,0,0
CUST-14475,51897,160000,657,6143,48,1,0
CUST-14476,31869,115000,615,8962,52,0,0
CUST-14477,58587,185000,692,21732,38,0,0
CUST-14478,19985,65000,702,2733,52,0,0
CUST-14479,67978,140000,566,25627,43,0,0
CUST-14480,22086,55000,663,4108,53,2,1
CUST-14481,46300,85000,729,17880,30,0,0
CUST-14482,26302,75000,675,10257,57,0,0
CUST-14483,52928,140000,772,6130,51,1,0
CUST-14484,39459,160000,608,13450,44,0,0
CUST-14485,18081,55000,753,2128,41,0,0
CUST-14486,49530,170000,769,6401,44,3,0
CUST-14487,30062,70000,772,2388,51,1,0
CUST-14488,62353,225000,608,6533,38,1,0
CUST-14489,40161,120000,730,10894,53,0,0
CUST-14490,48908,160000,666,10135,48,0,1
CUST-14491,24864,55000,618,8126,31,0,0
CUST-14492,29891,85000,683,4967,43,0,0
CUST-14493,31910,100000,651,12413,55,0,0
CUST-14494,61595,185000,769,4154,47,1,0
CUST-14495,92845,350000,743,6687,46,0,0
CUST-14496,26833,100000,635,7928,51,0,0
CUST-14497,68763,270000,662,24798,48,0,0
CUST-14498,15000,50000,685,4926,50,0,0
CUST-14499,22090,85000,705,4891,44,0,0
CUST-14500,24849,90000,775,3587,50,0,1
CUST-14501,20409,45000,754,1116,34,0,0
CUST-14502,18182,45000,713,4151,42,0,0
CUST-14503,49340,105000,693,10680,46,0,0
CUST-14504,36060,55000,594,6147,46,0,0
CUST-14505,48518,95000,793,12242,51,1,0
CUST-14506,56683,85000,680,17293,45,0,0
CUST-14507,45835,150000,811,13535,42,0,0
CUST-14508,55763,145000,722,7926,37,0,0
CUST-14509,38763,90000,841,9878,51,0,0
CUST-14510,22170,75000,749,2262,59,0,1
CUST-14511,68111,245000,616,6304,46,1,0
CUST-14512,29894,120000,670,9717,45,0,0
CUST-14513,25139,80000,699,7360,47,0,0
CUST-14514,36718,95000,653,11704,46,0,0
CUST-14515,25427,60000,685,2628,46,0,0
CUST-14516,32574,65000,621,12056,43,0,0
CUST-14517,47668,95000,710,4604,43,0,0
CUST-14518,47770,120000,725,16935,46,0,0
CUST-14519,25618,100000,644,4440,44,0,0
CUST-14520,31449,45000,836,2732,56,0,1
CUST-14521,68676,135000,714,10326,44,0,0
CUST-14522,51441,100000,656,5838,45,2,0
CUST-14523,113270,375000,604,25115,48,0,0
CUST-14524,72407,170000,713,27689,49,0,0
CUST-14525,71121,190000,693,11717,50,0,0
CUST-14526,20051,40000,760,5298,39,0,0
CUST-14527,58801,150000,700,21291,42,0,0
CUST-14528,39083,70000,632,10572,45,0,0
CUST-14529,30470,85000,818,5386,49,0,0
CUST-14530,43652,75000,738,17320,41,0,1
CUST-14531,64383,225000,693,7442,38,0,0
CUST-14532,51555,150000,720,12019,47,1,0
CUST-14533,25868,85000,740,8506,39,0,0
CUST-14534,58176,150000,617,2922,55,0,0
CUST-14535,29179,70000,720,8628,51,2,0
CUST-14536,44727,80000,680,6408,33,0,0
CUST-14537,34486,95000,742,3772,49,0,0
CUST-14538,35974,100000,661,5251,61,0,0
CUST-14539,58872,155000,670,22865,43,0,0
CUST-14540,23858,80000,818,8640,37,0,1
CUST-14541,106148,380000,790,13248,42,0,0
CUST-14542,16146,55000,495,1468,47,0,0
CUST-14543,29767,55000,785,5282,40,0,0
CUST-14544,48296,150000,705,12427,31,0,0
CUST-14545,53753,90000,663,19001,50,1,0
CUST-14546,38168,125000,644,14814,55,2,0
CUST-14547,38999,95000,648,12202,41,0,0
CUST-14548,49280,90000,665,12795,54,0,0
CUST-14549,35755,130000,636,3568,53,2,0
CUST-14550,80546,245000,621,6114,36,0,1
CUST-14551,61063,145000,642,15791,49,0,0
CUST-14552,62094,100000,731,14820,53,0,0
CUST-14553,24758,70000,713,8569,46,0,0
CUST-14554,38572,145000,746,6283,51,0,0
CUST-14555,34536,105000,705,2206,50,0,0
CUST-14556,24274,95000,625,4813,43,0,0
CUST-14557,48054,90000,742,18703,47,0,0
CUST-14558,30674,90000,644,10074,56,0,0
CUST-14559,55698,195000,752,3443,41,0,0
CUST-14560,23503,65000,634,8370,48,0,1
CUST-14561,94799,165000,665,20390,50,0,0
CUST-14562,25638,75000,686,4555,30,0,0
CUST-14563,44786,135000,753,7674,41,1,0
CUST-14564,59630,200000,721,15402,45,0,0
CUST-14565,30172,105000,711,7111,59,0,0
CUST-14566,61465,210000,832,17199,33,0,0
CUST-14567,21707,70000,590,5443,42,0,0
CUST-14568,82955,170000,642,8327,34,0,0
CUST-14569,40419,100000,639,5659,52,0,0
CUST-14570,29786,100000,594,10257,52,0,1
CUST-14571,34558,135000,663,9750,55,0,0
CUST-14572,60141,100000,754,12445,51,0,0
CUST-14573,29964,85000,671,3413,38,0,0
CUST-14574,27593,65000,688,1453,55,1,0
CUST-14575,35926,75000,598,5718,41,0,0
CUST-14576,22281,60000,658,1541,38,0,0
CUST-14577,99735,300000,679,21821,47,0,0
CUST-14578,30236,45000,751,10208,53,0,0
CUST-14579,60828,210000,601,9117,41,0,0
CUST-14580,44566,160000,680,15451,38,0,1
CUST-14581,24531,95000,780,7275,35,0,0
CUST-14582,40015,80000,681,3755,38,0,0
CUST-14583,59397,175000,572,16369,34,0,0
CUST-14584,36529,95000,793,3765,54,0,0
CUST-14585,72879,170000,757,20346,39,0,0
CUST-14586,66886,195000,766,6685,40,0,0
CUST-14587,63542,220000,596,11906,47,0,0
CUST-14588,31893,50000,808,7919,40,0,0
CUST-14589,23390,90000,659,1581,36,0,0
CUST-14590,29531,105000,676,3061,56,0,1
CUST-14591,44272,150000,664,7178,36,0,0
CUST-14592,52727,180000,771,11168,29,0,0
CUST-14593,15000,35000,698,5257,38,0,0
CUST-14594,39972,135000,741,4618,40,0,0
CUST-14595,43436,105000,714,7454,45,2,0
CUST-14596,34934,130000,703,7563,59,0,0
CUST-14597,76545,150000,648,11751,42,0,0
CUST-14598,49557,110000,827,13331,51,0,0
CUST-14599,77272,220000,614,10803,55,0,0
CUST-14600,36026,85000,736,11539,36,1,1
CUST-14601,64134,165000,734,14545,41,0,0
CUST-14602,90901,250000,785,7290,41,1,0
CUST-14603,77330,280000,800,20836,39,0,0
CUST-14604,23246,65000,701,5793,44,0,0
CUST-14605,35353,85000,744,5957,33,0,0
CUST-14606,33773,70000,824,1820,57,0,0
CUST-14607,51258,130000,705,6163,31,1,0
CUST-14608,56566,160000,640,10860,35,0,0
CUST-14609,26385,90000,685,3165,52,0,0
CUST-14610,41519,75000,625,10467,40,0,1
CUST-14611,15000,30000,734,4489,54,1,0
CUST-14612,82534,200000,779,28854,51,0,0
CUST-14613,31064,75000,702,8587,36,0,0
CUST-14614,41271,100000,604,12016,53,0,0
CUST-14615,34378,120000,776,9039,52,0,0
CUST-14616,71183,165000,594,28111,50,1,0
CUST-14617,15000,40000,609,2120,40,0,0
CUST-14618,39802,120000,698,5699,36,0,0
CUST-14619,38066,80000,726,3586,27,0,0
CUST-14620,31990,105000,737,7037,41,0,1
CUST-14621,95140,275000,705,7959,64,1,0
CUST-14622,25753,65000,824,3722,37,1,0
CUST-14623,59035,210000,714,12925,43,3,0
CUST-14624,47960,100000,777,18472,52,0,0
CUST-14625,75414,280000,761,29210,48,0,0
CUST-14626,28750,85000,625,8921,55,1,0
CUST-14627,27820,85000,698,5181,55,2,0
CUST-14628,69427,255000,848,24494,40,2,0
CUST-14629,49645,175000,677,17693,40,1,0
CUST-14630,18537,55000,666,6832,52,0,1
CUST-14631,30648,105000,721,8397,44,0,0
CUST-14632,48688,125000,679,5873,29,0,0
CUST-14633,61015,175000,658,4995,56,0,0
CUST-14634,28577,45000,678,10578,46,2,0
CUST-14635,15000,25000,803,1041,50,0,0
CUST-14636,52136,185000,701,8006,47,0,0
CUST-14637,21803,35000,623,4806,40,0,0
CUST-14638,15000,30000,611,865,39,0,0
CUST-14639,15000,50000,853,5511,56,0,0
CUST-14640,60294,90000,695,9073,47,0,1
CUST-14641,42800,95000,738,2567,40,0,0
CUST-14642,35852,105000,659,14260,51,0,0
CUST-14643,80379,240000,730,12779,47,0,0
CUST-14644,55196,190000,804,19697,36,0,0
CUST-14645,90052,250000,667,18795,40,0,0
CUST-14646,20002,55000,739,5642,45,0,0
CUST-14647,39447,130000,618,5300,49,2,0
CUST-14648,17883,50000,841,4041,44,0,0
CUST-14649,35785,110000,727,5016,34,0,0
CUST-14650,35443,135000,683,13570,41,2,1
CUST-14651,54902,135000,690,3916,43,0,0
CUST-14652,41059,100000,676,6000,45,0,0
CUST-14653,54814,85000,680,19874,39,1,0
CUST-14654,57052,175000,550,12438,52,0,0
CUST-14655,117884,185000,703,30653,44,0,0
CUST-14656,34281,95000,700,9533,41,0,0
CUST-14657,25071,90000,741,1875,42,0,0
CUST-14658,45389,130000,675,2551,47,1,0
CUST-14659,26872,60000,659,10164,50,0,0
CUST-14660,84202,290000,709,12211,59,0,1
CUST-14661,34835,75000,605,6378,45,2,0
CUST-14662,30248,100000,719,8733,41,0,0
CUST-14663,31708,95000,588,4207,52,0,0
CUST-14664,57480,110000,782,17621,45,0,0
CUST-14665,37090,140000,754,7803,37,0,0
CUST-14666,29119,60000,649,10186,36,1,0
CUST-14667,92288,365000,752,13611,57,0,0
CUST-14668,26158,40000,717,3173,52,0,0
CUST-14669,40854,90000,644,13934,36,1,0
CUST-14670,55611,110000,578,9132,54,0,1
CUST-14671,17753,25000,730,3446,51,0,0
CUST-14672,51028,170000,658,16726,44,0,0
CUST-14673,23681,75000,781,6451,41,0,0
CUST-14674,60560,210000,710,12390,40,1,0
CUST-14675,24801,55000,664,3409,51,0,0
CUST-14676,56748,150000,826,18015,48,0,0
CUST-14677,69767,220000,747,7894,56,0,0
CUST-14678,61741,160000,472,23146,51,0,0
CUST-14679,45508,150000,678,4669,42,1,0
CUST-14680,35751,110000,620,11859,29,0,1
CUST-14681,30085,55000,658,5971,50,0,0
CUST-14682,83743,290000,700,9639,38,0,0
CUST-14683,28289,95000,733,5398,52,0,0
CUST-14684,23896,75000,726,3047,37,1,0
CUST-14685,55976,105000,780,5463,48,0,0
CUST-14686,26955,60000,751,3604,53,0,0
CUST-14687,24958,60000,747,8824,44,0,0
CUST-14688,19500,45000,723,1698,59,0,0
CUST-14689,31525,65000,793,12307,47,0,0
CUST-14690,38508,135000,689,1992,52,0,1
CUST-14691,45321,140000,691,12707,44,0,0
CUST-14692,64579,190000,586,22588,44,0,0
CUST-14693,52231,110000,778,19685,52,0,0
CUST-14694,36481,140000,704,3662,46,0,0
CUST-14695,36348,70000,900,10699,48,0,0
CUST-14696,51796,180000,683,4535,38,1,0
CUST-14697,75832,295000,715,13150,44,3,0
CUST-14698,42751,140000,745,13089,50,0,0
CUST-14699,31743,125000,638,5430,40,2,0
CUST-14700,24429,75000,733,3900,45,0,1
CUST-14701,19484,40000,712,1765,48,1,0
CUST-14702,56001,115000,690,4102,47,0,0
CUST-14703,53583,125000,786,4841,54,0,0
CUST-14704,53566,80000,651,19091,47,0,0
CUST-14705,37634,120000,727,2029,41,2,0
CUST-14706,81102,175000,804,23722,45,2,0
CUST-14707,31506,110000,664,10050,34,0,0
CUST-14708,64707,155000,690,16096,56,1,0
CUST-14709,39364,105000,862,12036,47,0,0
CUST-14710,29608,115000,740,8239,45,0,1
CUST-14711,53974,115000,677,11304,40,0,0
CUST-14712,49257,165000,762,9060,39,0,0
CUST-14713,47977,165000,673,18205,48,0,0
CUST-14714,41799,85000,608,16309,48,0,0
CUST-14715,39381,110000,799,10945,49,0,0
CUST-14716,132479,315000,638,15772,53,1,0
CUST-14717,72557,250000,869,15002,45,0,0
CUST-14718,57607,175000,678,12891,41,0,0
CUST-14719,42442,115000,848,13381,44,1,0
CUST-14720,66408,230000,621,18841,44,1,1
CUST-14721,51999,110000,776,11969,38,1,0
CUST-14722,40664,140000,742,11716,50,0,0
CUST-14723,34482,125000,764,2014,38,0,0
CUST-14724,38543,140000,772,12403,54,0,0
CUST-14725,15000,50000,677,1861,45,0,0
CUST-14726,44591,110000,624,12474,52,0,0
CUST-14727,31437,125000,706,2825,43,3,0
CUST-14728,88994,220000,724,8014,49,0,0
CUST-14729,40524,125000,679,2531,56,0,0
CUST-14730,22148,40000,728,8163,52,0,1
CUST-14731,39146,155000,731,10240,42,1,0
CUST-14732,23788,80000,650,4203,51,0,0
CUST-14733,50853,170000,735,16563,51,0,0
CUST-14734,46419,75000,692,12492,45,0,0
CUST-14735,64790,220000,664,17300,37,1,0
CUST-14736,27026,95000,761,5958,33,0,0
CUST-14737,40823,130000,659,2154,34,0,0
CUST-14738,20282,45000,680,2848,43,0,0
CUST-14739,56996,155000,714,5025,47,0,0
CUST-14740,52022,90000,799,14662,46,2,1
CUST-14741,51426,140000,722,7046,28,0,0
CUST-14742,40167,85000,744,8336,34,0,0
CUST-14743,49384,115000,690,8578,47,0,0
CUST-14744,89515,170000,704,8962,49,1,0
CUST-14745,34802,70000,706,13413,48,2,0
CUST-14746,43015,75000,729,16203,49,0,0
CUST-14747,23316,90000,690,1856,40,0,0
CUST-14748,26000,75000,797,8829,54,2,0
CUST-14749,42146,105000,685,9311,45,0,0
CUST-14750,69700,200000,599,22360,44,1,1
CUST-14751,35307,110000,888,3633,33,0,0
CUST-14752,35669,135000,688,3434,37,0,0
CUST-14753,32746,65000,795,11846,41,2,0
CUST-14754,30718,70000,801,11188,45,0,0
CUST-14755,46512,185000,771,9910,50,0,0
CUST-14756,18984,45000,697,6730,45,0,0
CUST-14757,76150,120000,728,21596,49,0,0
CUST-14758,28775,55000,627,3302,48,0,0
CUST-14759,57581,90000,839,9508,44,1,0
CUST-14760,21268,85000,654,2076,36,0,1
CUST-14761,56073,125000,693,17992,59,0,0
CUST-14762,56160,215000,716,22174,55,0,0
CUST-14763,48635,195000,703,11732,42,1,0
CUST-14764,24410,75000,667,6823,39,0,0
CUST-14765,45468,70000,800,14146,47,0,0
CUST-14766,22213,40000,771,2854,53,0,0
CUST-14767,35369,95000,730,5927,49,0,0
CUST-14768,67151,170000,684,13048,36,0,0
CUST-14769,59775,180000,779,15428,42,3,0
CUST-14770,40440,105000,679,14059,46,0,1
CUST-14771,24651,95000,812,3425,38,0,0
CUST-14772,55425,155000,717,11905,44,0,0
CUST-14773,40525,130000,789,12685,44,0,0
CUST-14774,15000,55000,702,1208,43,1,0
CUST-14775,59356,110000,714,13622,49,0,0
CUST-14776,39651,80000,789,3986,47,2,0
CUST-14777,73220,130000,852,17477,38,0,0
CUST-14778,23210,45000,811,7397,39,2,0
CUST-14779,15000,40000,767,1993,58,1,0
CUST-14780,46144,105000,748,16026,41,0,1
CUST-14781,46433,120000,677,7762,43,0,0
CUST-14782,17234,70000,729,2012,42,0,0
CUST-14783,24606,45000,650,5237,48,0,0
CUST-14784,159151,455000,734,56757,47,0,0
CUST-14785,34447,60000,738,2553,43,0,0
CUST-14786,57842,135000,582,9523,46,0,0
CUST-14787,28988,80000,712,8076,40,0,0
CUST-14788,15000,60000,736,2627,46,0,0
CUST-14789,36859,90000,704,2756,48,0,0
CUST-14790,35143,60000,733,5840,44,1,1
CUST-14791,32861,80000,622,11085,45,0,0
CUST-14792,37898,70000,659,14735,54,0,0
CUST-14793,45804,95000,777,2927,47,0,0
CUST-14794,37232,115000,710,9280,43,0,0
CUST-14795,21332,35000,732,1852,37,0,0
CUST-14796,51179,135000,674,14746,43,0,0
CUST-14797,15143,45000,711,798,41,1,0
CUST-14798,15000,40000,560,827,35,0,0
CUST-14799,58080,90000,764,18696,52,0,0
CUST-14800,51715,205000,827,3933,49,0,1
CUST-14801,38999,95000,640,6115,46,0,0
CUST-14802,19975,70000,648,7696,40,1,0
CUST-14803,28170,65000,738,11122,59,1,0
CUST-14804,35193,95000,805,3747,50,0,0
CUST-14805,18070,45000,709,4450,47,0,0
CUST-14806,27735,65000,630,6814,42,1,0
CUST-14807,55612,85000,696,11585,53,0,0
CUST-14808,81932,195000,643,30613,37,1,0
CUST-14809,32541,120000,666,10215,36,0,0
CUST-14810,58585,190000,690,18605,43,0,1
CUST-14811,15413,30000,649,2224,50,0,0
CUST-14812,55810,165000,659,11274,47,0,0
CUST-14813,26850,100000,714,5923,44,1,0
CUST-14814,46801,150000,723,7236,38,0,0
CUST-14815,35458,65000,617,2949,47,0,0
CUST-14816,77668,285000,735,7318,44,1,0
CUST-14817,25920,60000,685,2935,32,0,0
CUST-14818,54929,145000,756,6661,50,1,0
CUST-14819,34900,100000,760,4704,47,0,0
CUST-14820,37080,135000,674,5169,48,1,1
CUST-14821,36609,140000,749,7669,50,0,0
CUST-14822,26295,100000,655,6004,40,0,0
CUST-14823,39852,60000,796,6300,59,0,0
CUST-14824,38897,150000,658,14296,38,1,0
CUST-14825,45279,75000,732,11029,52,0,0
CUST-14826,41866,90000,697,13632,43,2,0
CUST-14827,59814,165000,643,22339,41,0,0
CUST-14828,63688,170000,768,6820,52,0,0
CUST-14829,23734,70000,670,4741,40,0,0
CUST-14830,61968,165000,599,12494,27,0,1
CUST-14831,22177,85000,522,3860,45,1,0
CUST-14832,53848,115000,653,2860,35,2,0
CUST-14833,54713,120000,799,18361,47,0,0
CUST-14834,15434,60000,791,1374,41,1,0
CUST-14835,42044,70000,663,16751,57,1,0
CUST-14836,31753,95000,685,10177,34,0,0
CUST-14837,27463,90000,679,6948,50,0,0
CUST-14838,78859,220000,623,8210,41,0,0
CUST-14839,28945,95000,648,6668,48,0,0
CUST-14840,26817,50000,773,3791,52,0,1
CUST-14841,41682,150000,742,5765,48,3,0
CUST-14842,56545,105000,727,19244,47,0,0
CUST-14843,37390,95000,623,6850,41,0,0
CUST-14844,71911,120000,716,14939,51,0,0
CUST-14845,52338,150000,560,18058,46,0,0
CUST-14846,15000,50000,764,1210,48,0,0
CUST-14847,30799,120000,726,7949,42,1,0
CUST-14848,30305,100000,622,7648,46,0,0
CUST-14849,51005,145000,815,10141,36,0,0
CUST-14850,15000,55000,593,5106,46,0,1
CUST-14851,143559,385000,744,54554,52,1,0
CUST-14852,52339,150000,746,11141,40,0,0
CUST-14853,43236,130000,629,9064,44,2,0
CUST-14854,72459,185000,707,16355,48,0,0
CUST-14855,129550,465000,603,39265,41,1,0
CUST-14856,62029,120000,524,17605,30,1,0
CUST-14857,64499,185000,640,8255,44,0,0
CUST-14858,42845,140000,669,3100,35,1,0
CUST-14859,37392,140000,751,14292,39,0,0
CUST-14860,31637,115000,714,4472,64,0,1
CUST-14861,26554,75000,716,7262,38,2,0
CUST-14862,28466,90000,644,9677,43,0,0
CUST-14863,20429,50000,675,3168,51,0,0
CUST-14864,38640,105000,649,10525,35,0,0
CUST-14865,17286,65000,630,1517,39,0,0
CUST-14866,44154,170000,671,17196,39,0,0
CUST-14867,39412,145000,714,2772,50,0,0
CUST-14868,43194,80000,672,8783,34,2,0
CUST-14869,30913,110000,688,7353,31,0,0
CUST-14870,186918,500000,755,61060,45,0,1
CUST-14871,79225,190000,677,7319,48,0,0
CUST-14872,21541,60000,623,4400,29,0,0
CUST-14873,45090,155000,746,6984,43,0,0
CUST-14874,29613,85000,727,4714,41,1,0
CUST-14875,24167,95000,731,7795,31,0,0
CUST-14876,20536,55000,750,1066,36,0,0
CUST-14877,49816,165000,739,15551,65,1,0
CUST-14878,28547,100000,711,9524,52,1,0
CUST-14879,65115,180000,865,23798,46,0,0
CUST-14880,65965,240000,626,17771,43,0,1
CUST-14881,79774,230000,671,13299,47,0,0
CUST-14882,26207,65000,772,5229,51,0,0
CUST-14883,50903,90000,719,19822,42,2,0
CUST-14884,55062,135000,759,19735,55,0,0
CUST-14885,31663,105000,721,6719,47,0,0
CUST-14886,27285,105000,799,10370,37,0,0
CUST-14887,89747,190000,644,30337,51,0,0
CUST-14888,44969,105000,797,16430,47,0,0
CUST-14889,55159,105000,786,15943,37,0,0
CUST-14890,26607,85000,631,9317,38,0,1
CUST-14891,21815,85000,750,7899,47,0,0
CUST-14892,30190,95000,707,2481,55,0,0
CUST-14893,37721,115000,670,14629,39,0,0
CUST-14894,23573,70000,587,3931,51,0,0
CUST-14895,39937,70000,644,8145,40,0,0
CUST-14896,17253,55000,756,5644,44,0,0
CUST-14897,22924,70000,762,6480,44,0,0
CUST-14898,56131,175000,696,20351,45,0,0
CUST-14899,54279,205000,763,10323,60,1,0
CUST-14900,32993,115000,771,5960,44,0,1
CUST-14901,24127,85000,720,1473,38,0,0
CUST-14902,24011,90000,663,5089,35,2,0
CUST-14903,33301,130000,738,10104,45,0,0
CUST-14904,55395,165000,741,8609,52,0,0
CUST-14905,63839,115000,753,13530,54,1,0
CUST-14906,31311,85000,766,3969,38,0,0
CUST-14907,22544,80000,621,7224,44,0,0
CUST-14908,45886,70000,676,3266,48,1,0
CUST-14909,26588,45000,586,7893,42,2,0
CUST-14910,30973,50000,758,5656,36,0,1
CUST-14911,77857,260000,696,5026,50,0,0
CUST-14912,60691,165000,738,21163,34,0,0
CUST-14913,43433,105000,614,9585,41,0,0
CUST-14914,21248,35000,801,5519,34,0,0
CUST-14915,44609,150000,632,13659,34,0,0
CUST-14916,68277,155000,760,19068,50,0,0
CUST-14917,33262,70000,717,10171,41,1,0
CUST-14918,78870,245000,697,24985,40,0,0
CUST-14919,76601,220000,692,19625,53,0,0
CUST-14920,92213,220000,668,16411,44,1,1
CUST-14921,46752,145000,794,6316,43,0,0
CUST-14922,53835,115000,710,19704,53,1,0
CUST-14923,81396,285000,627,31701,41,0,0
CUST-14924,50196,105000,685,8793,43,0,0
CUST-14925,31237,60000,718,2789,43,1,0
CUST-14926,32071,110000,768,4101,38,0,0
CUST-14927,45219,150000,670,12875,38,0,0
CUST-14928,21051,40000,675,2326,33,0,0
CUST-14929,37360,65000,711,12068,45,0,0
CUST-14930,69443,250000,766,25906,42,0,1
CUST-14931,15000,50000,621,5809,42,4,0
CUST-14932,86443,200000,742,4604,42,1,0
CUST-14933,70346,220000,679,27108,56,0,0
CUST-14934,31892,60000,688,9856,49,0,0
CUST-14935,52664,145000,840,4182,39,0,0
CUST-14936,40198,60000,697,7852,42,0,0
CUST-14937,74235,185000,759,21900,35,0,0
CUST-14938,65600,110000,756,25245,45,0,0
CUST-14939,19929,55000,633,2141,42,0,0
CUST-14940,53832,135000,590,5098,50,0,1
CUST-14941,36213,95000,763,7797,45,0,0
CUST-14942,41831,65000,639,16265,53,1,0
CUST-14943,27886,65000,601,10875,60,1,0
CUST-14944,96188,325000,776,12482,40,0,0
CUST-14945,67509,165000,643,10921,38,0,0
CUST-14946,27725,90000,659,10197,43,3,0
CUST-14947,20592,50000,838,6325,46,0,0
CUST-14948,33095,85000,602,12917,49,0,0
CUST-14949,49873,145000,628,18084,45,0,0
CUST-14950,45256,175000,680,5669,40,0,1
CUST-14951,75099,135000,694,23724,40,0,0
CUST-14952,59573,95000,651,3991,44,0,0
CUST-14953,65171,195000,634,21913,56,0,0
CUST-14954,47260,185000,808,12313,46,1,0
CUST-14955,20037,80000,727,7706,41,0,0
CUST-14956,36393,100000,748,14048,42,0,0
CUST-14957,68189,180000,701,4622,50,0,0
CUST-14958,39114,120000,728,4153,38,1,0
CUST-14959,51613,150000,770,11327,42,2,0
CUST-14960,34222,105000,645,12245,45,0,1
CUST-14961,23982,90000,727,8035,48,1,0
CUST-14962,37734,125000,755,14623,43,3,0
CUST-14963,46841,130000,810,12475,53,0,0
CUST-14964,28916,75000,836,4042,41,4,0
CUST-14965,35672,110000,714,2097,41,2,0
CUST-14966,25091,65000,784,3212,45,0,0
CUST-14967,70236,185000,536,20111,41,1,0
CUST-14968,34640,55000,810,12962,36,0,0
CUST-14969,82981,160000,662,13469,48,2,0
CUST-14970,86195,235000,694,30728,43,0,1
CUST-14971,38540,135000,738,7253,36,0,0
CUST-14972,24240,55000,700,3827,46,1,0
CUST-14973,15000,40000,722,3421,56,1,0
CUST-14974,19225,45000,813,3937,59,0,0
CUST-14975,20192,35000,685,7467,42,0,0
CUST-14976,79956,310000,639,17101,52,0,0
CUST-14977,42527,155000,827,6254,45,1,0
CUST-14978,48766,85000,744,16819,40,0,0
CUST-14979,15000,50000,834,5993,36,2,0
CUST-14980,22048,50000,766,6104,37,1,1
CUST-14981,62538,250000,623,8609,52,0,0
CUST-14982,46322,105000,751,6187,52,0,0
CUST-14983,37286,80000,646,2617,49,0,0
CUST-14984,53232,155000,710,4101,44,0,0
CUST-14985,90934,325000,705,33667,50,0,0
CUST-14986,35935,70000,604,3010,53,0,0
CUST-14987,41551,135000,657,9121,48,1,0
CUST-14988,44191,75000,853,13007,45,0,0
CUST-14989,132727,500000,725,46139,53,0,0
CUST-14990,15000,25000,698,1649,42,1,1
CUST-14991,56478,215000,827,11477,39,0,0
CUST-14992,37895,105000,684,5230,43,0,0
CUST-14993,53283,140000,704,7435,44,0,0
CUST-14994,28891,115000,774,4516,44,0,0
CUST-14995,39164,155000,683,10006,43,0,0
CUST-14996,57279,180000,661,3196,49,0,0
CUST-14997,190318,345000,563,36744,45,0,0
CUST-14998,60115,165000,649,6936,45,1,0
CUST-14999,26264,75000,648,10203,57,2,0
CUST-15000,32471,90000,720,8246,35,0,1
CUST-15001,31993,95000,670,11320,36,2,0
CUST-15002,16353,25000,850,1937,41,2,0
CUST-15003,34028,110000,641,11348,45,0,0
CUST-15004,57896,190000,801,11299,40,0,0
CUST-15005,21223,40000,724,2381,44,0,0
CUST-15006,67794,200000,762,21452,54,0,0
CUST-15007,51220,150000,758,16221,44,0,0
CUST-15008,27802,90000,565,11080,41,0,0
CUST-15009,37392,65000,709,12089,57,0,0
CUST-15010,89246,275000,692,8999,54,0,1
CUST-15011,57917,130000,636,9434,45,1,0
CUST-15012,40311,110000,739,8388,49,1,0
CUST-15013,35637,120000,821,3361,48,0,0
CUST-15014,41702,135000,536,13587,32,0,0
CUST-15015,31073,55000,675,7281,49,2,0
CUST-15016,15000,45000,629,5708,39,2,0
CUST-15017,111422,435000,714,28552,47,1,0
CUST-15018,43376,80000,688,10107,49,0,0
CUST-15019,48975,180000,670,3673,42,0,0
CUST-15020,38989,125000,754,3987,52,1,1
CUST-15021,27790,95000,816,9652,50,2,0
CUST-15022,36571,80000,882,14509,39,1,0
CUST-15023,18039,40000,661,3523,32,1,0
CUST-15024,125309,470000,591,41794,39,0,0
CUST-15025,21649,50000,746,5837,40,0,0
CUST-15026,23957,40000,814,9239,40,0,0
CUST-15027,32204,95000,762,4294,48,0,0
CUST-15028,76422,140000,814,18394,52,0,0
CUST-15029,40427,140000,695,7805,39,1,0
CUST-15030,21632,65000,670,5183,51,0,1
CUST-15031,75144,275000,717,10828,39,0,0
CUST-15032,57843,200000,688,12969,36,2,0
CUST-15033,52534,95000,753,14114,46,0,0
CUST-15034,57403,140000,773,4501,54,3,0
CUST-15035,132877,455000,778,41197,37,0,0
CUST-15036,119676,305000,743,35577,41,0,0
CUST-15037,28471,110000,725,10197,49,0,0
CUST-15038,90394,300000,761,17992,52,0,0
CUST-15039,48609,75000,582,3479,52,0,0
CUST-15040,51510,190000,723,10894,36,0,1
CUST-15041,17220,30000,713,1690,35,0,0
CUST-15042,36857,70000,723,10194,50,0,0
CUST-15043,26731,90000,704,1777,52,1,0
CUST-15044,60720,220000,738,10984,55,0,0
CUST-15045,68565,195000,672,5416,45,0,0
CUST-15046,15000,35000,783,767,56,1,0
CUST-15047,39695,95000,740,15330,49,0,0
CUST-15048,70328,165000,719,28035,36,0,0
CUST-15049,36558,85000,664,8935,43,0,0
CUST-15050,57787,120000,762,7722,51,0,1
CUST-15051,47838,145000,723,17646,44,0,0
CUST-15052,47611,180000,660,17761,44,0,0
CUST-15053,35043,80000,706,12232,39,0,0
CUST-15054,21844,45000,750,5254,30,0,0
CUST-15055,22907,80000,745,1744,44,0,0
CUST-15056,57221,190000,741,4632,45,1,0
CUST-15057,40527,155000,716,14744,57,0,0
CUST-15058,37449,70000,776,13352,37,2,0
CUST-15059,32469,60000,790,6560,39,0,0
CUST-15060,34454,100000,757,5679,46,0,1
CUST-15061,67741,205000,671,18658,37,0,0
CUST-15062,33940,90000,641,11283,45,0,0
CUST-15063,20526,60000,674,6282,49,2,0
CUST-15064,58210,115000,836,15452,40,1,0
CUST-15065,36227,100000,728,4746,44,0,0
CUST-15066,40769,130000,848,5784,55,0,0
CUST-15067,89660,230000,702,27204,43,1,0
CUST-15068,39724,125000,693,13145,50,1,0
CUST-15069,46378,120000,705,4204,47,0,0
CUST-15070,22259,50000,704,2572,49,0,1
CUST-15071,35960,80000,659,10362,48,0,0
CUST-15072,54435,140000,635,10132,48,1,0
CUST-15073,18440,30000,742,4557,43,1,0
CUST-15074,44374,140000,778,11767,49,0,0
CUST-15075,42209,150000,868,13577,49,1,0
CUST-15076,40971,100000,681,13602,43,2,0
CUST-15077,67412,110000,687,9979,43,0,0
CUST-15078,47439,190000,659,11359,38,0,0
CUST-15079,84038,180000,783,7835,54,0,0
CUST-15080,24421,45000,762,8418,43,0,1
CUST-15081,42957,105000,652,14859,31,0,0
CUST-15082,41866,140000,651,6481,42,0,0
CUST-15083,23514,55000,771,2497,45,1,0
CUST-15084,64740,190000,734,4825,60,0,0
CUST-15085,128326,325000,759,32240,45,0,0
CUST-15086,39795,70000,652,3263,48,0,0
CUST-15087,51663,120000,587,14889,45,0,0
CUST-15088,41867,140000,653,12030,45,0,0
CUST-15089,28091,85000,754,7441,50,4,0
CUST-15090,16149,30000,847,5761,52,1,1
CUST-15091,28201,55000,682,5143,56,0,0
CUST-15092,20010,60000,857,7319,51,0,0
CUST-15093,94094,330000,763,5920,42,0,0
CUST-15094,37890,90000,619,3389,49,0,0
CUST-15095,33760,100000,723,6558,46,0,0
CUST-15096,62603,120000,766,16145,50,0,0
CUST-15097,22905,50000,552,1404,51,0,0
CUST-15098,27352,40000,751,6799,52,0,0
CUST-15099,41524,140000,786,6543,47,0,0
CUST-15100,67129,170000,735,24200,48,2,1
CUST-15101,51577,185000,705,12205,55,0,0
CUST-15102,45440,150000,698,11621,46,0,0
CUST-15103,41733,150000,694,15898,44,1,0
CUST-15104,49026,110000,633,15563,48,2,0
CUST-15105,44392,85000,665,9029,53,0,0
CUST-15106,23980,95000,682,5201,41,0,0
CUST-15107,41070,135000,717,11367,38,2,0
CUST-15108,23462,85000,673,2817,51,0,0
CUST-15109,41795,65000,653,3386,39,0,0
CUST-15110,31560,75000,759,5015,44,0,1
CUST-15111,142870,480000,734,46066,42,0,0
CUST-15112,39342,65000,674,5510,43,0,0
CUST-15113,19888,60000,742,1904,43,1,0
CUST-15114,37530,95000,680,4753,46,0,0
CUST-15115,52035,80000,714,14967,53,0,0
CUST-15116,92659,195000,773,24543,57,0,0
CUST-15117,29889,65000,670,8695,45,0,0
CUST-15118,18192,30000,633,2959,36,0,0
CUST-15119,60380,185000,700,22056,52,2,0
CUST-15120,20124,40000,621,4188,37,0,1
CUST-15121,32270,70000,691,7415,50,2,0
CUST-15122,35284,130000,691,13481,48,3,0
CUST-15123,38761,105000,549,15223,35,1,0
CUST-15124,56646,140000,744,15948,30,0,0
CUST-15125,28514,95000,698,10854,58,0,0
CUST-15126,35001,130000,786,8383,48,0,0
CUST-15127,39849,60000,724,6278,40,0,0
CUST-15128,43252,115000,757,6932,46,0,0
CUST-15129,42146,130000,787,10352,42,0,0
CUST-15130,49911,115000,701,13064,40,0,1
CUST-15131,61201,210000,709,12476,41,0,0
CUST-15132,48840,190000,607,17549,40,0,0
CUST-15133,50351,195000,790,10037,49,0,0
CUST-15134,18194,40000,700,2650,53,0,0
CUST-15135,41155,85000,644,2172,41,1,0
CUST-15136,51008,200000,758,19877,40,0,0
CUST-15137,57784,155000,568,19560,60,1,0
CUST-15138,28390,55000,682,7536,44,0,0
CUST-15139,28867,95000,769,9834,45,1,0
CUST-15140,30120,65000,681,10048,40,0,1
CUST-15141,52481,115000,663,19740,38,2,0
CUST-15142,67301,250000,682,12459,53,0,0
CUST-15143,32737,60000,579,7994,46,1,0
CUST-15144,63195,105000,756,5341,48,0,0
CUST-15145,42690,95000,702,16557,42,1,0
CUST-15146,37716,115000,692,14890,39,0,0
CUST-15147,36109,65000,692,11778,45,0,0
CUST-15148,58296,155000,710,12180,35,0,0
CUST-15149,47230,145000,752,10569,43,0,0
CUST-15150,125230,455000,706,25343,39,0,1
CUST-15151,26209,55000,621,4001,30,0,0
CUST-15152,52002,185000,747,12206,42,1,0
CUST-15153,30803,65000,742,2116,51,0,0
CUST-15154,25987,85000,723,10321,43,0,0
CUST-15155,39917,105000,779,7920,48,1,0
CUST-15156,42987,75000,711,16101,41,0,0
CUST-15157,172661,500000,782,52401,45,2,0
CUST-15158,36604,75000,801,5544,43,0,0
CUST-15159,22809,45000,747,2913,56,0,0
CUST-15160,46004,110000,661,18331,44,0,1
CUST-15161,15000,45000,701,4803,49,1,0
CUST-15162,38331,80000,790,5265,38,1,0
CUST-15163,40457,80000,612,2977,49,0,0
CUST-15164,59712,90000,684,17550,49,0,0
CUST-15165,65304,175000,687,10191,43,2,0
CUST-15166,31201,80000,653,3977,54,0,0
CUST-15167,37223,80000,766,11435,44,0,0
CUST-15168,27362,45000,734,7873,45,0,0
CUST-15169,22833,60000,663,4988,41,2,0
CUST-15170,46861,165000,749,17803,46,0,1
CUST-15171,21230,70000,699,6111,45,0,0
CUST-15172,32620,120000,652,11831,47,0,0
CUST-15173,24401,35000,663,2847,53,0,0
CUST-15174,52830,205000,738,8126,40,0,0
CUST-15175,98786,230000,771,8553,54,0,0
CUST-15176,20935,85000,678,3278,42,0,0
CUST-15177,15890,35000,745,6199,46,0,0
CUST-15178,37705,100000,812,14591,51,0,0
CUST-15179,40451,95000,628,12787,38,0,0
CUST-15180,44771,105000,733,10403,46,0,1
CUST-15181,32107,115000,763,10379,47,0,0
CUST-15182,36303,120000,703,8847,53,0,0
CUST-15183,48230,190000,790,2470,41,0,0
CUST-15184,67522,205000,852,15229,47,0,0
CUST-15185,15100,40000,732,3920,49,1,0
CUST-15186,33373,60000,694,4772,46,0,0
CUST-15187,44663,180000,773,5411,41,2,0
CUST-15188,25362,75000,764,3698,50,1,0
CUST-15189,95376,310000,546,25586,48,0,0
CUST-15190,29210,75000,709,2953,31,0,1
CUST-15191,39314,115000,684,11877,33,0,0
CUST-15192,52998,205000,735,10490,47,0,0
CUST-15193,29862,55000,697,5186,46,0,0
CUST-15194,15942,35000,704,5301,51,0,0
CUST-15195,32392,60000,653,7356,48,1,0
CUST-15196,67152,235000,757,12251,38,0,0
CUST-15197,33912,55000,817,12118,51,0,0
CUST-15198,26285,45000,654,4702,42,0,0
CUST-15199,63757,145000,619,22356,47,0,0
CUST-15200,34016,95000,711,7703,46,0,1
CUST-15201,31098,80000,708,3818,48,0,0
CUST-15202,43248,70000,786,11438,47,0,0
CUST-15203,59004,230000,630,8842,34,0,0
CUST-15204,132039,500000,675,13402,41,0,0
CUST-15205,60695,135000,570,4872,45,2,0
CUST-15206,71676,240000,799,9647,37,0,0
CUST-15207,31163,90000,726,9591,40,1,0
CUST-15208,24030,50000,679,8249,38,1,0
CUST-15209,41405,90000,624,14558,43,0,0
CUST-15210,42344,115000,630,6120,36,0,1
CUST-15211,23405,60000,736,6584,41,1,0
CUST-15212,36766,80000,638,4802,35,0,0
CUST-15213,49004,170000,716,13131,46,0,0
CUST-15214,48059,130000,842,17326,42,1,0
CUST-15215,51644,160000,687,3321,52,2,0
CUST-15216,46419,90000,647,18327,43,0,0
CUST-15217,31147,90000,734,10573,46,3,0
CUST-15218,31040,70000,630,9826,53,3,0
CUST-15219,22038,60000,821,6434,32,0,0
CUST-15220,97967,340000,801,31309,54,0,1
CUST-15221,40405,140000,699,16085,52,0,0
CUST-15222,35867,85000,651,11461,52,0,0
CUST-15223,25225,80000,682,4365,44,0,0
CUST-15224,174177,500000,690,46134,38,0,0
CUST-15225,23466,70000,734,3940,49,0,0
CUST-15226,32389,60000,777,12616,55,0,0
CUST-15227,49410,160000,642,18037,55,1,0
CUST-15228,54182,95000,775,13473,50,0,0
CUST-15229,64793,240000,750,20957,43,0,0
CUST-15230,99092,275000,676,36504,51,0,1
CUST-15231,51693,125000,639,6991,50,0,0
CUST-15232,23670,40000,717,5984,43,0,0
CUST-15233,35296,85000,641,7715,48,0,0
CUST-15234,46812,175000,776,14982,39,1,0
CUST-15235,112883,175000,636,20621,37,0,0
CUST-15236,19952,55000,745,5948,45,0,0
CUST-15237,73224,280000,704,13989,44,0,0
CUST-15238,43912,110000,673,3902,54,3,0
CUST-15239,61017,155000,703,5338,45,0,0
CUST-15240,38139,110000,780,3496,57,0,1
CUST-15241,26338,70000,632,1616,41,0,0
CUST-15242,58421,110000,683,13818,46,0,0
CUST-15243,55671,85000,661,15875,56,0,0
CUST-15244,65253,195000,707,6156,38,0,0
CUST-15245,39868,150000,665,10531,54,0,0
CUST-15246,29735,55000,595,7707,53,3,0
CUST-15247,18409,35000,641,1868,53,1,0
CUST-15248,60456,145000,816,11573,44,0,0
CUST-15249,49609,175000,726,15591,39,0,0
CUST-15250,24763,55000,723,1383,42,0,1
CUST-15251,30659,115000,691,3109,50,0,0
CUST-15252,31780,50000,706,12665,56,0,0
CUST-15253,19120,75000,682,5864,43,0,0
CUST-15254,26666,75000,744,5665,46,0,0
CUST-15255,22767,70000,716,6156,46,2,0
CUST-15256,32655,80000,633,11304,49,0,0
CUST-15257,27740,95000,726,9564,45,1,0
CUST-15258,17791,35000,550,2911,37,0,0
CUST-15259,110337,180000,736,24489,54,1,0
CUST-15260,75077,185000,618,20519,43,3,1
CUST-15261,27186,100000,703,2043,34,0,0
CUST-15262,45991,155000,632,17523,45,0,0
CUST-15263,49450,140000,710,9962,45,3,0
CUST-15264,72805,215000,747,13090,55,0,0
CUST-15265,26654,50000,807,9794,42,1,0
CUST-15266,69289,250000,609,6333,40,0,0
CUST-15267,30517,105000,773,1945,33,0,0
CUST-15268,20579,65000,718,5962,45,0,0
CUST-15269,57645,155000,680,10649,59,0,0
CUST-15270,76525,300000,759,24301,48,4,1
CUST-15271,146379,500000,694,10830,48,0,0
CUST-15272,22029,70000,756,4060,40,0,0
CUST-15273,56923,140000,645,7534,38,0,0
CUST-15274,32698,100000,668,10099,48,1,0
CUST-15275,59378,175000,771,7690,49,0,0
CUST-15276,19240,50000,806,4045,47,0,0
CUST-15277,21345,50000,707,7184,55,2,0
CUST-15278,27229,70000,528,10085,32,0,0
CUST-15279,41751,125000,697,12646,39,0,0
CUST-15280,29128,75000,712,5832,44,0,1
CUST-15281,55799,120000,694,13960,43,0,0
CUST-15282,67066,230000,731,19542,37,0,0
CUST-15283,54164,155000,679,19294,38,0,0
CUST-15284,90164,150000,764,32549,34,1,0
CUST-15285,49410,120000,634,18570,28,1,0
CUST-15286,21841,80000,790,7289,43,0,0
CUST-15287,79355,270000,810,8044,41,1,0
CUST-15288,29656,70000,650,9242,37,0,0
CUST-15289,63272,245000,650,21202,43,0,0
CUST-15290,88156,150000,736,31494,46,0,1
CUST-15291,50430,195000,632,18844,57,0,0
CUST-15292,18994,40000,677,4334,44,0,0
CUST-15293,25359,40000,781,7082,43,0,0
CUST-15294,77759,200000,757,4147,52,1,0
CUST-15295,36880,90000,838,9237,38,0,0
CUST-15296,41763,120000,721,9004,49,0,0
CUST-15297,58654,205000,670,22687,46,0,0
CUST-15298,56849,205000,713,20783,50,0,0
CUST-15299,46138,115000,700,15186,52,0,0
CUST-15300,36158,95000,701,2529,52,0,1
CUST-15301,34326,65000,708,6546,52,0,0
CUST-15302,61632,100000,649,18096,45,1,0
CUST-15303,52933,165000,728,3196,51,0,0
CUST-15304,35289,60000,618,4677,34,0,0
CUST-15305,68944,230000,663,24863,43,0,0
CUST-15306,37627,105000,702,3590,48,0,0
CUST-15307,26217,50000,563,1782,53,0,0
CUST-15308,27460,80000,759,6953,34,0,0
CUST-15309,24603,50000,576,9380,47,0,0
CUST-15310,35024,90000,753,11982,55,0,1
CUST-15311,74374,260000,625,29092,42,1,0
CUST-15312,26834,70000,683,8418,56,0,0
CUST-15313,44101,85000,743,8956,43,0,0
CUST-15314,28901,95000,852,11020,40,0,0
CUST-15315,35236,70000,717,7023,36,1,0
CUST-15316,18863,65000,581,3254,44,0,0
CUST-15317,35944,95000,771,7435,39,2,0
CUST-15318,36429,95000,694,12199,53,0,0
CUST-15319,52582,190000,714,19518,58,1,0
CUST-15320,44875,145000,746,7861,41,2,1
CUST-15321,22044,35000,565,4668,41,0,0
CUST-15322,69016,155000,710,25150,47,0,0
CUST-15323,44584,165000,683,2963,43,0,0
CUST-15324,44320,70000,789,14375,49,0,0
CUST-15325,39950,115000,757,8348,43,0,0
CUST-15326,30980,105000,604,5631,52,1,0
CUST-15327,44752,135000,792,9237,40,2,0
CUST-15328,50908,175000,739,10005,46,1,0
CUST-15329,16756,55000,609,5275,46,3,0
CUST-15330,30657,100000,713,11489,46,0,1
CUST-15331,35331,125000,777,7843,41,0,0
CUST-15332,45619,140000,631,15576,47,0,0
CUST-15333,72886,185000,799,22316,39,0,0
CUST-15334,27286,75000,611,4522,44,0,0
CUST-15335,31288,105000,658,7995,41,1,0
CUST-15336,31061,115000,648,8802,41,0,0
CUST-15337,26882,60000,799,1565,57,1,0
CUST-15338,33738,80000,678,6362,44,0,0
CUST-15339,59006,225000,634,23450,47,2,0
CUST-15340,23696,70000,738,6469,38,0,1
CUST-15341,49707,95000,752,8300,42,0,0
CUST-15342,17137,55000,753,2356,47,0,0
CUST-15343,30312,120000,692,3738,31,0,0
CUST-15344,34038,120000,726,6486,46,0,0
CUST-15345,92728,310000,667,10908,52,0,0
CUST-15346,34982,70000,818,3404,46,1,0
CUST-15347,15000,55000,784,2661,39,1,0
CUST-15348,15000,40000,780,3936,45,1,0
CUST-15349,40823,150000,761,4132,39,0,0
CUST-15350,54550,125000,743,3574,59,0,1
CUST-15351,48422,80000,629,3008,52,0,0
CUST-15352,43642,115000,751,6266,45,0,0
CUST-15353,71763,155000,717,8363,63,0,0
CUST-15354,30644,100000,792,7315,45,0,0
CUST-15355,62783,245000,762,13153,43,0,0
CUST-15356,17747,55000,745,2904,49,0,0
CUST-15357,25527,95000,600,8723,40,0,0
CUST-15358,16260,45000,704,3686,54,0,0
CUST-15359,34981,120000,673,2869,42,0,0
CUST-15360,39217,140000,726,6020,47,0,1
CUST-15361,42491,140000,682,16599,43,0,0
CUST-15362,41396,115000,692,16224,47,0,0
CUST-15363,25240,75000,739,3511,44,0,0
CUST-15364,36493,120000,681,3960,40,0,0
CUST-15365,18982,40000,717,4242,45,1,0
CUST-15366,79349,280000,611,17338,29,0,0
CUST-15367,34481,135000,655,6673,45,0,0
CUST-15368,31431,85000,752,7394,37,0,0
CUST-15369,88829,290000,630,11660,33,0,0
CUST-15370,21566,70000,790,1945,53,0,1
CUST-15371,22861,70000,773,5707,51,0,0
CUST-15372,23199,65000,692,8732,41,0,0
CUST-15373,38795,145000,900,3810,48,0,0
CUST-15374,49802,130000,790,14775,46,0,0
CUST-15375,58095,95000,648,11808,44,0,0
CUST-15376,145218,500000,758,22202,45,0,0
CUST-15377,15000,50000,714,5228,43,0,0
CUST-15378,54413,195000,659,11414,36,0,0
CUST-15379,30376,55000,640,7720,64,0,0
CUST-15380,29935,45000,774,6138,29,0,1
CUST-15381,29440,115000,671,2309,30,0,0
CUST-15382,25479,50000,703,6579,53,0,0
CUST-15383,93177,330000,650,18318,42,3,0
CUST-15384,61153,220000,661,4914,48,0,0
CUST-15385,40603,135000,701,10497,42,0,0
CUST-15386,78866,145000,735,4215,41,0,0
CUST-15387,18839,60000,541,2316,50,1,0
CUST-15388,20633,75000,711,6672,45,0,0
CUST-15389,15000,40000,661,949,47,0,0
CUST-15390,28290,70000,801,7817,48,0,1
CUST-15391,43514,115000,900,16639,40,0,0
CUST-15392,42252,70000,686,4644,48,0,0
CUST-15393,43246,160000,598,8475,47,0,0
CUST-15394,19820,75000,717,4983,59,0,0
CUST-15395,59968,240000,696,12452,36,1,0
CUST-15396,45243,135000,838,12085,41,0,0
CUST-15397,57903,195000,818,11084,37,0,0
CUST-15398,15578,30000,766,1588,43,1,0
CUST-15399,46898,150000,671,3806,32,0,0
CUST-15400,22161,70000,754,6882,48,0,1
CUST-15401,32903,125000,727,4393,52,0,0
CUST-15402,52427,190000,725,18171,47,1,0
CUST-15403,42005,160000,608,13024,44,0,0
CUST-15404,26218,95000,779,1764,49,0,0
CUST-15405,40260,150000,717,4848,48,0,0
CUST-15406,18661,30000,703,2840,43,0,0
CUST-15407,71334,260000,670,18409,42,3,0
CUST-15408,36219,110000,658,12076,46,0,0
CUST-15409,70212,170000,730,4993,56,1,0
CUST-15410,30845,50000,596,4236,44,1,1
CUST-15411,30890,100000,761,5611,46,0,0
CUST-15412,27389,65000,641,3127,55,4,0
CUST-15413,62198,165000,576,14980,49,1,0
CUST-15414,28149,90000,828,6116,38,0,0
CUST-15415,55397,210000,654,8906,49,0,0
CUST-15416,33149,120000,663,7654,46,0,0
CUST-15417,15000,40000,783,2618,44,0,0
CUST-15418,30177,75000,830,5133,54,0,0
CUST-15419,22257,45000,610,3180,45,0,0
CUST-15420,40820,100000,647,9762,37,0,1
CUST-15421,22132,40000,652,4546,46,1,0
CUST-15422,63766,250000,770,7569,41,0,0
CUST-15423,38348,115000,816,2091,41,0,0
CUST-15424,36724,65000,639,3776,38,0,0
CUST-15425,55711,135000,801,3620,43,2,0
CUST-15426,64987,185000,663,13066,51,0,0
CUST-15427,39733,115000,731,5116,40,1,0
CUST-15428,27293,45000,627,5381,43,0,0
CUST-15429,16531,65000,702,2732,56,0,0
CUST-15430,28480,60000,702,6786,38,0,1
CUST-15431,29477,45000,689,8941,52,3,0
CUST-15432,42341,70000,735,9220,47,0,0
CUST-15433,33773,100000,644,2421,51,0,0
CUST-15434,56611,105000,652,3177,46,0,0
CUST-15435,29540,45000,738,3681,37,0,0
CUST-15436,39006,95000,797,7751,57,0,0
CUST-15437,72547,220000,708,4767,51,0,0
CUST-15438,47615,85000,742,7842,37,0,0
CUST-15439,38947,90000,759,14038,50,0,0
CUST-15440,29703,75000,763,2420,51,0,1
CUST-15441,29242,55000,648,11169,55,1,0
CUST-15442,26230,75000,659,9176,39,0,0
CUST-15443,30622,50000,665,10445,52,0,0
CUST-15444,58561,95000,835,20629,48,0,0
CUST-15445,35920,100000,743,2802,52,2,0
CUST-15446,20437,45000,740,2103,47,0,0
CUST-15447,97157,170000,733,9427,47,0,0
CUST-15448,47097,120000,624,4188,38,0,0
CUST-15449,19861,75000,835,3271,43,0,0
CUST-15450,32179,105000,741,10959,48,0,1
CUST-15451,42422,150000,757,5862,49,0,0
CUST-15452,94117,345000,595,12750,48,0,0
CUST-15453,23062,90000,760,6608,51,0,0
CUST-15454,65383,225000,686,5487,35,0,0
CUST-15455,80800,245000,624,14228,36,0,0
CUST-15456,29309,70000,648,4495,39,0,0
CUST-15457,34934,70000,627,12106,44,0,0
CUST-15458,23905,75000,626,5499,49,0,0
CUST-15459,36252,145000,713,10015,54,0,0
CUST-15460,39407,105000,684,3750,39,0,1
CUST-15461,55816,185000,731,20937,38,0,0
CUST-15462,69223,190000,818,11273,52,0,0
CUST-15463,27610,70000,701,8211,44,1,0
CUST-15464,15007,40000,564,5764,42,0,0
CUST-15465,39710,110000,694,9054,45,0,0
CUST-15466,46479,110000,787,10580,59,0,0
CUST-15467,45465,155000,704,4139,48,0,0
CUST-15468,34086,125000,809,6360,50,0,0
CUST-15469,42718,160000,739,14881,50,0,0
CUST-15470,85624,175000,590,8330,44,0,1
CUST-15471,48575,180000,717,18027,45,0,0
CUST-15472,33300,80000,729,9442,35,0,0
CUST-15473,31253,70000,780,6167,53,0,0
CUST-15474,36867,120000,828,8895,53,1,0
CUST-15475,90977,205000,769,9340,42,0,0
CUST-15476,36619,60000,738,4618,46,1,0
CUST-15477,39739,95000,753,5970,51,0,0
CUST-15478,31534,105000,699,5824,38,1,0
CUST-15479,69528,160000,614,25755,46,0,0
CUST-15480,106928,330000,712,19102,51,1,1
CUST-15481,50277,160000,733,11731,35,0,0
CUST-15482,41830,140000,631,4463,49,0,0
CUST-15483,40879,155000,796,12573,49,1,0
CUST-15484,15000,40000,775,3691,48,1,0
CUST-15485,58254,110000,620,11881,51,0,0
CUST-15486,42919,100000,798,16374,37,1,0
CUST-15487,49720,130000,689,17985,46,0,0
CUST-15488,28120,90000,659,7896,59,0,0
CUST-15489,33115,50000,780,12339,41,3,0
CUST-15490,32678,75000,706,8093,31,0,1
CUST-15491,66890,230000,833,22704,46,0,0
CUST-15492,33210,105000,654,6419,53,0,0
CUST-15493,113701,380000,597,9137,54,2,0
CUST-15494,49783,175000,691,19811,47,0,0
CUST-15495,21208,75000,761,2289,47,0,0
CUST-15496,37636,120000,649,5194,40,0,0
CUST-15497,28974,75000,623,3102,48,0,0
CUST-15498,15000,60000,724,2521,53,0,0
CUST-15499,89298,260000,614,13506,36,0,0
CUST-15500,57043,115000,729,14853,37,0,1
CUST-15501,52396,115000,687,20893,36,1,0
CUST-15502,43595,140000,742,2980,54,2,0
CUST-15503,20110,75000,620,6484,48,2,0
CUST-15504,31514,60000,794,2987,39,0,0
CUST-15505,61138,105000,698,3481,39,0,0
CUST-15506,23727,90000,759,6489,54,1,0
CUST-15507,15000,55000,772,5334,41,1,0
CUST-15508,35826,80000,634,4001,47,0,0
CUST-15509,37388,90000,767,6339,43,0,0
CUST-15510,42949,135000,617,4684,58,2,1
CUST-15511,57771,135000,620,21217,47,0,0
CUST-15512,55204,205000,837,7983,35,1,0
CUST-15513,45678,80000,782,9393,44,0,0
CUST-15514,72967,115000,844,26498,47,0,0
CUST-15515,18779,40000,685,4572,36,0,0
CUST-15516,51652,115000,716,19446,49,0,0
CUST-15517,54900,100000,744,20546,46,0,0
CUST-15518,21595,35000,709,4568,39,0,0
CUST-15519,18931,65000,661,4805,42,0,0
CUST-15520,27640,55000,651,3610,39,0,1
CUST-15521,28831,110000,723,11436,35,0,0
CUST-15522,58495,140000,640,8622,43,0,0
CUST-15523,29517,95000,638,9568,44,0,0
CUST-15524,26155,55000,735,4172,53,2,0
CUST-15525,29560,60000,703,4716,49,0,0
CUST-15526,70214,205000,770,6063,30,0,0
CUST-15527,40397,115000,682,9936,44,0,0
CUST-15528,36694,125000,672,4979,40,0,0
CUST-15529,37986,130000,737,3872,41,0,0
CUST-15530,76575,245000,657,9903,49,0,1
CUST-15531,27595,70000,667,3804,51,1,0
CUST-15532,77478,290000,669,17543,45,0,0
CUST-15533,44589,135000,696,8252,39,0,0
CUST-15534,37041,145000,825,2830,31,0,0
CUST-15535,140147,495000,620,33300,44,0,0
CUST-15536,23675,40000,794,7711,37,0,0
CUST-15537,33629,75000,757,8440,46,2,0
CUST-15538,21672,65000,811,8475,46,0,0
CUST-15539,64616,215000,900,5473,40,1,0
CUST-15540,93395,270000,803,31511,38,1,1
CUST-15541,92499,320000,770,20996,40,0,0
CUST-15542,74011,165000,624,17211,44,0,0
CUST-15543,36358,70000,632,8423,35,0,0
CUST-15544,33435,55000,733,5478,47,0,0
CUST-15545,17403,50000,599,2847,49,0,0
CUST-15546,111072,360000,750,30116,43,0,0
CUST-15547,50740,115000,571,3331,47,0,0
CUST-15548,31382,95000,784,8036,46,0,0
CUST-15549,77966,125000,689,23671,42,0,0
CUST-15550,24676,45000,718,4311,45,0,1
CUST-15551,49183,160000,661,6200,38,3,0
CUST-15552,36815,90000,586,4590,57,2,0
CUST-15553,55234,175000,790,4343,42,0,0
CUST-15554,38879,140000,796,3164,43,1,0
CUST-15555,19429,70000,687,2104,43,0,0
CUST-15556,41680,80000,753,2363,45,0,0
CUST-15557,67807,185000,684,9708,60,1,0
CUST-15558,39552,130000,728,6219,46,0,0
CUST-15559,59133,205000,759,23554,56,0,0
CUST-15560,23795,80000,746,9448,42,0,1
CUST-15561,39611,80000,797,4573,51,1,0
CUST-15562,29370,60000,743,3658,47,0,0
CUST-15563,58307,175000,711,12953,39,0,0
CUST-15564,40771,135000,660,4161,54,1,0
CUST-15565,56672,130000,678,12831,51,0,0
CUST-15566,69137,120000,762,13121,48,0,0
CUST-15567,56715,185000,612,9279,49,0,0
CUST-15568,46007,105000,781,15546,38,0,0
CUST-15569,24364,45000,691,8279,56,0,0
CUST-15570,40078,75000,656,15861,42,2,1
CUST-15571,30744,70000,638,3937,64,0,0
CUST-15572,33791,100000,753,12195,38,0,0
CUST-15573,33280,80000,709,7928,43,0,0
CUST-15574,24588,40000,813,6319,45,1,0
CUST-15575,15083,25000,627,5485,44,1,0
CUST-15576,28736,65000,672,10917,44,1,0
CUST-15577,44209,140000,704,13456,34,3,0
CUST-15578,20453,35000,661,3512,49,0,0
CUST-15579,40450,115000,710,8954,51,0,0
CUST-15580,103790,185000,730,27532,51,2,1
CUST-15581,66938,135000,741,22760,34,0,0
CUST-15582,91287,175000,807,25586,42,1,0
CUST-15583,48803,80000,625,8682,47,0,0
CUST-15584,71952,230000,731,14121,42,0,0
CUST-15585,27945,75000,667,1890,32,2,0
CUST-15586,29080,105000,737,10861,41,0,0
CUST-15587,15000,25000,738,1212,46,2,0
CUST-15588,72625,135000,645,18372,55,0,0
CUST-15589,86695,195000,651,30783,45,0,0
CUST-15590,30436,105000,743,6005,43,0,1
CUST-15591,35348,80000,711,11666,44,0,0
CUST-15592,27531,70000,695,9122,55,0,0
CUST-15593,48597,110000,752,3447,51,0,0
CUST-15594,70436,120000,757,13682,37,0,0
CUST-15595,16791,65000,675,4900,59,0,0
CUST-15596,49252,140000,654,9743,49,2,0
CUST-15597,34949,120000,627,8416,37,1,0
CUST-15598,42476,135000,712,10961,53,0,0
CUST-15599,50488,140000,617,5196,58,0,0
CUST-15600,36530,65000,716,7093,44,0,1
CUST-15601,38109,120000,789,2285,37,0,0
CUST-15602,36064,70000,687,3691,43,0,0
CUST-15603,65196,165000,675,14948,46,0,0
CUST-15604,49482,150000,839,12407,41,0,0
CUST-15605,44814,155000,808,4534,41,0,0
CUST-15606,21258,70000,660,6684,45,1,0
CUST-15607,33213,105000,719,5996,41,0,0
CUST-15608,62902,120000,731,23413,37,0,0
CUST-15609,40898,95000,723,7594,43,0,0
CUST-15610,55813,90000,827,5717,46,1,1
CUST-15611,97076,320000,715,30607,48,0,0
CUST-15612,67460,260000,725,16779,41,0,0
CUST-15613,42048,90000,754,7793,54,0,0
CUST-15614,31085,55000,787,5426,39,0,0
CUST-15615,15000,40000,770,1541,42,0,0
CUST-15616,36894,135000,744,6245,34,0,0
CUST-15617,34097,100000,608,2055,52,0,0
CUST-15618,48785,80000,678,11017,42,0,0
CUST-15619,37162,145000,763,13521,49,0,0
CUST-15620,34194,120000,726,11228,57,0,1
CUST-15621,16486,30000,763,988,47,0,0
CUST-15622,25084,95000,832,8991,38,0,0
CUST-15623,50936,135000,633,10610,37,1,0
CUST-15624,94651,230000,783,11056,45,0,0
CUST-15625,38224,100000,688,11977,49,0,0
CUST-15626,47282,170000,770,7707,47,0,0
CUST-15627,64617,205000,707,8959,50,0,0
CUST-15628,26757,45000,848,2848,57,3,0
CUST-15629,48214,190000,718,10622,39,3,0
CUST-15630,27715,50000,668,2291,66,0,1
CUST-15631,61846,210000,737,20097,40,1,0
CUST-15632,43291,135000,731,9296,50,0,0
CUST-15633,46593,90000,783,9618,54,1,0
CUST-15634,27138,50000,739,1374,42,0,0
CUST-15635,57154,210000,870,19218,49,0,0
CUST-15636,113818,290000,702,25323,41,0,0
CUST-15637,24246,75000,703,4945,43,0,0
CUST-15638,33864,95000,670,10717,59,0,0
CUST-15639,45062,150000,715,3245,29,0,0
CUST-15640,59468,160000,725,10605,44,0,1
CUST-15641,30340,65000,728,7630,34,0,0
CUST-15642,15000,35000,714,3168,38,0,0
CUST-15643,79189,290000,670,8993,51,1,0
CUST-15644,58703,155000,652,9084,41,0,0
CUST-15645,16789,35000,685,2603,52,1,0
CUST-15646,29620,115000,784,11764,45,0,0
CUST-15647,87911,305000,798,14432,54,0,0
CUST-15648,82776,135000,704,10083,56,0,0
CUST-15649,64171,255000,648,21684,41,0,0
CUST-15650,36751,120000,704,7255,50,0,1
CUST-15651,41835,80000,845,8590,42,0,0
CUST-15652,37591,80000,774,9101,50,0,0
CUST-15653,70553,230000,745,18237,45,0,0
CUST-15654,25902,90000,772,6648,48,2,0
CUST-15655,26825,55000,810,1665,33,0,0
CUST-15656,66511,140000,635,22387,39,1,0
CUST-15657,39254,90000,684,4639,51,0,0
CUST-15658,79956,240000,675,12178,55,0,0
CUST-15659,28688,55000,748,3175,40,1,0
CUST-15660,39050,70000,720,12436,51,0,1
CUST-15661,25305,80000,759,6434,40,0,0
CUST-15662,40282,140000,677,12662,55,0,0
CUST-15663,19162,55000,799,5340,45,0,0
CUST-15664,31450,75000,705,2719,53,0,0
CUST-15665,19572,50000,755,3043,45,0,0
CUST-15666,56781,140000,787,12920,53,0,0
CUST-15667,57428,225000,782,9000,44,0,0
CUST-15668,16896,60000,733,2070,46,0,0
CUST-15669,78193,160000,763,27714,53,0,0
CUST-15670,139903,345000,823,43611,52,1,1
CUST-15671,41068,115000,743,7015,41,1,0
CUST-15672,29127,90000,662,9255,49,0,0
CUST-15673,164746,440000,747,44421,41,0,0
CUST-15674,20754,75000,707,1065,61,0,0
CUST-15675,40540,140000,557,7422,37,0,0
CUST-15676,43906,120000,740,6659,61,2,0
CUST-15677,78635,285000,717,9929,48,0,0
CUST-15678,48043,160000,785,6632,31,1,0
CUST-15679,31278,110000,661,11880,48,0,0
CUST-15680,24944,95000,612,5492,50,0,1
CUST-15681,33829,75000,720,11728,56,0,0
CUST-15682,24258,55000,734,3031,52,0,0
CUST-15683,41106,155000,716,4564,57,0,0
CUST-15684,30269,105000,711,10929,47,0,0
CUST-15685,19014,75000,640,4249,44,0,0
CUST-15686,75174,125000,700,27310,32,0,0
CUST-15687,31293,95000,687,2254,32,2,0
CUST-15688,21288,40000,779,7892,34,0,0
CUST-15689,36896,100000,734,7209,35,1,0
CUST-15690,41530,80000,691,4334,48,0,1
CUST-15691,16760,30000,822,4846,56,0,0
CUST-15692,47373,70000,692,15581,63,1,0
CUST-15693,23775,75000,746,1582,41,0,0
CUST-15694,94420,225000,699,37344,44,2,0
CUST-15695,52155,90000,816,15331,53,0,0
CUST-15696,32861,75000,715,5339,45,0,0
CUST-15697,27650,55000,717,2846,48,2,0
CUST-15698,38082,145000,700,7136,46,0,0
CUST-15699,54523,125000,722,6935,37,1,0
CUST-15700,39626,95000,787,8834,51,0,1
CUST-15701,36005,130000,764,11653,42,0,0
CUST-15702,41323,130000,711,11613,42,0,0
CUST-15703,29675,95000,820,6011,50,4,0
CUST-15704,33806,105000,766,3097,40,2,0
CUST-15705,15000,60000,681,5775,41,0,0
CUST-15706,65307,130000,620,9445,50,0,0
CUST-15707,46602,185000,683,6861,47,0,0
CUST-15708,27262,100000,736,7522,42,1,0
CUST-15709,103711,310000,748,33154,47,1,0
CUST-15710,41919,130000,798,16535,51,0,1
CUST-15711,23907,75000,638,9304,48,0,0
CUST-15712,61597,100000,681,22779,32,0,0
CUST-15713,48972,100000,633,9909,54,0,0
CUST-15714,48888,190000,622,5296,45,0,0
CUST-15715,32439,90000,669,8257,46,0,0
CUST-15716,50274,125000,733,2817,52,0,0
CUST-15717,35211,120000,760,4179,42,0,0
CUST-15718,52995,150000,648,2696,38,0,0
CUST-15719,15483,25000,657,1752,43,3,0
CUST-15720,32307,110000,594,6983,68,0,1
CUST-15721,94947,315000,723,17818,51,0,0
CUST-15722,27349,50000,662,4902,37,0,0
CUST-15723,29675,115000,818,10114,57,0,0
CUST-15724,32081,65000,736,9183,41,0,0
CUST-15725,21864,60000,698,8259,35,1,0
CUST-15726,15000,25000,668,3088,44,2,0
CUST-15727,35764,110000,612,5195,56,0,0
CUST-15728,42955,105000,621,3992,41,0,0
CUST-15729,39094,95000,669,11149,51,1,0
CUST-15730,37330,135000,664,12864,34,0,1
CUST-15731,41007,60000,645,4687,45,0,0
CUST-15732,66931,235000,734,23932,51,0,0
CUST-15733,36489,105000,743,8545,45,0,0
CUST-15734,30120,120000,680,3024,50,0,0
CUST-15735,34871,105000,835,9589,50,0,0
CUST-15736,53619,90000,596,12440,45,0,0
CUST-15737,81309,130000,713,4867,49,0,0
CUST-15738,29317,110000,695,5562,39,0,0
CUST-15739,42170,150000,674,13691,44,0,0
CUST-15740,47532,110000,664,11616,40,2,1
CUST-15741,24433,75000,709,3633,49,0,0
CUST-15742,40546,110000,695,15205,46,3,0
CUST-15743,19286,75000,684,2569,64,0,0
CUST-15744,16572,65000,625,2294,46,1,0
CUST-15745,48212,190000,604,8394,43,1,0
CUST-15746,33125,120000,691,12027,55,0,0
CUST-15747,44406,170000,683,10109,39,0,0
CUST-15748,39777,80000,697,11486,43,0,0
CUST-15749,24631,90000,702,9647,39,0,0
CUST-15750,39236,130000,676,12718,46,0,1
CUST-15751,21664,85000,696,2391,59,0,0
CUST-15752,80457,235000,654,26222,42,0,0
CUST-15753,20373,35000,809,6354,47,1,0
CUST-15754,36392,110000,658,4782,41,2,0
CUST-15755,23833,75000,685,3905,40,0,0
CUST-15756,53381,110000,662,15936,44,0,0
CUST-15757,34005,85000,661,4537,49,2,0
CUST-15758,30966,95000,711,3804,34,2,0
CUST-15759,61488,150000,703,18213,52,1,0
CUST-15760,40729,100000,680,14589,36,0,1
CUST-15761,51964,95000,691,3962,51,0,0
CUST-15762,24571,95000,663,5063,51,0,0
CUST-15763,19882,65000,736,5219,42,2,0
CUST-15764,42344,65000,843,12139,40,0,0
CUST-15765,34220,115000,653,13642,50,0,0
CUST-15766,54897,185000,735,15862,51,3,0
CUST-15767,38562,60000,712,10298,47,0,0
CUST-15768,44468,110000,753,17627,33,0,0
CUST-15769,17824,55000,755,1269,45,0,0
CUST-15770,103178,270000,723,7846,35,0,1
CUST-15771,36970,125000,707,9103,41,0,0
CUST-15772,56885,145000,681,9985,42,0,0
CUST-15773,26422,50000,660,2215,61,0,0
CUST-15774,46817,185000,703,7362,46,0,0
CUST-15775,20922,45000,626,5984,52,0,0
CUST-15776,50313,165000,671,18022,42,2,0
CUST-15777,33590,60000,781,2788,51,0,0
CUST-15778,40724,95000,716,9735,54,0,0
CUST-15779,56896,150000,768,8741,52,0,0
CUST-15780,21670,45000,805,6144,45,0,1
CUST-15781,28502,75000,698,6906,46,2,0
CUST-15782,50446,95000,723,18884,60,0,0
CUST-15783,114589,330000,690,7240,34,0,0
CUST-15784,37457,120000,657,8035,35,0,0
CUST-15785,53936,90000,648,6335,45,0,0
CUST-15786,38044,140000,764,9049,42,2,0
CUST-15787,105992,210000,723,36965,39,0,0
CUST-15788,16753,35000,830,6181,45,0,0
CUST-15789,42079,135000,773,7968,41,2,0
CUST-15790,17804,50000,662,5948,49,0,1
CUST-15791,15000,40000,764,2222,50,1,0
CUST-15792,46570,85000,690,2431,47,1,0
CUST-15793,43034,150000,789,15033,53,0,0
CUST-15794,34807,105000,678,3195,57,0,0
CUST-15795,38059,70000,641,2137,41,1,0
CUST-15796,188933,460000,658,32842,53,0,0
CUST-15797,35274,125000,661,6447,39,0,0
CUST-15798,51795,150000,655,3989,47,1,0
CUST-15799,29007,50000,672,9716,46,0,0
CUST-15800,46519,115000,765,8929,49,2,1
CUST-15801,35627,75000,826,7890,55,0,0
CUST-15802,32687,90000,623,4661,47,0,0
CUST-15803,99652,360000,792,22823,41,2,0
CUST-15804,72300,185000,678,23017,51,0,0
CUST-15805,42974,110000,732,15778,57,0,0
CUST-15806,15000,55000,602,5845,46,0,0
CUST-15807,33506,100000,744,6679,55,0,0
CUST-15808,155051,450000,579,61479,40,0,0
CUST-15809,35763,75000,730,5480,48,0,0
CUST-15810,69675,210000,726,3653,42,0,1
CUST-15811,82534,245000,722,26300,41,2,0
CUST-15812,44778,110000,662,5035,50,0,0
CUST-15813,26346,105000,745,1800,35,0,0
CUST-15814,15000,55000,735,5601,51,1,0
CUST-15815,56504,190000,696,18484,42,1,0
CUST-15816,26705,75000,753,2294,54,0,0
CUST-15817,43830,115000,703,14109,38,0,0
CUST-15818,21484,40000,744,7420,42,0,0
CUST-15819,35150,80000,701,12894,45,0,0
CUST-15820,40817,140000,724,9808,54,0,1
CUST-15821,45903,120000,747,13596,39,0,0
CUST-15822,22984,85000,684,7280,58,1,0
CUST-15823,73017,135000,629,21249,50,0,0
CUST-15824,29778,85000,727,8230,37,0,0
CUST-15825,17374,55000,787,4198,55,2,0
CUST-15826,38005,105000,729,8274,45,2,0
CUST-15827,40830,150000,730,16276,44,0,0
CUST-15828,43490,175000,707,7312,41,0,0
CUST-15829,79305,140000,758,6415,37,2,0
CUST-15830,35659,65000,697,11331,46,0,1
CUST-15831,37804,70000,680,4719,47,0,0
CUST-15832,23118,75000,781,5466,42,2,0
CUST-15833,60492,145000,675,5052,49,0,0
CUST-15834,44009,145000,767,11739,47,0,0
CUST-15835,32532,80000,781,12375,47,0,0
CUST-15836,15485,50000,746,4691,39,2,0
CUST-15837,82636,285000,628,10336,31,0,0
CUST-15838,21723,60000,711,8469,45,0,0
CUST-15839,29862,85000,696,4702,45,0,0
CUST-15840,48010,85000,677,9737,33,0,1
CUST-15841,22064,55000,719,4949,50,0,0
CUST-15842,19019,55000,759,7545,55,0,0
CUST-15843,15000,40000,680,1111,46,0,0
CUST-15844,57555,215000,698,16912,48,0,0
CUST-15845,30558,115000,694,5398,41,1,0
CUST-15846,173448,500000,785,13427,43,0,0
CUST-15847,24411,60000,693,9209,53,2,0
CUST-15848,25318,85000,629,6492,48,0,0
CUST-15849,30251,75000,607,9490,47,0,0
CUST-15850,45322,95000,733,6079,48,0,1
CUST-15851,31726,75000,660,10042,39,2,0
CUST-15852,54511,90000,753,18531,38,0,0
CUST-15853,24605,55000,623,4940,42,1,0
CUST-15854,20114,55000,674,5032,39,0,0
CUST-15855,16332,65000,623,6372,49,2,0
CUST-15856,15000,35000,738,5195,49,0,0
CUST-15857,30975,115000,752,6371,42,2,0
CUST-15858,34527,70000,732,9757,53,1,0
CUST-15859,29268,60000,639,9496,49,0,0
CUST-15860,74734,210000,661,4373,49,0,1
CUST-15861,74162,235000,725,18980,34,0,0
CUST-15862,33948,55000,600,13395,43,0,0
CUST-15863,16367,35000,694,6244,41,0,0
CUST-15864,30231,80000,808,10319,45,0,0
CUST-15865,29735,70000,698,2592,49,0,0
CUST-15866,28895,95000,613,11497,46,2,0
CUST-15867,28314,80000,670,7456,57,0,0
CUST-15868,28948,55000,669,3705,34,0,0
CUST-15869,33081,125000,849,9460,42,0,0
CUST-15870,29208,65000,818,10216,49,3,1
CUST-15871,44540,150000,757,3978,42,3,0
CUST-15872,48058,165000,687,17817,42,0,0
CUST-15873,25455,100000,788,9471,42,0,0
CUST-15874,75775,210000,636,4145,36,2,0
CUST-15875,24586,75000,779,8976,37,0,0
CUST-15876,17873,40000,770,6816,62,0,0
CUST-15877,48551,155000,700,3068,36,0,0
CUST-15878,26670,70000,784,4079,51,3,0
CUST-15879,47129,120000,680,8510,43,0,0
CUST-15880,15000,55000,627,2581,40,0,1
CUST-15881,80517,130000,773,25415,32,0,0
CUST-15882,56170,210000,704,9848,39,1,0
CUST-15883,18953,70000,749,7293,52,4,0
CUST-15884,19160,55000,828,7630,43,0,0
CUST-15885,92608,250000,663,14899,41,0,0
CUST-15886,27758,65000,700,6331,55,0,0
CUST-15887,26447,105000,812,6484,47,0,0
CUST-15888,15000,25000,753,3791,43,0,0
CUST-15889,33678,100000,664,6094,47,4,0
CUST-15890,35815,115000,647,3871,36,0,1
CUST-15891,57396,220000,675,3965,46,0,0
CUST-15892,19939,70000,662,1739,41,1,0
CUST-15893,18767,60000,725,6858,41,1,0
CUST-15894,50285,90000,715,7448,46,0,0
CUST-15895,66394,160000,728,5104,43,0,0
CUST-15896,18295,35000,655,4907,44,0,0
CUST-15897,68923,255000,705,5262,39,0,0
CUST-15898,40895,140000,576,3047,45,0,0
CUST-15899,69279,235000,719,18535,36,0,0
CUST-15900,38750,120000,786,9958,48,0,1
CUST-15901,15000,40000,617,967,46,0,0
CUST-15902,37198,70000,741,7854,44,0,0
CUST-15903,68191,160000,670,13809,39,0,0
CUST-15904,25671,45000,762,6195,46,1,0
CUST-15905,33057,110000,720,10189,40,3,0
CUST-15906,36751,70000,736,5475,53,0,0
CUST-15907,15000,50000,714,3022,41,0,0
CUST-15908,92565,300000,796,30311,39,0,0
CUST-15909,25573,70000,732,9536,44,0,0
CUST-15910,51682,95000,664,18706,35,0,1
CUST-15911,38432,90000,716,8346,37,0,0
CUST-15912,75267,175000,686,17484,49,0,0
CUST-15913,49169,160000,720,11563,49,0,0
CUST-15914,35686,65000,682,12634,42,0,0
CUST-15915,25674,90000,666,8831,37,0,0
CUST-15916,59809,205000,722,9511,54,0,0
CUST-15917,15729,30000,713,1682,48,0,0
CUST-15918,55433,185000,779,10124,67,0,0
CUST-15919,23166,75000,683,3496,36,0,0
CUST-15920,75067,255000,581,28733,38,0,1
CUST-15921,43505,85000,686,6224,46,0,0
CUST-15922,55384,105000,604,6281,48,2,0
CUST-15923,41814,85000,737,15254,40,0,0
CUST-15924,16710,40000,601,1341,42,0,0
CUST-15925,26098,90000,645,3682,40,0,0
CUST-15926,56173,190000,686,11441,41,0,0
CUST-15927,43622,165000,810,11267,53,3,0
CUST-15928,72438,120000,640,11929,39,0,0
CUST-15929,49101,75000,710,10983,41,2,0
CUST-15930,24751,80000,747,2959,46,0,1
CUST-15931,26956,60000,806,6765,44,0,0
CUST-15932,42254,100000,760,8143,38,0,0
CUST-15933,15000,45000,781,5208,43,0,0
CUST-15934,92662,165000,766,18116,49,0,0
CUST-15935,50054,155000,631,10277,49,0,0
CUST-15936,74125,170000,733,19069,57,0,0
CUST-15937,18209,55000,765,1695,43,0,0
CUST-15938,74778,270000,647,7842,42,0,0
CUST-15939,122485,235000,672,40001,33,0,0
CUST-15940,20734,80000,657,3020,38,2,1
CUST-15941,59024,165000,760,17095,43,1,0
CUST-15942,40157,155000,705,3377,43,3,0
CUST-15943,18541,35000,689,6260,46,1,0
CUST-15944,51351,155000,626,20328,43,0,0
CUST-15945,60888,155000,705,11008,40,1,0
CUST-15946,29715,100000,673,6743,43,0,0
CUST-15947,71894,215000,725,14734,36,0,0
CUST-15948,17441,50000,635,6330,37,0,0
CUST-15949,19008,70000,721,1016,52,0,0
CUST-15950,42971,105000,681,11976,37,0,1
CUST-15951,40647,85000,628,11313,74,0,0
CUST-15952,28049,85000,623,5156,45,0,0
CUST-15953,60162,185000,633,7626,52,0,0
CUST-15954,52336,135000,696,7007,33,0,0
CUST-15955,61640,165000,717,20351,33,0,0
CUST-15956,37738,145000,727,2760,33,0,0
CUST-15957,54246,180000,729,13417,41,0,0
CUST-15958,32118,55000,660,5055,49,0,0
CUST-15959,112073,230000,778,16008,40,0,0
CUST-15960,26734,105000,681,6068,41,0,1
CUST-15961,114995,380000,739,41887,50,0,0
CUST-15962,40841,155000,699,10877,56,0,0
CUST-15963,20175,45000,734,6577,53,0,0
CUST-15964,79541,265000,696,20699,38,0,0
CUST-15965,42742,140000,735,12574,55,0,0
CUST-15966,61424,135000,709,12367,51,0,0
CUST-15967,74007,215000,762,27685,50,0,0
CUST-15968,47523,145000,656,10724,44,0,0
CUST-15969,29848,80000,594,7256,45,0,0
CUST-15970,65372,235000,646,15279,50,0,1
CUST-15971,40150,145000,779,6450,37,2,0
CUST-15972,56552,205000,699,7404,31,0,0
CUST-15973,15000,55000,715,1137,56,2,0
CUST-15974,50185,135000,641,15123,56,0,0
CUST-15975,29164,70000,714,4410,48,3,0
CUST-15976,91734,330000,643,17082,38,0,0
CUST-15977,54805,150000,653,20386,70,0,0
CUST-15978,45248,95000,683,11233,34,0,0
CUST-15979,51182,140000,738,4298,47,0,0
CUST-15980,24361,45000,745,8035,37,0,1
CUST-15981,90366,290000,747,12619,48,0,0
CUST-15982,108628,255000,606,26445,58,0,0
CUST-15983,48847,105000,709,11161,45,0,0
CUST-15984,88894,345000,697,11852,40,0,0
CUST-15985,30194,105000,610,2733,38,1,0
CUST-15986,26942,95000,711,3339,46,1,0
CUST-15987,40964,125000,693,3443,42,3,0
CUST-15988,49884,180000,743,7306,38,0,0
CUST-15989,32958,110000,715,13152,48,0,0
CUST-15990,52516,155000,674,10016,55,0,1
CUST-15991,46779,185000,770,16483,53,0,0
CUST-15992,24363,50000,565,5901,45,0,0
CUST-15993,52020,200000,705,14737,43,0,0
CUST-15994,61806,155000,595,6472,42,0,0
CUST-15995,43727,125000,650,6392,41,0,0
CUST-15996,71419,130000,744,16330,40,0,0
CUST-15997,21835,60000,627,7825,40,0,0
CUST-15998,50714,155000,617,3296,52,0,0
CUST-15999,22356,90000,864,5084,43,0,0
CUST-16000,22993,90000,621,1560,47,0,1
CUST-16001,29276,115000,817,6144,39,0,0
CUST-16002,25058,60000,698,6768,52,0,0
CUST-16003,30515,120000,675,9479,44,4,0
CUST-16004,36059,95000,746,3551,46,0,0
CUST-16005,60996,220000,796,6605,41,0,0
CUST-16006,34180,70000,635,7332,47,0,0
CUST-16007,18163,50000,676,7252,43,0,0
CUST-16008,70971,280000,765,12392,41,0,0
CUST-16009,26408,100000,728,5271,40,1,0
CUST-16010,38973,125000,781,7847,43,0,1
CUST-16011,50174,175000,743,3925,39,0,0
CUST-16012,44347,85000,827,14233,48,0,0
CUST-16013,69361,230000,721,9612,46,0,0
CUST-16014,50995,155000,724,15108,55,0,0
CUST-16015,26090,45000,730,5642,36,0,0
CUST-16016,119286,215000,700,31506,40,0,0
CUST-16017,44230,80000,765,3047,35,0,0
CUST-16018,37284,125000,725,13477,49,0,0
CUST-16019,64988,120000,761,8796,45,2,0
CUST-16020,45466,120000,771,12936,41,2,1
CUST-16021,49001,115000,737,16136,51,0,0
CUST-16022,139537,400000,742,33351,40,0,0
CUST-16023,34976,115000,644,5878,39,1,0
CUST-16024,34238,110000,674,13430,38,0,0
CUST-16025,42543,120000,764,6273,41,0,0
CUST-16026,68580,180000,802,26199,50,1,0
CUST-16027,18896,45000,583,1978,43,0,0
CUST-16028,15021,55000,673,2797,57,1,0
CUST-16029,29924,70000,711,2946,41,0,0
CUST-16030,17730,40000,652,900,40,1,1
CUST-16031,32454,110000,656,4578,44,0,0
CUST-16032,51598,125000,740,4154,44,0,0
CUST-16033,25709,95000,812,10160,36,0,0
CUST-16034,19664,45000,577,6225,36,0,0
CUST-16035,41550,135000,698,2131,41,0,0
CUST-16036,61776,100000,740,7924,40,0,0
CUST-16037,17197,40000,760,4893,34,0,0
CUST-16038,60482,145000,730,11460,39,0,0
CUST-16039,60394,215000,824,20603,47,0,0
CUST-16040,64669,255000,711,14660,43,0,1
CUST-16041,73809,195000,795,20576,32,0,0
CUST-16042,120693,430000,667,31255,49,0,0
CUST-16043,33589,110000,713,9181,51,0,0
CUST-16044,42395,165000,631,5534,50,0,0
CUST-16045,32590,115000,768,5887,49,0,0
CUST-16046,40174,70000,702,2720,49,0,0
CUST-16047,86373,285000,733,22083,39,1,0
CUST-16048,20485,60000,689,4317,43,0,0
CUST-16049,26094,40000,748,8252,55,0,0
CUST-16050,79904,170000,735,9766,30,0,1
CUST-16051,66837,255000,645,13560,52,0,0
CUST-16052,33470,130000,649,3790,40,0,0
CUST-16053,61525,215000,708,16297,46,0,0
CUST-16054,47600,190000,752,16508,51,1,0
CUST-16055,84977,300000,831,27014,40,0,0
CUST-16056,41658,65000,729,15849,47,1,0
CUST-16057,67024,150000,775,26146,36,0,0
CUST-16058,150392,235000,605,48157,49,1,0
CUST-16059,54124,95000,840,8139,44,2,0
CUST-16060,41137,85000,749,5213,54,0,1
CUST-16061,57596,160000,706,11901,57,0,0
CUST-16062,33435,120000,699,13302,54,0,0
CUST-16063,132453,485000,638,25753,52,0,0
CUST-16064,43916,135000,656,5255,54,0,0
CUST-16065,35015,135000,834,13323,47,0,0
CUST-16066,26427,75000,645,4890,41,0,0
CUST-16067,69467,260000,644,20271,42,0,0
CUST-16068,61919,165000,664,20176,38,0,0
CUST-16069,31298,70000,632,10801,44,0,0
CUST-16070,53542,205000,710,18067,36,1,1
CUST-16071,18877,45000,780,6468,45,1,0
CUST-16072,44023,120000,670,12488,38,0,0
CUST-16073,50331,115000,620,9630,38,0,0
CUST-16074,94246,300000,728,26723,43,0,0
CUST-16075,27298,110000,706,9359,32,0,0
CUST-16076,21180,35000,775,3658,46,0,0
CUST-16077,25649,95000,680,3944,44,0,0
CUST-16078,20572,30000,693,3503,42,0,0
CUST-16079,78302,190000,700,19023,52,0,0
CUST-16080,87057,165000,715,5950,55,1,1
CUST-16081,47103,160000,684,15197,46,4,0
CUST-16082,73913,120000,673,7287,52,2,0
CUST-16083,42915,125000,589,4141,32,0,0
CUST-16084,38270,85000,673,4561,41,0,0
CUST-16085,33978,60000,756,8559,36,0,0
CUST-16086,34365,120000,765,5152,51,0,0
CUST-16087,18510,40000,679,3310,58,0,0
CUST-16088,45804,95000,794,17225,42,2,0
CUST-16089,39333,85000,708,13629,49,0,0
CUST-16090,58260,175000,623,20290,43,0,1
CUST-16091,42056,130000,602,10605,40,1,0
CUST-16092,36999,55000,789,13070,60,2,0
CUST-16093,25962,55000,685,8372,51,0,0
CUST-16094,41609,105000,631,15962,55,0,0
CUST-16095,58053,135000,563,4210,66,0,0
CUST-16096,22659,85000,684,1360,42,0,0
CUST-16097,41929,145000,736,4665,49,0,0
CUST-16098,45094,140000,664,16918,35,0,0
CUST-16099,28028,65000,641,7341,41,0,0
CUST-16100,29913,95000,674,5956,47,0,1
CUST-16101,45039,165000,790,10334,44,0,0
CUST-16102,22772,70000,619,7750,48,0,0
CUST-16103,47808,165000,668,17937,52,0,0
CUST-16104,25650,85000,788,7833,46,0,0
CUST-16105,68283,200000,742,21573,45,0,0
CUST-16106,129173,295000,721,20943,51,1,0
CUST-16107,26098,90000,667,5570,43,1,0
CUST-16108,52423,105000,711,18863,48,0,0
CUST-16109,27906,95000,675,9071,36,1,0
CUST-16110,67540,235000,654,19552,50,0,1
CUST-16111,21319,75000,639,1552,40,1,0
CUST-16112,51036,135000,760,3257,41,1,0
CUST-16113,25939,50000,706,2480,54,0,0
CUST-16114,36188,65000,730,9173,45,0,0
CUST-16115,23968,80000,719,5698,51,0,0
CUST-16116,60547,225000,738,23004,56,0,0
CUST-16117,26410,85000,693,7742,50,0,0
CUST-16118,52890,100000,678,8086,40,0,0
CUST-16119,33791,130000,657,3599,45,4,0
CUST-16120,37902,150000,618,13164,48,0,1
CUST-16121,43212,110000,637,9112,33,1,0
CUST-16122,27421,80000,686,7642,49,4,0
CUST-16123,44586,155000,605,11048,48,3,0
CUST-16124,86263,290000,620,7557,52,0,0
CUST-16125,27199,105000,777,1903,49,0,0
CUST-16126,72106,130000,724,13120,43,0,0
CUST-16127,84884,250000,680,14985,40,1,0
CUST-16128,26686,85000,857,7627,45,0,0
CUST-16129,19389,70000,602,5259,42,0,0
CUST-16130,46675,170000,773,18162,39,0,1
CUST-16131,30524,120000,702,10693,53,0,0
CUST-16132,102160,285000,761,22863,48,0,0
CUST-16133,40839,145000,717,9189,37,0,0
CUST-16134,26873,70000,588,7684,48,0,0
CUST-16135,22616,60000,716,2033,48,0,0
CUST-16136,69213,150000,731,27682,55,1,0
CUST-16137,30164,105000,567,6985,52,0,0
CUST-16138,41024,165000,836,15115,46,0,0
CUST-16139,64724,140000,730,25150,41,0,0
CUST-16140,31504,50000,753,7988,46,0,1
CUST-16141,39223,140000,634,3379,50,0,0
CUST-16142,39803,120000,754,9977,42,2,0
CUST-16143,56481,220000,780,14638,42,0,0
CUST-16144,53926,115000,726,17591,40,1,0
CUST-16145,35952,60000,709,2404,34,0,0
CUST-16146,41432,115000,651,8833,44,0,0
CUST-16147,33326,55000,695,12429,51,1,0
CUST-16148,19171,40000,676,7610,42,0,0
CUST-16149,45651,85000,747,5340,48,0,0
CUST-16150,103372,215000,654,36667,39,0,1
CUST-16151,25800,45000,746,2610,41,0,0
CUST-16152,27268,105000,655,9391,42,1,0
CUST-16153,25968,55000,692,3818,43,1,0
CUST-16154,57658,150000,750,22248,44,0,0
CUST-16155,50223,190000,664,14736,41,2,0
CUST-16156,37076,120000,752,7032,46,0,0
CUST-16157,25361,75000,745,3762,51,1,0
CUST-16158,42032,135000,692,5562,42,0,0
CUST-16159,18355,65000,785,5291,44,0,0
CUST-16160,43118,160000,715,15674,49,1,1
CUST-16161,62054,195000,781,19499,44,0,0
CUST-16162,21469,80000,826,7346,34,0,0
CUST-16163,18652,55000,694,6033,38,0,0
CUST-16164,88408,195000,751,34717,49,0,0
CUST-16165,29558,110000,668,9317,43,0,0
CUST-16166,70825,200000,642,8752,37,0,0
CUST-16167,37160,140000,697,12153,37,0,0
CUST-16168,37012,60000,621,6022,48,4,0
CUST-16169,49971,125000,649,19914,44,0,0
CUST-16170,25796,100000,748,4690,39,0,1
CUST-16171,42883,90000,676,6538,39,0,0
CUST-16172,33165,130000,756,4435,43,0,0
CUST-16173,20738,80000,729,5816,49,0,0
CUST-16174,47512,175000,830,4191,41,0,0
CUST-16175,35183,100000,744,13501,53,0,0
CUST-16176,37104,115000,782,5677,42,0,0
CUST-16177,21914,80000,736,3361,51,0,0
CUST-16178,88938,305000,730,5880,42,0,0
CUST-16179,62215,190000,785,8467,43,3,0
CUST-16180,64995,255000,753,12780,41,0,1
CUST-16181,34450,110000,723,6179,40,1,0
CUST-16182,16905,65000,723,2460,45,0,0
CUST-16183,106559,175000,744,6847,42,0,0
CUST-16184,38927,70000,666,6041,41,0,0
CUST-16185,27600,75000,663,8898,45,0,0
CUST-16186,49434,120000,802,10063,49,1,0
CUST-16187,71938,250000,831,10918,31,0,0
CUST-16188,39674,75000,649,6216,37,0,0
CUST-16189,76060,300000,666,18562,45,0,0
CUST-16190,68975,160000,784,10746,45,1,1
CUST-16191,23430,60000,744,6344,45,0,0
CUST-16192,28655,65000,753,11356,63,0,0
CUST-16193,64781,190000,768,4172,43,1,0
CUST-16194,15000,25000,694,1635,52,0,0
CUST-16195,37244,70000,731,4196,55,0,0
CUST-16196,19625,65000,726,4052,44,0,0
CUST-16197,31625,60000,654,2039,52,1,0
CUST-16198,34564,70000,730,7504,44,1,0
CUST-16199,33552,115000,790,12586,32,1,0
CUST-16200,30450,55000,688,1645,62,0,1
CUST-16201,23188,60000,719,4121,46,0,0
CUST-16202,126241,195000,723,39931,42,0,0
CUST-16203,102102,240000,691,10626,36,0,0
CUST-16204,22448,75000,753,1731,46,0,0
CUST-16205,88526,155000,665,23970,47,0,0
CUST-16206,32868,120000,796,1757,52,0,0
CUST-16207,42812,160000,750,14154,49,0,0
CUST-16208,38884,70000,649,2854,44,0,0
CUST-16209,28857,115000,820,6738,54,0,0
CUST-16210,65639,145000,720,20285,46,3,1
CUST-16211,42742,75000,663,5757,42,0,0
CUST-16212,31625,50000,781,2727,47,0,0
CUST-16213,20904,55000,742,2330,51,0,0
CUST-16214,25673,80000,594,8963,42,0,0
CUST-16215,17664,40000,675,5246,51,0,0
CUST-16216,40380,145000,728,4818,43,0,0
CUST-16217,22063,75000,569,6633,44,0,0
CUST-16218,35144,85000,715,10473,45,0,0
CUST-16219,79622,265000,720,31785,53,0,0
CUST-16220,73104,280000,633,13673,43,0,1
CUST-16221,39492,70000,727,13928,50,2,0
CUST-16222,38424,85000,710,7925,50,0,0
CUST-16223,102737,275000,632,37418,47,0,0
CUST-16224,52071,145000,769,4272,44,0,0
CUST-16225,34067,95000,764,3793,43,0,0
CUST-16226,19672,45000,691,6835,27,0,0
CUST-16227,48870,155000,697,16457,41,0,0
CUST-16228,60758,190000,757,9533,54,0,0
CUST-16229,29265,85000,696,7576,41,0,0
CUST-16230,46425,85000,584,8539,45,1,1
CUST-16231,33463,90000,741,1793,44,0,0
CUST-16232,36606,90000,657,2164,42,2,0
CUST-16233,15000,40000,684,1034,42,0,0
CUST-16234,35922,135000,804,9265,44,0,0
CUST-16235,65165,175000,701,9626,37,1,0
CUST-16236,29269,45000,710,2938,36,0,0
CUST-16237,41202,105000,743,15631,43,1,0
CUST-16238,27502,100000,742,2542,53,0,0
CUST-16239,48060,165000,650,13740,45,0,0
CUST-16240,36016,100000,706,13072,45,1,1
CUST-16241,25093,55000,712,2693,52,0,0
CUST-16242,78141,210000,727,9779,50,0,0
CUST-16243,63861,185000,728,16018,45,0,0
CUST-16244,29659,120000,878,6760,43,0,0
CUST-16245,51477,160000,633,11961,35,2,0
CUST-16246,52507,170000,773,12818,40,0,0
CUST-16247,55334,150000,786,21163,44,0,0
CUST-16248,17203,40000,742,1184,46,0,0
CUST-16249,66390,235000,667,20989,50,0,0
CUST-16250,30186,85000,818,3965,52,0,1
CUST-16251,33559,135000,567,6067,38,0,0
CUST-16252,150082,395000,665,12194,37,0,0
CUST-16253,46673,80000,786,9613,49,0,0
CUST-16254,33085,105000,685,10966,47,0,0
CUST-16255,15000,25000,813,1268,40,0,0
CUST-16256,80409,170000,611,11776,47,0,0
CUST-16257,20483,50000,637,3698,52,0,0
CUST-16258,24301,80000,675,2098,44,0,0
CUST-16259,34007,95000,737,10773,39,0,0
CUST-16260,81487,130000,695,26518,51,0,1
CUST-16261,59078,180000,678,20237,38,0,0
CUST-16262,37089,95000,802,9434,41,0,0
CUST-16263,46823,180000,808,10653,43,0,0
CUST-16264,29726,80000,683,4217,45,0,0
CUST-16265,43037,140000,598,12020,54,1,0
CUST-16266,41633,85000,569,8559,38,0,0
CUST-16267,65145,220000,725,25391,42,0,0
CUST-16268,65094,215000,752,25312,42,0,0
CUST-16269,51379,195000,714,18846,41,0,0
CUST-16270,33484,55000,705,5894,54,0,1
CUST-16271,58157,150000,657,10397,41,0,0
CUST-16272,38331,125000,752,13355,44,2,0
CUST-16273,23366,40000,819,7131,37,1,0
CUST-16274,32805,85000,565,9727,46,0,0
CUST-16275,41867,160000,704,6190,46,0,0
CUST-16276,63266,165000,646,21616,43,1,0
CUST-16277,36615,145000,613,9256,49,0,0
CUST-16278,21925,35000,636,4525,57,0,0
CUST-16279,41289,135000,734,14570,49,0,0
CUST-16280,42477,125000,736,7984,46,0,1
CUST-16281,44042,120000,804,12282,39,0,0
CUST-16282,63572,250000,710,13545,40,0,0
CUST-16283,66800,120000,595,17198,44,0,0
CUST-16284,29818,110000,694,1914,43,0,0
CUST-16285,29493,95000,619,6234,47,0,0
CUST-16286,23858,50000,631,5839,40,0,0
CUST-16287,56920,215000,747,12661,46,0,0
CUST-16288,82818,215000,722,28704,44,1,0
CUST-16289,34284,120000,748,5447,48,0,0
CUST-16290,35570,90000,686,12784,43,0,1
CUST-16291,83565,305000,761,15978,41,0,0
CUST-16292,51677,160000,683,15145,47,0,0
CUST-16293,49917,90000,782,4010,40,0,0
CUST-16294,22126,70000,732,2656,43,0,0
CUST-16295,56351,110000,696,17829,52,0,0
CUST-16296,25220,65000,723,1369,44,0,0
CUST-16297,22765,45000,708,8855,52,0,0
CUST-16298,33745,50000,813,3938,40,1,0
CUST-16299,29944,60000,725,10943,49,0,0
CUST-16300,35925,100000,709,8283,46,0,1
CUST-16301,19526,55000,694,4834,53,1,0
CUST-16302,64822,180000,764,5149,39,1,0
CUST-16303,70533,150000,756,12542,43,1,0
CUST-16304,15158,50000,692,1586,45,0,0
CUST-16305,65462,215000,634,15323,46,0,0
CUST-16306,26761,65000,651,6496,43,0,0
CUST-16307,61604,230000,698,18381,46,0,0
CUST-16308,38784,120000,797,13861,36,0,0
CUST-16309,40716,135000,693,8707,31,0,0
CUST-16310,36587,80000,671,4817,49,1,1
CUST-16311,73575,110000,595,12268,48,2,0
CUST-16312,21594,80000,808,7481,50,0,0
CUST-16313,54389,195000,746,5496,53,0,0
CUST-16314,69610,125000,761,18762,38,0,0
CUST-16315,57421,140000,772,3134,49,1,0
CUST-16316,128328,405000,699,17450,49,0,0
CUST-16317,30807,95000,715,7917,44,0,0
CUST-16318,64773,235000,806,13585,39,0,0
CUST-16319,38061,70000,721,8477,52,0,0
CUST-16320,74362,190000,748,20910,43,0,1
CUST-16321,39980,70000,766,5281,60,0,0
CUST-16322,33059,80000,751,4902,49,0,0
CUST-16323,77113,120000,701,22328,44,2,0
CUST-16324,31389,120000,707,7483,41,0,0
CUST-16325,19803,55000,760,1091,45,1,0
CUST-16326,30994,110000,760,8821,47,4,0
CUST-16327,54694,90000,785,14605,53,0,0
CUST-16328,80500,165000,745,6239,39,0,0
CUST-16329,42428,90000,748,13221,48,0,0
CUST-16330,77582,190000,680,18056,48,0,1
CUST-16331,20351,70000,672,2475,48,0,0
CUST-16332,32156,80000,760,7903,45,0,0
CUST-16333,34742,70000,672,8977,36,0,0
CUST-16334,37900,65000,708,14100,44,0,0
CUST-16335,41858,70000,799,12965,47,0,0
CUST-16336,56695,195000,789,8825,46,0,0
CUST-16337,32131,85000,729,2935,46,0,0
CUST-16338,43024,145000,690,14998,37,0,0
CUST-16339,39239,125000,701,13581,48,0,0
CUST-16340,25261,45000,766,2813,51,0,1
CUST-16341,37917,70000,707,2720,44,0,0
CUST-16342,37353,125000,673,11174,50,0,0
CUST-16343,36955,120000,789,11193,43,0,0
CUST-16344,40777,100000,721,4567,51,0,0
CUST-16345,41682,70000,672,11832,49,0,0
CUST-16346,32333,50000,741,4773,48,1,0
CUST-16347,75838,170000,773,10709,34,0,0
CUST-16348,22365,35000,644,3658,39,0,0
CUST-16349,27987,60000,696,6496,33,0,0
CUST-16350,161132,410000,693,53424,55,1,1
CUST-16351,23884,45000,739,5362,41,0,0
CUST-16352,20396,35000,751,3147,44,0,0
CUST-16353,57944,215000,674,20824,57,0,0
CUST-16354,15000,45000,612,1039,48,0,0
CUST-16355,35680,135000,777,11738,44,0,0
CUST-16356,117349,275000,637,38083,48,1,0
CUST-16357,18537,60000,727,2571,43,0,0
CUST-16358,15000,30000,701,1791,39,0,0
CUST-16359,18966,60000,720,6754,45,0,0
CUST-16360,62892,115000,817,15446,38,2,1
CUST-16361,70430,105000,900,4655,47,2,0
CUST-16362,31060,120000,603,11237,44,0,0
CUST-16363,56477,165000,773,9722,55,0,0
CUST-16364,80428,305000,699,13653,47,0,0
CUST-16365,98093,230000,778,26990,43,0,0
CUST-16366,35483,80000,772,9987,55,0,0
CUST-16367,15000,40000,801,2604,43,0,0
CUST-16368,26623,85000,728,2666,48,2,0
CUST-16369,32422,95000,652,7888,56,0,0
CUST-16370,35260,135000,770,9478,39,0,1
CUST-16371,36536,55000,717,12826,46,2,0
CUST-16372,70224,230000,694,15417,45,0,0
CUST-16373,75903,175000,679,20948,55,0,0
CUST-16374,36833,70000,775,2543,50,2,0
CUST-16375,69511,195000,814,25238,48,0,0
CUST-16376,47993,135000,632,7896,45,0,0
CUST-16377,41450,75000,750,11244,48,0,0
CUST-16378,63150,125000,685,23404,44,1,0
CUST-16379,41611,105000,614,13884,39,0,0
CUST-16380,112297,285000,719,30679,39,0,1
CUST-16381,19551,45000,655,5792,46,0,0
CUST-16382,31020,60000,607,11549,44,0,0
CUST-16383,37674,55000,659,12591,42,0,0
CUST-16384,49997,195000,643,13171,39,0,0
CUST-16385,75658,290000,667,21225,39,3,0
CUST-16386,39648,105000,623,4026,54,0,0
CUST-16387,19710,80000,684,4228,31,0,0
CUST-16388,61160,195000,663,9501,46,0,0
CUST-16389,58540,100000,734,11777,49,0,0
CUST-16390,15200,25000,748,4283,43,0,1
CUST-16391,40058,150000,726,4094,42,0,0
CUST-16392,18122,55000,694,1016,49,1,0
CUST-16393,28786,105000,692,5438,40,0,0
CUST-16394,25555,95000,655,4159,56,0,0
CUST-16395,60152,160000,657,11859,44,0,0
CUST-16396,42549,70000,755,15995,52,0,0
CUST-16397,21103,40000,595,6277,54,0,0
CUST-16398,62319,105000,704,10258,56,0,0
CUST-16399,19596,40000,688,2209,41,1,0
CUST-16400,47337,120000,748,12613,37,1,1
CUST-16401,26715,50000,617,7484,45,0,0
CUST-16402,33428,65000,710,7329,55,1,0
CUST-16403,51644,135000,732,6427,37,0,0
CUST-16404,52089,120000,586,3125,45,0,0
CUST-16405,78314,210000,640,11197,47,0,0
CUST-16406,38517,100000,704,8088,30,0,0
CUST-16407,46780,145000,743,15239,46,0,0
CUST-16408,32245,125000,721,11247,60,0,0
CUST-16409,43958,80000,746,8551,49,4,0
CUST-16410,49998,85000,639,16431,47,0,1
CUST-16411,38209,140000,606,15194,41,1,0
CUST-16412,16287,45000,715,4899,44,2,0
CUST-16413,47369,160000,630,14448,40,0,0
CUST-16414,48159,100000,653,17738,43,0,0
CUST-16415,28564,100000,770,4808,50,0,0
CUST-16416,21116,80000,722,1138,54,1,0
CUST-16417,83946,260000,673,33195,40,0,0
CUST-16418,51314,90000,664,11374,40,0,0
CUST-16419,35791,135000,750,11631,38,0,0
CUST-16420,22730,80000,723,7600,53,1,1
CUST-16421,26611,90000,631,5032,56,0,0
CUST-16422,76979,125000,583,18432,46,0,0
CUST-16423,42994,150000,832,10274,41,0,0
CUST-16424,30476,55000,630,3872,40,0,0
CUST-16425,51784,105000,744,4721,45,1,0
CUST-16426,26710,80000,808,6417,45,0,0
CUST-16427,85001,185000,719,7824,38,0,0
CUST-16428,78936,250000,670,13508,44,0,0
CUST-16429,31783,95000,617,3659,46,4,0
CUST-16430,29309,50000,616,8717,38,0,1
CUST-16431,15000,45000,734,5328,45,1,0
CUST-16432,19133,75000,804,4826,54,0,0
CUST-16433,20542,40000,684,3975,35,0,0
CUST-16434,42941,130000,673,17125,38,0,0
CUST-16435,34094,80000,755,1957,38,0,0
CUST-16436,20482,55000,665,3205,45,0,0
CUST-16437,34871,75000,727,5144,38,0,0
CUST-16438,51671,125000,712,9025,48,2,0
CUST-16439,52256,80000,683,6830,48,2,0
CUST-16440,15524,60000,708,2212,50,0,1
CUST-16441,37641,115000,824,5276,48,0,0
CUST-16442,20097,55000,749,4562,53,1,0
CUST-16443,62998,155000,781,11772,36,0,0
CUST-16444,59401,170000,650,16260,45,0,0
CUST-16445,25616,65000,781,5892,51,0,0
CUST-16446,27363,65000,751,3124,50,0,0
CUST-16447,31868,85000,612,10628,35,0,0
CUST-16448,15000,35000,745,3229,42,0,0
CUST-16449,47476,95000,676,4919,34,0,0
CUST-16450,35016,100000,609,3796,41,0,1
CUST-16451,65191,235000,718,21443,42,0,0
CUST-16452,23174,45000,745,6860,43,0,0
CUST-16453,29449,45000,719,6693,38,0,0
CUST-16454,18896,40000,702,2969,46,0,0
CUST-16455,24290,95000,688,5129,41,0,0
CUST-16456,22225,80000,870,6062,41,0,0
CUST-16457,66038,195000,633,23625,36,0,0
CUST-16458,28307,110000,766,6922,40,2,0
CUST-16459,42705,110000,711,6271,36,0,0
CUST-16460,33177,130000,654,2155,39,1,1
CUST-16461,21274,50000,706,2370,49,3,0
CUST-16462,36895,80000,619,10240,52,1,0
CUST-16463,54152,170000,671,5748,40,3,0
CUST-16464,21941,55000,706,4794,55,1,0
CUST-16465,60147,185000,609,17721,48,1,0
CUST-16466,26242,60000,742,4143,57,0,0
CUST-16467,31524,95000,647,8958,42,0,0
CUST-16468,52330,115000,615,13259,71,4,0
CUST-16469,28804,45000,639,5865,48,0,0
CUST-16470,40895,155000,851,14887,50,2,1
CUST-16471,34291,125000,581,10020,50,0,0
CUST-16472,42816,170000,738,7544,37,0,0
CUST-16473,15000,50000,661,4972,44,1,0
CUST-16474,16077,50000,687,4957,36,0,0
CUST-16475,54610,160000,749,17862,46,1,0
CUST-16476,67412,120000,746,18493,37,0,0
CUST-16477,25457,50000,665,4653,43,3,0
CUST-16478,35524,80000,621,6110,57,0,0
CUST-16479,46507,175000,750,12973,52,0,0
CUST-16480,56761,110000,745,5438,54,0,1
CUST-16481,15000,55000,691,5054,44,0,0
CUST-16482,25770,70000,738,4628,32,3,0
CUST-16483,33986,110000,681,9197,43,0,0
CUST-16484,57043,100000,656,12815,37,0,0
CUST-16485,139974,305000,710,32440,40,2,0
CUST-16486,35810,140000,743,11040,56,3,0
CUST-16487,19860,45000,730,5348,38,1,0
CUST-16488,49076,110000,743,6753,44,0,0
CUST-16489,77691,155000,660,5902,41,0,0
CUST-16490,42362,75000,812,14575,43,0,1
CUST-16491,25506,55000,687,9174,50,2,0
CUST-16492,64795,200000,702,6970,41,0,0
CUST-16493,55925,150000,624,8853,38,0,0
CUST-16494,24027,70000,697,3575,40,0,0
CUST-16495,48567,90000,744,18363,58,0,0
CUST-16496,66080,230000,759,8040,48,1,0
CUST-16497,72471,250000,811,7847,49,0,0
CUST-16498,38823,60000,743,4411,42,0,0
CUST-16499,33555,85000,727,10249,49,0,0
CUST-16500,74134,125000,680,26748,41,1,1
CUST-16501,21914,75000,666,4112,44,0,0
CUST-16502,49975,165000,773,4878,50,0,0
CUST-16503,20231,75000,771,5158,43,0,0
CUST-16504,68369,145000,639,8442,44,0,0
CUST-16505,35276,95000,757,2555,44,0,0
CUST-16506,75681,150000,752,27258,50,0,0
CUST-16507,51313,125000,637,18205,64,0,0
CUST-16508,21772,60000,745,8525,54,0,0
CUST-16509,81823,135000,641,17665,47,1,0
CUST-16510,87170,285000,552,13328,62,0,1
CUST-16511,62388,180000,699,19928,45,0,0
CUST-16512,27424,100000,726,3103,48,0,0
CUST-16513,34440,75000,702,4654,47,4,0
CUST-16514,43161,160000,896,6020,51,1,0
CUST-16515,28230,115000,734,10813,42,0,0
CUST-16516,93542,355000,719,28571,46,0,0
CUST-16517,43138,150000,737,4175,44,0,0
CUST-16518,15000,55000,681,1237,45,0,0
CUST-16519,47556,140000,770,16406,56,0,0
CUST-16520,33722,65000,733,11155,42,0,1
CUST-16521,38659,125000,730,11011,49,0,0
CUST-16522,33379,110000,669,3959,38,0,0
CUST-16523,60085,240000,608,13104,44,0,0
CUST-16524,70251,200000,677,18332,43,3,0
CUST-16525,46236,100000,728,17396,41,1,0
CUST-16526,33872,110000,681,3702,44,2,0
CUST-16527,39313,155000,728,9057,38,0,0
CUST-16528,40530,80000,694,4264,44,0,0
CUST-16529,26870,60000,737,5517,37,0,0
CUST-16530,53608,155000,646,6435,46,0,1
CUST-16531,50514,95000,722,17309,50,1,0
CUST-16532,86700,135000,668,12064,41,0,0
CUST-16533,75182,175000,610,14734,46,3,0
CUST-16534,28485,105000,699,5489,53,0,0
CUST-16535,60484,95000,809,21363,55,0,0
CUST-16536,24947,65000,615,7864,38,2,0
CUST-16537,56838,195000,717,3987,43,0,0
CUST-16538,30998,120000,761,2277,43,0,0
CUST-16539,24061,95000,859,5844,43,0,0
CUST-16540,46167,120000,677,9219,47,3,1
CUST-16541,15000,60000,668,2196,43,0,0
CUST-16542,16722,25000,634,5475,43,3,0
CUST-16543,36726,125000,784,3489,32,0,0
CUST-16544,41823,130000,653,16349,58,1,0
CUST-16545,33367,70000,685,1949,43,0,0
CUST-16546,18220,50000,589,1664,44,2,0
CUST-16547,26663,50000,767,4238,42,0,0
CUST-16548,48805,180000,785,11137,42,1,0
CUST-16549,53685,130000,764,6745,42,0,0
CUST-16550,39810,120000,605,12248,41,0,1
CUST-16551,71568,135000,749,12534,41,1,0
CUST-16552,48957,100000,601,3108,42,0,0
CUST-16553,27619,110000,713,9865,56,0,0
CUST-16554,34882,120000,723,13267,40,0,0
CUST-16555,19901,80000,730,5303,48,0,0
CUST-16556,38022,85000,744,12634,43,0,0
CUST-16557,69985,135000,709,6465,44,0,0
CUST-16558,56536,155000,582,8146,42,0,0
CUST-16559,80902,220000,744,13254,43,0,0
CUST-16560,34494,65000,716,13323,32,0,1
CUST-16561,78672,260000,651,18037,44,0,0
CUST-16562,36437,90000,607,1916,35,0,0
CUST-16563,83766,165000,810,15334,41,0,0
CUST-16564,39698,90000,790,2092,38,0,0
CUST-16565,57160,165000,755,7615,38,0,0
CUST-16566,83914,280000,666,17550,38,0,0
CUST-16567,36435,100000,546,5945,36,0,0
CUST-16568,44765,125000,759,2751,46,1,0
CUST-16569,76453,140000,733,6935,53,0,0
CUST-16570,37552,140000,685,9118,50,0,1
CUST-16571,20734,80000,783,6084,49,0,0
CUST-16572,117184,375000,765,22451,58,0,0
CUST-16573,31733,50000,721,9710,33,0,0
CUST-16574,43450,125000,712,4656,49,0,0
CUST-16575,71539,220000,713,6633,39,0,0
CUST-16576,29606,120000,754,10178,38,0,0
CUST-16577,24247,95000,654,4091,48,0,0
CUST-16578,45563,165000,737,9171,42,0,0
CUST-16579,16374,25000,650,6249,44,0,0
CUST-16580,34753,135000,796,6896,51,0,1
CUST-16581,45366,140000,744,2323,47,0,0
CUST-16582,35067,125000,665,13265,63,2,0
CUST-16583,18550,45000,715,1019,56,0,0
CUST-16584,89062,205000,654,25097,40,0,0
CUST-16585,42267,110000,807,6890,44,0,0
CUST-16586,82090,155000,815,17619,46,0,0
CUST-16587,35241,85000,755,8512,53,2,0
CUST-16588,25848,95000,811,4987,50,0,0
CUST-16589,45916,75000,719,14740,32,1,0
CUST-16590,36029,70000,759,13537,41,3,1
CUST-16591,22272,40000,789,1787,53,0,0
CUST-16592,83691,210000,709,27625,34,0,0
CUST-16593,29403,115000,714,2794,46,0,0
CUST-16594,15992,30000,770,1248,28,1,0
CUST-16595,77970,145000,752,29982,44,2,0
CUST-16596,31189,120000,660,6900,56,0,0
CUST-16597,29616,110000,567,3062,44,0,0
CUST-16598,16602,25000,698,4141,40,0,0
CUST-16599,95843,325000,573,13622,38,1,0
CUST-16600,21062,65000,645,4475,39,1,1
CUST-16601,41325,140000,653,11101,47,0,0
CUST-16602,63342,175000,673,22438,47,0,0
CUST-16603,49555,195000,763,2531,46,3,0
CUST-16604,38955,65000,777,4867,41,1,0
CUST-16605,17139,35000,743,1434,48,0,0
CUST-16606,26772,65000,751,2248,56,0,0
CUST-16607,44086,115000,752,16797,41,0,0
CUST-16608,27076,105000,547,10224,53,0,0
CUST-16609,44430,130000,710,13873,59,0,0
CUST-16610,56436,90000,593,15523,55,0,1
CUST-16611,64942,165000,743,22521,49,0,0
CUST-16612,21740,55000,573,1531,49,1,0
CUST-16613,120369,470000,698,11052,48,0,0
CUST-16614,58908,175000,745,9483,44,0,0
CUST-16615,40100,125000,637,13689,40,1,0
CUST-16616,69200,225000,772,14897,45,0,0
CUST-16617,130967,450000,742,29631,48,1,0
CUST-16618,19548,60000,734,2545,41,0,0
CUST-16619,35859,75000,755,9930,48,0,0
CUST-16620,15000,55000,686,5411,55,3,1
CUST-16621,44193,145000,719,7306,37,1,0
CUST-16622,48179,160000,710,12850,56,0,0
CUST-16623,39356,155000,709,6540,34,2,0
CUST-16624,28932,100000,666,9473,45,4,0
CUST-16625,15000,55000,629,3243,46,0,0
CUST-16626,48376,190000,688,8166,36,1,0
CUST-16627,83093,155000,684,16370,57,0,0
CUST-16628,29866,80000,662,2446,37,0,0
CUST-16629,50012,150000,765,17661,46,0,0
CUST-16630,18323,45000,633,7060,55,0,1
CUST-16631,50443,180000,698,10950,37,0,0
CUST-16632,32968,110000,785,4202,47,0,0
CUST-16633,27413,90000,769,7747,47,2,0
CUST-16634,27441,110000,789,5716,48,0,0
CUST-16635,32964,70000,671,4559,37,0,0
CUST-16636,48592,160000,760,3083,52,0,0
CUST-16637,20825,60000,640,7526,45,0,0
CUST-16638,32907,75000,692,10821,48,0,0
CUST-16639,39311,75000,698,13371,49,0,0
CUST-16640,23166,85000,672,4724,44,0,1
CUST-16641,98551,295000,686,30909,43,2,0
CUST-16642,26193,95000,677,6638,50,1,0
CUST-16643,28718,80000,646,5202,50,0,0
CUST-16644,24608,50000,765,8488,35,0,0
CUST-16645,98640,230000,698,39413,54,2,0
CUST-16646,52915,130000,723,19300,51,0,0
CUST-16647,25127,100000,720,8082,36,1,0
CUST-16648,69780,105000,713,21745,33,0,0
CUST-16649,44371,175000,716,12316,38,1,0
CUST-16650,45643,180000,690,15918,39,0,1
CUST-16651,33784,135000,802,7519,48,0,0
CUST-16652,27592,75000,759,3134,36,0,0
CUST-16653,47518,185000,711,15149,42,0,0
CUST-16654,30560,75000,680,11363,36,0,0
CUST-16655,99546,155000,702,16870,42,0,0
CUST-16656,21276,45000,737,6894,43,0,0
CUST-16657,86515,335000,807,12614,49,0,0
CUST-16658,37961,60000,620,14421,44,0,0
CUST-16659,46608,135000,752,13479,47,0,0
CUST-16660,60875,105000,783,15172,44,1,1
CUST-16661,29286,65000,613,9458,51,0,0
CUST-16662,61828,105000,698,20689,35,1,0
CUST-16663,15000,55000,640,5434,33,0,0
CUST-16664,28001,85000,737,10231,46,2,0
CUST-16665,25285,95000,686,1730,65,0,0
CUST-16666,21445,70000,701,1994,47,0,0
CUST-16667,36044,140000,683,12223,46,1,0
CUST-16668,48672,135000,756,18549,36,0,0
CUST-16669,57029,175000,724,8992,50,0,0
CUST-16670,45271,135000,725,2399,42,0,1
CUST-16671,28771,80000,720,4688,48,1,0
CUST-16672,48267,175000,747,8881,40,0,0
CUST-16673,42708,135000,692,13511,44,0,0
CUST-16674,64089,225000,820,4271,55,0,0
CUST-16675,59187,205000,629,7364,40,0,0
CUST-16676,40751,80000,597,14788,55,0,0
CUST-16677,25626,80000,592,2669,53,2,0
CUST-16678,28955,60000,574,9142,39,0,0
CUST-16679,30488,90000,753,5379,34,0,0
CUST-16680,34281,110000,745,9664,55,0,1
CUST-16681,45891,185000,788,3480,47,0,0
CUST-16682,57387,90000,641,8624,47,0,0
CUST-16683,39122,70000,758,7772,54,0,0
CUST-16684,40459,70000,713,14161,44,0,0
CUST-16685,43116,110000,720,10659,51,0,0
CUST-16686,31009,110000,750,2041,38,0,0
CUST-16687,25268,90000,660,8354,52,0,0
CUST-16688,16685,55000,878,1152,43,1,0
CUST-16689,28351,105000,796,10689,48,1,0
CUST-16690,50846,115000,675,6310,39,0,1
CUST-16691,28241,50000,639,6234,52,0,0
CUST-16692,35635,60000,704,2683,46,0,0
CUST-16693,50676,185000,721,12496,42,1,0
CUST-16694,52070,175000,779,11665,50,0,0
CUST-16695,23393,75000,634,4528,48,0,0
CUST-16696,66073,155000,728,4126,49,1,0
CUST-16697,70521,175000,610,25220,30,0,0
CUST-16698,22812,90000,738,7549,49,0,0
CUST-16699,26584,45000,703,7219,40,1,0
CUST-16700,72805,250000,835,18221,46,3,1
CUST-16701,37293,85000,609,10935,45,0,0
CUST-16702,15000,25000,799,1505,50,0,0
CUST-16703,19933,65000,599,7503,36,0,0
CUST-16704,35430,80000,623,5301,49,0,0
CUST-16705,22437,75000,600,6277,44,0,0
CUST-16706,32639,105000,726,8563,46,0,0
CUST-16707,40790,115000,633,11128,31,0,0
CUST-16708,83376,285000,622,29818,41,0,0
CUST-16709,34709,100000,723,5330,44,0,0
CUST-16710,68615,150000,739,21416,46,0,1
CUST-16711,81992,275000,712,21271,48,0,0
CUST-16712,82220,245000,699,6299,40,0,0
CUST-16713,46275,70000,828,9021,44,0,0
CUST-16714,15038,55000,719,5162,41,0,0
CUST-16715,50534,145000,762,8104,37,0,0
CUST-16716,67792,250000,719,14832,38,4,0
CUST-16717,38540,145000,638,8518,53,0,0
CUST-16718,96018,250000,745,25569,49,0,0
CUST-16719,61692,170000,667,22172,49,0,0
CUST-16720,53323,135000,704,5904,33,3,1
CUST-16721,69091,180000,729,15657,42,0,0
CUST-16722,47414,175000,583,9411,38,0,0
CUST-16723,15000,50000,605,2303,43,0,0
CUST-16724,31270,55000,769,11628,47,0,0
CUST-16725,73026,220000,666,3860,39,0,0
CUST-16726,26801,105000,669,2485,43,0,0
CUST-16727,35891,105000,720,11006,45,0,0
CUST-16728,23803,80000,684,3384,60,1,0
CUST-16729,97925,335000,737,29682,54,1,0
CUST-16730,93036,220000,706,31752,40,0,1
CUST-16731,25798,65000,722,3588,54,0,0
CUST-16732,43202,145000,664,5062,42,1,0
CUST-16733,28559,80000,722,2880,38,0,0
CUST-16734,54582,160000,781,6551,52,2,0
CUST-16735,51784,170000,673,7431,52,2,0
CUST-16736,60225,205000,769,21323,45,0,0
CUST-16737,47380,105000,706,15137,52,0,0
CUST-16738,174155,325000,757,8820,42,0,0
CUST-16739,24005,55000,718,8544,42,0,0
CUST-16740,17063,45000,707,1323,34,1,1
CUST-16741,32973,80000,732,9210,43,0,0
CUST-16742,18324,55000,788,1887,41,0,0
CUST-16743,19029,30000,725,1366,39,0,0
CUST-16744,24327,65000,741,7685,44,0,0
CUST-16745,25308,60000,686,5403,56,0,0
CUST-16746,24901,70000,812,6466,47,0,0
CUST-16747,52005,135000,751,10342,36,0,0
CUST-16748,31160,70000,715,2290,44,0,0
CUST-16749,36689,140000,702,11331,37,0,0
CUST-16750,62762,125000,773,21158,43,0,1
CUST-16751,27360,90000,670,1764,38,0,0
CUST-16752,35162,135000,594,6381,47,2,0
CUST-16753,48188,135000,714,11808,40,0,0
CUST-16754,15202,55000,787,3980,46,0,0
CUST-16755,15000,25000,813,3785,42,0,0
CUST-16756,47717,130000,703,13958,47,0,0
CUST-16757,51328,135000,712,19935,57,1,0
CUST-16758,112657,170000,743,21033,37,0,0
CUST-16759,43436,115000,692,10633,48,0,0
CUST-16760,60468,145000,743,17818,42,3,1
CUST-16761,36397,115000,704,9366,39,1,0
CUST-16762,46565,180000,775,8631,48,0,0
CUST-16763,92376,160000,756,24796,56,0,0
CUST-16764,15000,35000,762,4163,44,1,0
CUST-16765,49355,130000,696,12572,39,3,0
CUST-16766,116750,310000,835,14218,47,0,0
CUST-16767,46213,160000,741,10494,40,0,0
CUST-16768,91609,240000,726,32935,46,0,0
CUST-16769,29301,45000,660,10372,40,0,0
CUST-16770,39496,130000,703,12353,49,0,1
CUST-16771,40813,150000,717,11999,39,0,0
CUST-16772,15000,40000,658,1554,54,0,0
CUST-16773,22379,65000,690,4717,37,0,0
CUST-16774,23191,45000,699,2060,49,0,0
CUST-16775,60538,125000,713,20343,52,0,0
CUST-16776,62073,130000,595,9426,38,0,0
CUST-16777,47193,120000,701,15026,34,0,0
CUST-16778,60600,230000,685,20307,50,1,0
CUST-16779,36972,105000,708,13397,44,1,0
CUST-16780,73201,145000,777,22973,36,0,1
CUST-16781,40311,85000,843,9983,63,0,0
CUST-16782,41312,100000,754,10714,45,0,0
CUST-16783,35143,105000,629,5700,43,1,0
CUST-16784,56512,145000,687,6326,37,0,0
CUST-16785,32513,80000,748,3112,45,0,0
CUST-16786,65395,190000,741,7435,52,0,0
CUST-16787,22786,50000,774,8587,49,0,0
CUST-16788,23168,40000,703,2491,47,0,0
CUST-16789,56597,90000,686,17166,40,1,0
CUST-16790,38396,80000,823,4400,59,0,1
CUST-16791,31986,55000,713,12517,47,0,0
CUST-16792,62631,145000,643,11167,50,1,0
CUST-16793,29624,100000,805,5754,52,0,0
CUST-16794,36311,120000,612,6956,39,0,0
CUST-16795,80790,245000,482,27126,46,0,0
CUST-16796,86644,315000,760,10951,46,2,0
CUST-16797,88097,195000,769,30028,42,0,0
CUST-16798,34854,130000,736,9758,40,0,0
CUST-16799,74261,185000,625,9438,46,0,0
CUST-16800,24972,60000,706,1820,40,0,1
CUST-16801,25502,65000,691,8192,51,0,0
CUST-16802,15000,25000,675,1899,53,0,0
CUST-16803,92636,365000,801,33457,66,1,0
CUST-16804,26056,50000,641,2486,49,0,0
CUST-16805,37674,90000,730,10011,49,1,0
CUST-16806,25459,60000,787,7440,41,0,0
CUST-16807,56816,95000,734,15919,41,0,0
CUST-16808,33262,65000,790,5342,31,0,0
CUST-16809,20901,35000,746,7449,45,1,0
CUST-16810,50052,110000,737,15988,39,0,1
CUST-16811,19597,70000,733,4479,44,0,0
CUST-16812,26404,60000,749,6895,41,0,0
CUST-16813,15000,25000,684,3723,50,0,0
CUST-16814,19693,60000,625,7509,57,0,0
CUST-16815,43882,175000,772,15961,43,0,0
CUST-16816,15028,30000,785,1990,52,0,0
CUST-16817,19137,40000,726,2716,51,1,0
CUST-16818,40087,160000,674,15774,40,2,0
CUST-16819,30582,60000,608,4061,44,0,0
CUST-16820,108664,300000,715,41696,46,1,1
CUST-16821,100403,210000,622,27853,42,0,0
CUST-16822,26004,100000,613,1756,51,2,0
CUST-16823,53027,210000,708,8882,57,0,0
CUST-16824,58374,205000,660,12646,43,0,0
CUST-16825,29770,70000,732,10168,37,1,0
CUST-16826,19000,50000,699,3135,45,1,0
CUST-16827,39888,85000,670,6330,46,0,0
CUST-16828,36811,135000,599,13697,57,1,0
CUST-16829,32277,120000,654,2506,40,0,0
CUST-16830,50069,130000,656,12168,54,1,1
CUST-16831,27574,85000,630,6245,46,0,0
CUST-16832,22561,45000,688,1580,40,0,0
CUST-16833,42384,110000,635,3421,48,1,0
CUST-16834,48678,150000,699,8941,60,0,0
CUST-16835,22285,55000,725,2160,51,0,0
CUST-16836,63834,155000,656,13872,38,0,0
CUST-16837,16560,25000,737,4357,37,1,0
CUST-16838,30059,105000,621,8776,52,0,0
CUST-16839,35277,130000,637,8511,43,0,0
CUST-16840,29198,115000,702,5339,41,1,1
CUST-16841,30256,100000,754,2886,37,0,0
CUST-16842,102286,295000,766,13974,56,0,0
CUST-16843,26227,55000,814,5161,40,2,0
CUST-16844,136027,500000,685,50797,38,0,0
CUST-16845,49939,150000,701,6038,55,1,0
CUST-16846,42025,135000,642,8181,44,0,0
CUST-16847,50925,165000,628,15598,67,0,0
CUST-16848,142196,500000,724,42206,42,0,0
CUST-16849,24421,35000,659,9474,43,0,0
CUST-16850,22920,45000,790,2677,52,0,1
CUST-16851,27517,85000,614,1534,43,0,0
CUST-16852,40785,150000,741,6640,34,0,0
CUST-16853,16934,55000,644,1733,61,0,0
CUST-16854,40585,105000,656,9820,39,0,0
CUST-16855,93598,225000,745,34123,43,1,0
CUST-16856,43291,145000,666,12592,57,0,0
CUST-16857,34670,115000,676,3381,42,0,0
CUST-16858,29463,90000,657,2670,50,1,0
CUST-16859,62897,140000,826,23209,59,0,0
CUST-16860,26557,100000,669,5860,57,2,1
CUST-16861,101032,290000,713,37713,50,1,0
CUST-16862,105522,365000,696,32466,45,0,0
CUST-16863,45632,95000,724,18146,34,0,0
CUST-16864,39904,95000,670,14163,41,0,0
CUST-16865,67193,250000,696,13100,47,1,0
CUST-16866,69383,115000,735,21881,31,0,0
CUST-16867,26822,75000,653,5764,49,1,0
CUST-16868,30844,85000,780,4058,49,0,0
CUST-16869,20719,70000,787,2783,39,1,0
CUST-16870,49243,110000,749,9310,31,0,1
CUST-16871,56011,115000,714,4985,50,0,0
CUST-16872,20435,80000,515,2293,41,0,0
CUST-16873,31965,95000,737,7198,65,1,0
CUST-16874,20462,35000,684,7854,47,0,0
CUST-16875,25606,50000,693,6457,52,0,0
CUST-16876,52865,210000,586,10201,52,0,0
CUST-16877,27813,55000,742,3753,38,1,0
CUST-16878,34530,105000,615,4094,44,0,0
CUST-16879,17789,45000,717,4988,54,1,0
CUST-16880,44068,165000,768,15287,45,4,1
CUST-16881,39256,135000,679,7442,41,0,0
CUST-16882,27875,85000,789,6766,45,0,0
CUST-16883,36515,55000,661,10857,39,1,0
CUST-16884,43920,160000,749,3092,38,0,0
CUST-16885,26703,70000,625,4614,49,0,0
CUST-16886,19184,75000,777,5859,50,0,0
CUST-16887,98991,270000,766,28669,51,0,0
CUST-16888,29242,95000,740,2008,44,1,0
CUST-16889,38239,65000,684,5094,45,0,0
CUST-16890,66530,225000,618,19159,41,0,1
CUST-16891,234339,500000,684,33978,51,0,0
CUST-16892,21541,50000,782,7217,48,0,0
CUST-16893,50257,90000,718,3031,46,0,0
CUST-16894,28175,55000,609,3285,47,0,0
CUST-16895,30656,60000,636,4551,52,0,0
CUST-16896,27998,65000,791,10467,41,0,0
CUST-16897,22860,85000,741,7514,50,0,0
CUST-16898,39314,95000,629,14131,42,4,0
CUST-16899,19201,65000,595,3920,39,1,0
CUST-16900,64434,110000,669,21772,38,0,1
CUST-16901,41253,125000,589,14385,53,0,0
CUST-16902,49573,135000,699,9418,43,0,0
CUST-16903,31789,125000,869,12653,37,1,0
CUST-16904,33402,120000,606,11621,48,0,0
CUST-16905,46340,120000,697,18115,56,0,0
CUST-16906,22425,75000,795,7922,48,1,0
CUST-16907,33557,65000,758,10794,44,1,0
CUST-16908,26113,75000,700,9931,37,0,0
CUST-16909,25712,45000,700,5063,41,0,0
CUST-16910,15000,35000,634,4862,50,1,1
CUST-16911,78406,160000,692,9762,52,0,0
CUST-16912,28473,95000,725,8726,48,0,0
CUST-16913,71803,195000,781,23326,45,1,0
CUST-16914,68486,230000,669,20599,46,0,0
CUST-16915,21099,60000,697,7330,35,0,0
CUST-16916,23290,40000,648,4533,36,1,0
CUST-16917,144386,480000,724,34749,41,0,0
CUST-16918,96323,345000,760,5175,41,0,0
CUST-16919,39507,150000,750,3994,43,1,0
CUST-16920,45646,135000,633,12574,42,0,1
CUST-16921,29277,100000,719,7225,46,0,0
CUST-16922,49820,170000,665,5931,48,3,0
CUST-16923,28040,55000,775,3791,37,0,0
CUST-16924,15000,30000,699,2556,35,4,0
CUST-16925,20727,35000,611,6233,34,0,0
CUST-16926,40560,95000,695,10683,49,0,0
CUST-16927,22798,60000,739,1695,49,0,0
CUST-16928,38807,155000,725,12262,41,2,0
CUST-16929,23451,60000,676,3328,35,1,0
CUST-16930,27141,90000,671,7738,50,0,1
CUST-16931,61487,200000,645,5729,41,0,0
CUST-16932,45421,90000,684,18135,59,0,0
CUST-16933,39941,65000,654,3120,40,0,0
CUST-16934,62285,180000,773,19283,49,0,0
CUST-16935,51036,165000,651,12221,57,2,0
CUST-16936,82725,330000,717,6624,44,0,0
CUST-16937,31890,75000,713,1893,30,0,0
CUST-16938,32376,120000,771,5728,45,0,0
CUST-16939,20940,50000,780,6926,45,0,0
CUST-16940,32386,105000,755,2085,47,0,1
CUST-16941,65015,195000,732,19279,48,1,0
CUST-16942,76879,125000,641,21478,56,0,0
CUST-16943,64870,110000,640,9272,51,0,0
CUST-16944,16365,25000,655,1262,44,2,0
CUST-16945,68980,165000,758,25547,51,1,0
CUST-16946,16006,55000,714,2482,43,1,0
CUST-16947,62884,120000,766,5595,36,0,0
CUST-16948,33393,100000,775,9634,41,0,0
CUST-16949,57026,125000,662,7176,49,0,0
CUST-16950,20615,70000,712,4462,48,0,1
CUST-16951,72083,250000,709,4875,46,0,0
CUST-16952,19293,65000,688,7669,56,0,0
CUST-16953,28732,80000,675,5937,51,1,0
CUST-16954,24366,55000,787,9738,41,2,0
CUST-16955,16694,60000,713,3088,54,0,0
CUST-16956,42077,85000,710,7226,47,1,0
CUST-16957,99016,220000,657,36645,37,1,0
CUST-16958,152276,300000,753,25173,46,0,0
CUST-16959,42132,135000,644,8477,37,0,0
CUST-16960,70146,225000,739,5424,44,0,1
CUST-16961,45073,140000,741,17326,43,0,0
CUST-16962,51505,130000,683,4110,38,0,0
CUST-16963,33823,60000,730,10820,59,0,0
CUST-16964,44246,165000,722,10553,49,1,0
CUST-16965,52508,145000,707,3753,55,0,0
CUST-16966,30054,75000,710,1520,44,1,0
CUST-16967,38609,115000,714,14572,47,0,0
CUST-16968,38979,75000,718,12074,38,1,0
CUST-16969,60669,110000,713,17609,54,1,0
CUST-16970,23552,60000,638,4792,38,0,1
CUST-16971,39113,80000,700,5222,55,0,0
CUST-16972,104401,220000,727,30062,39,0,0
CUST-16973,71828,270000,716,18883,42,1,0
CUST-16974,78793,225000,771,23970,35,0,0
CUST-16975,40628,110000,750,7232,44,0,0
CUST-16976,47122,150000,653,18633,48,0,0
CUST-16977,66245,255000,699,4865,52,0,0
CUST-16978,87564,155000,689,6820,62,0,0
CUST-16979,15126,55000,709,5610,41,0,0
CUST-16980,20791,60000,709,5752,43,1,1
CUST-16981,77243,145000,749,12684,57,0,0
CUST-16982,34945,80000,721,11066,46,0,0
CUST-16983,28685,80000,789,5979,42,1,0
CUST-16984,21437,70000,725,1230,41,0,0
CUST-16985,30408,65000,656,8449,41,0,0
CUST-16986,19906,55000,679,2689,37,0,0
CUST-16987,114181,365000,749,10318,45,0,0
CUST-16988,39687,105000,605,5113,36,1,0
CUST-16989,38988,145000,622,8446,44,0,0
CUST-16990,53854,200000,710,3632,41,1,1
CUST-16991,64936,175000,771,23318,56,1,0
CUST-16992,64404,255000,794,15841,48,0,0
CUST-16993,68652,115000,695,10472,47,0,0
CUST-16994,29277,45000,778,8503,48,1,0
CUST-16995,34581,85000,714,11463,40,0,0
CUST-16996,58954,175000,610,15615,50,0,0
CUST-16997,30831,95000,709,3726,41,0,0
CUST-16998,40032,110000,669,3546,34,0,0
CUST-16999,48990,90000,769,17193,46,0,0
CUST-17000,59432,115000,708,7853,40,0,1
CUST-17001,16500,60000,626,940,38,0,0
CUST-17002,57375,210000,612,15779,49,1,0
CUST-17003,35708,115000,708,3696,33,0,0
CUST-17004,57166,180000,552,22685,48,0,0
CUST-17005,59187,175000,676,20976,46,0,0
CUST-17006,89675,180000,725,23580,50,0,0
CUST-17007,78962,205000,641,26993,34,0,0
CUST-17008,78691,255000,774,16893,41,0,0
CUST-17009,82605,235000,787,26926,54,2,0
CUST-17010,46429,70000,643,12827,56,2,1
CUST-17011,40785,160000,690,2448,48,0,0
CUST-17012,62094,225000,774,23723,45,0,0
CUST-17013,57874,125000,709,20332,48,0,0
CUST-17014,34388,105000,619,13194,32,2,0
CUST-17015,49139,185000,700,15035,50,0,0
CUST-17016,39436,70000,654,7659,41,0,0
CUST-17017,26187,70000,782,3206,58,0,0
CUST-17018,76514,200000,749,8645,51,0,0
CUST-17019,41257,105000,689,4155,35,0,0
CUST-17020,111787,400000,719,14220,44,1,1
CUST-17021,17805,45000,624,4321,46,0,0
CUST-17022,30382,50000,661,8789,49,0,0
CUST-17023,40795,70000,810,6523,47,0,0
CUST-17024,70876,115000,713,17156,50,3,0
CUST-17025,49007,125000,770,8303,47,1,0
CUST-17026,46874,155000,725,13770,45,0,0
CUST-17027,22842,45000,795,9044,54,0,0
CUST-17028,22505,70000,580,6552,50,0,0
CUST-17029,47157,150000,697,3332,41,0,0
CUST-17030,20291,45000,816,4403,43,0,1
CUST-17031,30762,90000,772,9832,41,0,0
CUST-17032,51557,165000,796,12362,53,0,0
CUST-17033,24559,65000,709,9402,41,3,0
CUST-17034,89561,210000,675,6194,53,1,0
CUST-17035,74010,225000,643,11242,43,0,0
CUST-17036,18293,70000,638,2327,55,0,0
CUST-17037,25180,65000,762,8024,39,0,0
CUST-17038,15000,35000,743,3499,52,0,0
CUST-17039,27138,70000,705,2670,45,0,0
CUST-17040,58876,100000,743,8828,36,0,1
CUST-17041,32632,95000,719,7600,52,0,0
CUST-17042,50533,115000,772,20144,41,0,0
CUST-17043,18747,35000,771,3327,40,1,0
CUST-17044,59813,160000,640,6273,42,0,0
CUST-17045,30407,45000,727,6810,54,1,0
CUST-17046,40379,100000,601,6402,40,1,0
CUST-17047,38313,70000,718,9505,45,0,0
CUST-17048,21252,35000,749,4534,56,0,0
CUST-17049,22549,80000,624,6569,54,0,0
CUST-17050,65114,245000,682,24092,51,0,1
CUST-17051,48996,100000,710,5888,57,0,0
CUST-17052,67847,195000,725,22892,43,1,0
CUST-17053,47208,105000,691,18044,56,0,0
CUST-17054,43109,120000,633,7792,46,0,0
CUST-17055,16932,45000,706,1520,40,2,0
CUST-17056,35060,75000,602,11838,38,2,0
CUST-17057,39589,130000,694,11693,45,0,0
CUST-17058,106569,195000,681,13262,34,0,0
CUST-17059,56583,90000,701,11646,39,0,0
CUST-17060,86511,295000,673,21826,44,0,1
CUST-17061,54109,170000,612,5922,41,0,0
CUST-17062,28123,75000,686,8443,45,0,0
CUST-17063,42555,115000,770,12403,46,0,0
CUST-17064,45166,125000,791,16282,39,0,0
CUST-17065,25094,65000,868,6237,39,0,0
CUST-17066,33117,80000,819,8312,40,2,0
CUST-17067,36210,100000,632,9660,41,0,0
CUST-17068,89573,255000,683,13061,46,2,0
CUST-17069,15000,50000,708,4732,50,0,0
CUST-17070,73343,240000,704,20673,65,0,1
CUST-17071,25124,60000,714,8635,44,0,0
CUST-17072,20210,50000,866,6447,51,0,0
CUST-17073,72400,175000,639,19801,46,0,0
CUST-17074,57869,165000,663,6152,44,0,0
CUST-17075,75151,200000,816,27933,55,0,0
CUST-17076,59895,225000,669,10692,48,0,0
CUST-17077,112411,365000,735,43559,40,0,0
CUST-17078,53069,200000,777,10117,46,3,0
CUST-17079,37114,120000,741,3751,50,0,0
CUST-17080,47641,185000,722,17136,54,0,1
CUST-17081,74737,230000,771,24533,36,2,0
CUST-17082,27182,105000,651,8839,45,0,0
CUST-17083,28971,55000,677,2355,38,0,0
CUST-17084,34389,55000,744,12302,44,0,0
CUST-17085,15000,45000,575,3881,47,0,0
CUST-17086,43003,170000,802,9229,46,0,0
CUST-17087,15629,40000,729,5776,49,0,0
CUST-17088,41213,85000,719,11667,53,1,0
CUST-17089,61860,175000,604,5973,56,0,0
CUST-17090,31620,100000,626,7330,43,0,1
CUST-17091,92833,210000,684,25326,38,1,0
CUST-17092,19336,65000,762,7047,45,1,0
CUST-17093,72811,285000,575,10773,41,0,0
CUST-17094,56250,210000,761,18448,43,0,0
CUST-17095,17017,40000,686,5614,52,1,0
CUST-17096,155654,360000,695,14758,50,0,0
CUST-17097,38875,95000,726,2178,50,0,0
CUST-17098,25880,65000,727,6560,46,0,0
CUST-17099,19859,35000,663,6480,33,0,0
CUST-17100,35953,120000,750,8774,27,0,1
CUST-17101,37657,90000,559,12602,41,0,0
CUST-17102,42248,155000,680,11314,44,0,0
CUST-17103,34582,130000,719,9636,52,0,0
CUST-17104,55083,85000,687,3296,52,0,0
CUST-17105,33063,130000,591,2678,44,0,0
CUST-17106,15252,50000,759,4632,55,0,0
CUST-17107,37246,105000,628,11806,47,0,0
CUST-17108,15000,35000,705,3596,47,0,0
CUST-17109,47900,135000,719,12289,50,0,0
CUST-17110,24596,55000,711,6518,38,0,1
CUST-17111,43550,135000,785,3777,41,1,0
CUST-17112,77422,135000,706,21969,52,0,0
CUST-17113,24974,75000,737,5430,34,0,0
CUST-17114,68229,150000,706,17799,50,0,0
CUST-17115,32315,50000,749,7985,52,0,0
CUST-17116,96432,280000,800,30573,55,2,0
CUST-17117,33437,100000,718,5400,46,0,0
CUST-17118,26363,70000,760,4764,33,0,0
CUST-17119,56591,95000,804,10586,42,0,0
CUST-17120,32276,120000,798,10226,54,0,1
CUST-17121,26351,80000,684,5293,48,0,0
CUST-17122,31605,55000,777,3539,54,3,0
CUST-17123,39249,110000,726,15466,69,0,0
CUST-17124,78518,215000,782,17484,39,0,0
CUST-17125,15259,25000,746,1346,51,0,0
CUST-17126,40600,120000,727,11554,51,0,0
CUST-17127,54855,195000,738,16934,48,0,0
CUST-17128,44210,150000,726,9950,35,0,0
CUST-17129,77260,155000,729,21343,39,0,0
CUST-17130,38670,140000,699,4270,46,0,1
CUST-17131,36597,85000,693,6542,46,1,0
CUST-17132,53968,210000,824,5755,49,0,0
CUST-17133,42178,70000,741,7825,58,0,0
CUST-17134,33017,90000,672,8154,50,0,0
CUST-17135,51951,155000,691,10644,45,2,0
CUST-17136,28961,60000,778,7461,35,0,0
CUST-17137,29566,100000,662,6670,37,0,0
CUST-17138,30822,95000,613,4969,44,1,0
CUST-17139,78947,120000,618,7910,49,1,0
CUST-17140,15000,45000,597,2076,45,0,1
CUST-17141,48913,135000,625,5881,39,0,0
CUST-17142,40828,80000,633,12150,49,0,0
CUST-17143,17319,70000,800,5836,42,1,0
CUST-17144,46857,175000,706,14157,42,0,0
CUST-17145,50913,115000,686,14016,47,0,0
CUST-17146,53896,155000,616,8501,43,4,0
CUST-17147,15000,35000,700,4482,47,2,0
CUST-17148,79474,275000,597,20804,45,0,0
CUST-17149,27753,105000,685,1843,52,0,0
CUST-17150,56572,135000,844,20799,38,0,1
CUST-17151,58135,205000,753,4533,44,0,0
CUST-17152,25891,70000,696,5850,43,0,0
CUST-17153,55839,140000,755,12819,39,0,0
CUST-17154,33098,125000,676,11351,49,0,0
CUST-17155,15000,40000,657,5543,49,0,0
CUST-17156,71960,190000,820,27264,38,0,0
CUST-17157,27240,85000,635,6793,44,2,0
CUST-17158,26180,55000,686,7531,53,0,0
CUST-17159,32809,75000,729,2656,52,0,0
CUST-17160,45987,175000,649,10152,65,1,1
CUST-17161,39001,125000,752,14206,54,0,0
CUST-17162,52787,190000,690,11058,45,0,0
CUST-17163,20542,45000,753,1527,56,0,0
CUST-17164,27689,80000,748,3328,47,2,0
CUST-17165,37873,150000,694,7587,45,0,0
CUST-17166,103667,240000,821,13801,33,3,0
CUST-17167,37914,70000,666,7101,38,0,0
CUST-17168,69051,190000,797,11499,42,0,0
CUST-17169,40916,100000,786,6613,43,1,0
CUST-17170,31513,60000,825,2581,40,1,1
CUST-17171,35476,130000,721,12734,43,0,0
CUST-17172,36893,145000,658,10789,56,0,0
CUST-17173,54275,160000,844,14555,52,2,0
CUST-17174,79802,275000,688,20929,42,0,0
CUST-17175,48042,175000,657,9069,56,0,0
CUST-17176,72659,235000,697,24570,42,0,0
CUST-17177,24775,40000,646,9303,48,0,0
CUST-17178,32620,60000,744,1695,37,2,0
CUST-17179,27940,45000,670,2171,38,0,0
CUST-17180,46968,70000,691,13444,39,0,1
CUST-17181,33540,75000,772,4448,47,0,0
CUST-17182,57808,145000,750,21336,46,0,0
CUST-17183,25197,55000,711,7145,50,0,0
CUST-17184,41007,70000,721,7336,52,0,0
CUST-17185,56581,160000,710,11053,51,0,0
CUST-17186,15000,35000,681,4377,35,0,0
CUST-17187,115938,405000,709,11516,50,0,0
CUST-17188,34836,55000,741,12512,45,0,0
CUST-17189,15000,55000,701,775,47,3,0
CUST-17190,43436,170000,737,17054,48,0,1
CUST-17191,40811,135000,655,4435,57,1,0
CUST-17192,38524,130000,670,11932,46,0,0
CUST-17193,65880,255000,662,4214,38,3,0
CUST-17194,58321,120000,673,11722,51,0,0
CUST-17195,46580,185000,793,12605,39,0,0
CUST-17196,50265,175000,757,3748,45,0,0
CUST-17197,38094,125000,639,7815,36,0,0
CUST-17198,97513,235000,738,15221,42,0,0
CUST-17199,19156,55000,684,4298,40,1,0
CUST-17200,43037,135000,665,9752,50,0,1
CUST-17201,41461,125000,613,13467,49,0,0
CUST-17202,60273,195000,773,5619,42,0,0
CUST-17203,26319,45000,621,2077,53,0,0
CUST-17204,16783,40000,706,3199,42,0,0
CUST-17205,43408,110000,648,15654,47,0,0
CUST-17206,46194,100000,760,16137,39,0,0
CUST-17207,84524,165000,688,20792,40,2,0
CUST-17208,21265,40000,701,7678,56,1,0
CUST-17209,71492,175000,703,23726,39,0,0
CUST-17210,131098,360000,729,19307,52,0,1
CUST-17211,33226,55000,710,3639,49,0,0
CUST-17212,21047,80000,707,3270,53,0,0
CUST-17213,32745,110000,676,4240,36,0,0
CUST-17214,40416,135000,607,10829,53,0,0
CUST-17215,53204,105000,637,13551,39,0,0
CUST-17216,29860,90000,756,7747,42,1,0
CUST-17217,87343,245000,690,10154,42,0,0
CUST-17218,22988,90000,666,7520,58,0,0
CUST-17219,16821,55000,618,3393,40,0,0
CUST-17220,69797,205000,598,15031,42,0,1
CUST-17221,15000,55000,664,5984,52,2,0
CUST-17222,36240,70000,767,5392,49,1,0
CUST-17223,190773,295000,673,35855,51,1,0
CUST-17224,39893,130000,736,11439,64,2,0
CUST-17225,22916,40000,670,8207,48,0,0
CUST-17226,38999,70000,751,3680,43,0,0
CUST-17227,39128,130000,687,12022,42,0,0
CUST-17228,43491,95000,629,16152,40,0,0
CUST-17229,55889,170000,692,11067,48,0,0
CUST-17230,23871,90000,829,3589,39,0,1
CUST-17231,93318,215000,826,26801,39,0,0
CUST-17232,45367,95000,741,6175,40,0,0
CUST-17233,57722,100000,701,10649,44,0,0
CUST-17234,29317,55000,729,10669,35,0,0
CUST-17235,76358,125000,730,19594,45,2,0
CUST-17236,35294,60000,707,2937,52,1,0
CUST-17237,46109,120000,738,7626,61,1,0
CUST-17238,25170,60000,723,6784,45,1,0
CUST-17239,24380,80000,689,5327,43,0,0
CUST-17240,56619,210000,632,15916,56,0,1
CUST-17241,32150,110000,680,10175,45,0,0
CUST-17242,26188,75000,761,5714,58,0,0
CUST-17243,29097,50000,707,11505,49,0,0
CUST-17244,56924,185000,729,21069,40,0,0
CUST-17245,29304,70000,691,2079,38,0,0
CUST-17246,37841,65000,641,5420,40,0,0
CUST-17247,40437,145000,694,6275,42,0,0
CUST-17248,15387,35000,643,1761,44,0,0
CUST-17249,19234,40000,639,3062,42,2,0
CUST-17250,47483,175000,788,9434,45,1,1
CUST-17251,27763,105000,682,1889,60,0,0
CUST-17252,68074,160000,661,6436,51,3,0
CUST-17253,65082,155000,815,5446,52,0,0
CUST-17254,57502,170000,762,3807,35,0,0
CUST-17255,99696,330000,685,21785,55,3,0
CUST-17256,38501,65000,737,6423,49,1,0
CUST-17257,55516,165000,694,20952,43,1,0
CUST-17258,29965,115000,664,2575,48,0,0
CUST-17259,136787,295000,740,51173,32,0,0
CUST-17260,108208,410000,688,8688,47,0,1
CUST-17261,40373,155000,714,10768,49,1,0
CUST-17262,48693,105000,776,6656,39,0,0
CUST-17263,79193,270000,769,26876,57,0,0
CUST-17264,37288,80000,674,2666,48,0,0
CUST-17265,28902,95000,741,11080,53,0,0
CUST-17266,62130,215000,636,4134,49,0,0
CUST-17267,41740,90000,739,5609,40,2,0
CUST-17268,43980,145000,719,9344,56,0,0
CUST-17269,26446,95000,734,8320,47,1,0
CUST-17270,17003,40000,690,6510,35,0,1
CUST-17271,45164,85000,845,9024,48,0,0
CUST-17272,63100,110000,651,19880,42,0,0
CUST-17273,35849,105000,773,10916,50,0,0
CUST-17274,82307,325000,642,20569,52,0,0
CUST-17275,28227,100000,742,8237,51,0,0
CUST-17276,23686,60000,747,1499,45,0,0
CUST-17277,38808,110000,713,7938,30,0,0
CUST-17278,38511,85000,677,12518,40,0,0
CUST-17279,58981,115000,719,12738,45,1,0
CUST-17280,27242,75000,727,9690,39,0,1
CUST-17281,79542,210000,826,27185,57,0,0
CUST-17282,107307,300000,653,37794,45,0,0
CUST-17283,39356,155000,673,3758,47,0,0
CUST-17284,74970,225000,728,10154,49,0,0
CUST-17285,23664,70000,693,1428,46,0,0
CUST-17286,68707,125000,703,27069,53,0,0
CUST-17287,67753,270000,779,8987,46,0,0
CUST-17288,61803,210000,526,11030,52,0,0
CUST-17289,39823,145000,671,5823,48,2,0
CUST-17290,15000,40000,596,958,44,0,1
CUST-17291,29118,80000,632,4118,41,0,0
CUST-17292,29349,80000,866,2476,37,3,0
CUST-17293,24609,50000,748,4626,39,2,0
CUST-17294,42664,140000,771,16570,49,0,0
CUST-17295,32549,120000,704,9582,35,0,0
CUST-17296,26574,50000,759,7903,35,0,0
CUST-17297,23637,40000,595,4930,60,0,0
CUST-17298,28064,95000,777,9372,39,0,0
CUST-17299,70315,155000,656,25868,39,3,0
CUST-17300,28839,90000,675,11147,30,0,1
CUST-17301,31024,100000,742,2626,46,0,0
CUST-17302,31941,75000,730,11430,36,0,0
CUST-17303,47548,170000,715,6123,47,0,0
CUST-17304,50419,145000,621,9531,46,1,0
CUST-17305,15000,55000,716,2563,53,0,0
CUST-17306,66890,230000,772,19150,58,1,0
CUST-17307,82304,300000,675,21339,39,1,0
CUST-17308,23739,35000,795,2093,51,0,0
CUST-17309,24682,50000,653,7996,40,0,0
CUST-17310,32044,55000,710,6532,56,0,1
CUST-17311,27501,70000,809,1396,47,0,0
CUST-17312,44889,165000,665,8756,36,3,0
CUST-17313,15164,40000,778,3498,55,0,0
CUST-17314,22949,85000,838,1700,41,0,0
CUST-17315,86647,200000,721,8915,54,0,0
CUST-17316,25232,60000,675,10036,42,0,0
CUST-17317,74735,280000,659,26524,50,0,0
CUST-17318,47938,125000,794,4633,47,0,0
CUST-17319,16242,55000,792,4110,51,0,0
CUST-17320,55141,115000,804,10076,43,1,1
CUST-17321,37841,145000,707,9093,40,0,0
CUST-17322,31960,95000,777,6861,41,0,0
CUST-17323,45364,155000,706,3032,35,0,0
CUST-17324,50884,90000,652,8161,41,0,0
CUST-17325,57170,155000,783,5370,39,0,0
CUST-17326,72339,270000,816,15996,46,0,0
CUST-17327,49220,180000,643,18091,44,0,0
CUST-17328,20174,35000,642,8038,27,0,0
CUST-17329,31671,70000,712,12050,41,0,0
CUST-17330,174822,455000,772,69053,43,3,1
CUST-17331,57655,110000,636,3190,45,0,0
CUST-17332,131221,435000,724,40062,50,0,0
CUST-17333,80637,160000,671,11735,45,0,0
CUST-17334,45292,105000,755,15986,47,1,0
CUST-17335,46662,145000,658,15622,42,0,0
CUST-17336,39407,105000,760,7813,38,0,0
CUST-17337,16833,55000,699,3629,48,0,0
CUST-17338,40498,160000,649,5782,43,0,0
CUST-17339,73521,130000,714,11107,55,1,0
CUST-17340,29737,95000,584,11698,43,0,1
CUST-17341,49314,100000,673,17807,49,0,0
CUST-17342,61438,155000,731,7197,36,4,0
CUST-17343,25467,40000,594,3729,40,0,0
CUST-17344,32027,60000,542,2819,46,1,0
CUST-17345,24125,55000,557,9556,47,0,0
CUST-17346,26606,65000,796,9778,43,0,0
CUST-17347,21082,80000,705,5127,42,0,0
CUST-17348,25585,85000,675,7483,33,0,0
CUST-17349,81611,320000,771,25444,45,0,0
CUST-17350,25393,75000,683,3081,40,3,1
CUST-17351,42754,90000,727,16123,41,0,0
CUST-17352,31212,70000,711,7314,41,0,0
CUST-17353,72361,165000,679,5959,45,0,0
CUST-17354,77310,180000,729,14609,49,4,0
CUST-17355,61823,195000,760,16109,40,0,0
CUST-17356,46773,130000,697,8114,33,1,0
CUST-17357,35755,90000,680,10537,37,0,0
CUST-17358,22116,40000,687,7933,56,1,0
CUST-17359,106060,165000,560,33956,42,0,0
CUST-17360,27451,55000,728,7547,50,0,1
CUST-17361,55928,100000,631,12821,44,0,0
CUST-17362,68171,235000,750,9480,45,0,0
CUST-17363,30404,55000,704,6361,39,0,0
CUST-17364,67440,225000,716,10286,41,2,0
CUST-17365,58812,145000,755,22166,49,0,0
CUST-17366,95223,160000,649,35000,50,2,0
CUST-17367,31739,110000,734,3317,43,0,0
CUST-17368,21100,60000,727,7130,60,0,0
CUST-17369,31171,65000,697,9227,52,0,0
CUST-17370,44552,165000,649,17434,49,0,1
CUST-17371,41320,65000,748,8766,55,1,0
CUST-17372,32967,65000,755,9981,37,0,0
CUST-17373,15450,50000,717,3572,49,0,0
CUST-17374,50779,165000,640,3772,50,0,0
CUST-17375,107599,240000,675,7141,46,0,0
CUST-17376,50621,85000,706,4694,48,1,0
CUST-17377,54424,200000,754,8363,33,0,0
CUST-17378,53435,120000,607,7517,41,0,0
CUST-17379,48948,95000,673,14924,41,0,0
CUST-17380,63948,180000,683,19221,57,0,1
CUST-17381,48907,185000,704,19073,58,0,0
CUST-17382,34326,55000,625,5445,49,0,0
CUST-17383,26957,90000,695,10202,46,0,0
CUST-17384,35437,105000,689,9373,41,0,0
CUST-17385,46960,120000,642,10488,40,0,0
CUST-17386,34267,115000,702,9723,33,0,0
CUST-17387,46965,185000,674,13899,45,0,0
CUST-17388,49989,105000,742,5507,41,1,0
CUST-17389,60875,115000,652,19059,55,0,0
CUST-17390,76221,290000,715,23156,30,0,1
CUST-17391,41731,130000,657,16656,49,1,0
CUST-17392,20870,55000,671,7704,45,1,0
CUST-17393,33774,100000,729,9782,42,0,0
CUST-17394,41028,140000,725,12280,42,0,0
CUST-17395,16028,55000,682,6108,31,0,0
CUST-17396,80364,305000,692,31222,43,1,0
CUST-17397,43096,110000,615,14628,42,0,0
CUST-17398,48565,110000,801,15472,50,0,0
CUST-17399,79440,245000,754,7068,44,0,0
CUST-17400,29287,75000,752,9975,53,0,1
CUST-17401,53477,160000,606,7412,57,1,0
CUST-17402,37989,95000,671,9395,44,0,0
CUST-17403,36605,70000,688,7023,38,0,0
CUST-17404,27279,75000,584,4663,47,0,0
CUST-17405,92300,300000,767,14637,47,0,0
CUST-17406,33264,115000,804,11622,35,0,0
CUST-17407,56938,155000,844,18174,37,0,0
CUST-17408,15716,30000,642,3665,32,0,0
CUST-17409,72402,185000,717,20458,40,0,0
CUST-17410,67921,235000,795,26800,43,0,1
CUST-17411,42138,105000,693,7969,44,0,0
CUST-17412,35829,115000,673,8702,51,0,0
CUST-17413,49020,135000,588,11604,49,0,0
CUST-17414,126045,265000,783,47593,50,0,0
CUST-17415,16620,60000,708,2876,44,0,0
CUST-17416,59338,100000,662,23449,51,0,0
CUST-17417,25442,70000,728,3985,55,0,0
CUST-17418,39737,80000,719,3501,50,0,0
CUST-17419,35456,60000,720,4147,53,2,0
CUST-17420,32397,90000,695,6452,49,1,1
CUST-17421,39925,110000,815,11075,52,1,0
CUST-17422,22763,75000,701,5255,42,1,0
CUST-17423,67143,225000,815,12199,51,0,0
CUST-17424,16365,55000,746,4037,43,0,0
CUST-17425,52569,135000,732,18061,43,0,0
CUST-17426,34089,105000,702,11713,43,0,0
CUST-17427,22349,65000,773,6798,48,0,0
CUST-17428,44408,115000,717,17024,54,0,0
CUST-17429,18426,55000,649,4727,35,0,0
CUST-17430,40939,160000,647,2156,42,0,1
CUST-17431,19703,40000,737,2991,37,0,0
CUST-17432,50545,190000,651,8333,41,0,0
CUST-17433,25281,40000,705,6106,30,1,0
CUST-17434,32032,75000,778,11746,43,0,0
CUST-17435,46489,105000,729,15961,39,0,0
CUST-17436,27275,85000,663,3580,45,0,0
CUST-17437,38988,70000,801,9036,38,0,0
CUST-17438,18827,70000,745,5284,49,0,0
CUST-17439,55019,195000,776,21767,43,0,0
CUST-17440,96999,305000,562,5912,39,0,1
CUST-17441,162122,430000,731,34427,46,1,0
CUST-17442,42006,160000,764,16627,42,1,0
CUST-17443,59522,215000,820,23333,40,1,0
CUST-17444,16476,45000,614,2730,51,0,0
CUST-17445,85081,275000,788,4254,31,0,0
CUST-17446,59166,175000,816,15108,36,0,0
CUST-17447,31509,95000,578,11136,41,0,0
CUST-17448,74502,175000,741,12181,32,3,0
CUST-17449,35339,95000,750,13322,36,0,0
CUST-17450,31919,55000,688,5312,47,1,1
CUST-17451,50902,120000,678,13416,40,4,0
CUST-17452,23583,75000,753,7138,48,4,0
CUST-17453,66890,260000,670,11431,57,1,0
CUST-17454,23670,90000,695,4101,49,0,0
CUST-17455,23741,70000,762,5092,56,0,0
CUST-17456,25467,75000,824,8718,50,0,0
CUST-17457,58673,115000,744,5004,46,0,0
CUST-17458,29484,95000,718,7990,40,0,0
CUST-17459,20455,35000,676,5872,50,0,0
CUST-17460,29648,65000,644,7271,44,0,1
CUST-17461,39496,125000,782,14911,35,0,0
CUST-17462,22237,50000,700,5797,62,1,0
CUST-17463,22565,35000,784,6139,40,0,0
CUST-17464,115340,415000,688,29978,38,1,0
CUST-17465,26100,60000,667,7900,42,0,0
CUST-17466,34148,55000,737,3325,49,0,0
CUST-17467,33402,55000,705,12124,45,0,0
CUST-17468,32510,70000,631,2108,53,1,0
CUST-17469,54757,105000,828,15017,36,0,0
CUST-17470,64477,220000,669,17113,48,2,1
CUST-17471,34441,80000,770,4230,50,1,0
CUST-17472,21628,75000,764,1389,44,0,0
CUST-17473,75903,145000,628,7483,51,0,0
CUST-17474,38266,105000,644,5551,42,0,0
CUST-17475,95335,305000,690,34200,38,0,0
CUST-17476,15000,45000,653,5242,37,0,0
CUST-17477,44254,135000,822,3201,46,0,0
CUST-17478,104746,400000,696,15842,47,0,0
CUST-17479,33636,70000,767,12151,49,1,0
CUST-17480,35855,100000,743,4762,44,0,1
CUST-17481,46525,175000,727,18544,41,0,0
CUST-17482,30351,50000,712,4245,45,1,0
CUST-17483,34336,55000,790,10599,35,0,0
CUST-17484,33897,70000,656,6642,50,0,0
CUST-17485,29327,90000,822,2864,50,1,0
CUST-17486,74193,160000,626,10335,38,0,0
CUST-17487,50540,100000,760,14469,54,0,0
CUST-17488,45493,120000,618,7641,52,0,0
CUST-17489,60131,180000,689,15720,32,0,0
CUST-17490,35165,75000,716,4287,67,0,1
CUST-17491,27252,60000,678,5641,54,0,0
CUST-17492,29693,90000,698,6808,28,0,0
CUST-17493,40170,155000,619,7812,45,0,0
CUST-17494,23632,75000,645,2818,37,4,0
CUST-17495,31252,110000,742,6611,31,0,0
CUST-17496,31006,75000,711,9069,41,0,0
CUST-17497,116108,255000,665,45017,35,0,0
CUST-17498,15000,40000,796,4894,60,4,0
CUST-17499,36687,130000,630,3907,44,0,0
CUST-17500,95115,250000,686,13834,43,0,1
CUST-17501,42655,155000,677,3309,36,0,0
CUST-17502,58495,230000,749,5701,39,1,0
CUST-17503,42188,70000,713,5810,46,0,0
CUST-17504,28748,45000,702,3445,42,3,0
CUST-17505,15000,30000,590,1871,38,0,0
CUST-17506,44477,110000,766,5816,51,0,0
CUST-17507,27233,50000,695,4227,55,0,0
CUST-17508,26898,100000,717,2527,45,0,0
CUST-17509,31272,50000,661,4604,38,0,0
CUST-17510,96031,220000,651,27939,46,0,1
CUST-17511,133575,260000,807,17730,42,2,0
CUST-17512,44739,170000,594,4927,47,0,0
CUST-17513,31812,100000,641,2344,65,1,0
CUST-17514,22278,85000,806,5012,50,1,0
CUST-17515,50729,200000,751,17485,50,1,0
CUST-17516,97875,270000,688,6915,36,0,0
CUST-17517,35466,75000,791,8505,42,0,0
CUST-17518,15000,30000,739,4165,35,0,0
CUST-17519,56107,115000,725,14439,31,1,0
CUST-17520,65689,215000,724,23462,41,0,1
CUST-17521,18161,30000,740,6415,47,0,0
CUST-17522,43837,70000,742,3071,54,0,0
CUST-17523,50292,150000,852,8868,52,0,0
CUST-17524,38694,120000,697,11019,48,0,0
CUST-17525,27027,85000,699,10360,44,0,0
CUST-17526,66700,160000,629,22120,52,0,0
CUST-17527,32804,115000,706,3667,43,1,0
CUST-17528,19099,55000,831,2821,41,1,0
CUST-17529,15000,25000,773,4758,50,1,0
CUST-17530,75389,265000,674,16209,34,0,1
CUST-17531,54629,210000,711,13195,33,0,0
CUST-17532,41939,70000,625,11035,60,0,0
CUST-17533,32204,80000,647,2774,46,0,0
CUST-17534,30807,85000,719,10769,43,1,0
CUST-17535,23438,45000,677,8252,51,0,0
CUST-17536,32346,120000,642,6918,37,1,0
CUST-17537,15000,35000,741,4040,38,0,0
CUST-17538,27777,95000,704,7804,49,0,0
CUST-17539,34355,110000,608,3999,56,0,0
CUST-17540,54444,165000,575,4867,40,0,1
CUST-17541,39341,80000,672,2251,55,1,0
CUST-17542,59722,125000,606,22067,43,0,0
CUST-17543,78792,130000,588,13473,49,0,0
CUST-17544,68124,145000,783,5452,54,0,0
CUST-17545,50779,120000,703,10817,53,0,0
CUST-17546,40373,145000,692,3087,41,0,0
CUST-17547,24577,60000,697,1962,37,0,0
CUST-17548,58102,195000,636,12846,43,0,0
CUST-17549,92955,240000,736,21202,49,0,0
CUST-17550,47622,165000,701,12050,50,2,1
CUST-17551,104676,410000,660,29278,33,0,0
CUST-17552,18717,40000,670,5313,66,0,0
CUST-17553,22537,80000,630,4542,40,0,0
CUST-17554,61549,190000,683,16940,51,0,0
CUST-17555,45804,160000,694,7175,53,0,0
CUST-17556,77411,240000,681,15827,54,0,0
CUST-17557,39825,100000,713,7473,47,0,0
CUST-17558,26004,55000,704,4295,41,0,0
CUST-17559,36069,60000,724,4815,45,0,0
CUST-17560,18651,55000,771,1444,50,0,1
CUST-17561,22827,90000,748,5183,40,0,0
CUST-17562,65265,220000,772,15536,54,1,0
CUST-17563,62093,145000,654,10410,49,0,0
CUST-17564,48122,170000,676,18841,37,0,0
CUST-17565,16974,60000,752,4157,49,0,0
CUST-17566,33550,75000,753,12116,53,0,0
CUST-17567,21752,35000,665,5427,45,1,0
CUST-17568,72277,130000,749,8418,49,3,0
CUST-17569,29975,110000,648,11723,46,0,0
CUST-17570,23321,85000,741,8392,51,0,1
CUST-17571,40737,90000,708,8756,34,2,0
CUST-17572,29141,65000,620,3936,47,0,0
CUST-17573,84277,295000,681,10781,43,0,0
CUST-17574,27794,105000,851,9230,41,0,0
CUST-17575,19938,70000,723,1479,45,0,0
CUST-17576,15000,45000,859,4099,40,0,0
CUST-17577,39521,85000,616,10830,43,0,0
CUST-17578,30303,85000,758,3450,31,1,0
CUST-17579,19644,40000,545,5828,38,0,0
CUST-17580,72737,255000,709,21595,44,4,1
CUST-17581,56028,140000,751,9665,42,0,0
CUST-17582,39572,140000,764,8673,44,1,0
CUST-17583,79392,195000,658,27109,39,0,0
CUST-17584,55897,200000,777,13029,53,0,0
CUST-17585,26597,60000,675,7084,48,0,0
CUST-17586,23870,60000,699,4641,36,0,0
CUST-17587,60414,185000,681,6183,36,1,0
CUST-17588,48931,80000,636,19539,45,0,0
CUST-17589,43689,170000,812,10312,51,1,0
CUST-17590,26284,75000,713,4409,45,0,1
CUST-17591,54392,150000,780,16308,45,0,0
CUST-17592,27508,100000,777,7352,49,0,0
CUST-17593,38139,140000,647,5015,48,0,0
CUST-17594,82741,230000,789,29532,52,0,0
CUST-17595,28841,110000,742,2157,48,0,0
CUST-17596,18278,30000,642,4788,47,0,0
CUST-17597,23711,40000,739,5151,68,0,0
CUST-17598,65982,195000,643,10647,41,0,0
CUST-17599,45586,110000,814,15464,43,0,0
CUST-17600,37630,100000,762,10524,36,0,1
CUST-17601,31115,70000,705,9826,48,1,0
CUST-17602,51158,130000,792,9982,52,0,0
CUST-17603,26250,95000,607,9970,50,0,0
CUST-17604,46762,140000,661,7980,42,0,0
CUST-17605,27843,110000,693,6567,46,0,0
CUST-17606,25621,90000,855,9653,51,0,0
CUST-17607,29180,65000,640,2308,53,0,0
CUST-17608,33266,70000,599,2930,51,0,0
CUST-17609,39166,90000,616,15586,39,0,0
CUST-17610,45149,165000,768,17607,39,0,1
CUST-17611,15000,25000,671,4801,48,0,0
CUST-17612,26800,55000,699,5881,40,2,0
CUST-17613,32998,125000,759,7494,43,0,0
CUST-17614,85180,265000,699,11927,37,4,0
CUST-17615,23388,50000,723,4711,53,0,0
CUST-17616,43538,90000,744,8749,40,1,0
CUST-17617,84754,310000,682,5308,54,0,0
CUST-17618,20816,80000,699,4342,55,0,0
CUST-17619,48873,105000,725,10650,48,0,0
CUST-17620,26872,70000,766,7605,57,0,1
CUST-17621,31184,110000,658,7195,48,2,0
CUST-17622,26861,90000,513,9444,41,0,0
CUST-17623,27835,100000,754,4972,65,0,0
CUST-17624,156522,440000,770,30271,38,0,0
CUST-17625,61219,230000,723,15305,45,0,0
CUST-17626,69624,160000,727,8421,47,0,0
CUST-17627,51328,95000,673,9635,38,0,0
CUST-17628,17977,60000,742,5216,42,0,0
CUST-17629,48897,140000,765,9492,39,0,0
CUST-17630,68628,250000,713,25208,44,0,1
CUST-17631,26194,45000,871,6950,47,0,0
CUST-17632,65033,235000,608,6751,46,0,0
CUST-17633,57077,125000,720,12591,46,0,0
CUST-17634,101318,320000,633,32185,34,2,0
CUST-17635,32568,50000,767,8961,51,2,0
CUST-17636,23183,70000,607,8342,45,0,0
CUST-17637,33496,110000,623,10467,36,0,0
CUST-17638,82271,200000,668,5887,51,4,0
CUST-17639,16087,35000,727,1437,31,0,0
CUST-17640,15000,45000,671,4161,33,3,1
CUST-17641,41969,150000,671,5600,49,0,0
CUST-17642,32167,75000,698,8226,51,1,0
CUST-17643,40290,85000,694,13185,50,0,0
CUST-17644,64386,140000,806,16220,47,0,0
CUST-17645,30446,120000,754,5949,46,0,0
CUST-17646,15732,40000,688,4345,49,0,0
CUST-17647,111551,170000,846,11184,48,1,0
CUST-17648,24376,85000,741,7388,44,0,0
CUST-17649,23634,75000,647,6947,38,0,0
CUST-17650,69693,125000,726,16032,33,1,1
CUST-17651,33115,130000,744,4887,40,0,0
CUST-17652,38882,115000,665,12797,40,0,0
CUST-17653,51092,140000,641,11684,41,0,0
CUST-17654,68995,170000,715,4878,44,0,0
CUST-17655,33971,125000,686,12620,43,0,0
CUST-17656,85817,180000,806,27349,41,0,0
CUST-17657,15000,35000,758,3820,40,0,0
CUST-17658,58682,105000,668,11905,46,0,0
CUST-17659,26376,90000,737,10180,52,0,0
CUST-17660,79708,240000,792,25606,44,0,1
CUST-17661,43088,130000,619,10222,47,0,0
CUST-17662,28668,60000,643,7987,36,0,0
CUST-17663,55905,175000,709,8288,34,0,0
CUST-17664,62729,215000,712,7433,46,1,0
CUST-17665,55323,130000,706,8058,36,1,0
CUST-17666,23984,85000,689,3659,34,0,0
CUST-17667,31507,75000,688,9732,43,0,0
CUST-17668,40053,135000,734,3966,39,0,0
CUST-17669,39315,60000,783,12665,43,0,0
CUST-17670,58388,170000,678,13615,39,0,1
CUST-17671,15000,60000,868,2769,49,0,0
CUST-17672,47437,190000,837,7359,37,0,0
CUST-17673,34717,75000,796,7971,36,0,0
CUST-17674,26390,70000,750,4252,43,0,0
CUST-17675,27688,45000,840,5546,49,2,0
CUST-17676,36052,135000,691,11127,40,0,0
CUST-17677,15000,45000,655,4036,48,1,0
CUST-17678,28264,70000,675,8812,51,2,0
CUST-17679,25902,45000,644,7758,42,1,0
CUST-17680,52385,205000,717,17563,40,2,1
CUST-17681,26828,75000,729,3235,42,1,0
CUST-17682,36042,80000,723,14355,37,0,0
CUST-17683,86780,205000,709,18789,45,0,0
CUST-17684,65984,145000,718,19886,44,0,0
CUST-17685,63015,190000,822,18098,51,0,0
CUST-17686,31259,120000,750,7756,28,0,0
CUST-17687,52654,190000,769,20984,45,1,0
CUST-17688,35705,95000,722,4500,46,0,0
CUST-17689,36386,130000,604,7190,50,0,0
CUST-17690,49258,125000,592,4665,37,2,1
CUST-17691,29777,65000,845,3383,49,0,0
CUST-17692,84668,335000,675,25361,46,0,0
CUST-17693,37046,85000,669,1915,48,1,0
CUST-17694,54676,125000,725,19761,36,0,0
CUST-17695,83100,330000,745,22571,47,0,0
CUST-17696,67226,125000,753,13735,52,0,0
CUST-17697,19841,65000,825,3293,49,0,0
CUST-17698,50133,190000,807,4722,56,1,0
CUST-17699,61411,170000,657,22878,38,0,0
CUST-17700,62688,95000,772,18763,42,0,1
CUST-17701,23002,55000,685,3858,44,0,0
CUST-17702,28896,50000,701,2162,61,0,0
CUST-17703,65991,170000,638,10821,45,0,0
CUST-17704,27422,95000,599,3143,53,0,0
CUST-17705,34549,90000,707,11235,57,0,0
CUST-17706,88250,230000,647,26639,40,0,0
CUST-17707,39187,115000,770,8791,51,1,0
CUST-17708,27906,80000,691,10047,52,1,0
CUST-17709,25879,95000,730,2930,42,2,0
CUST-17710,47399,110000,798,9867,41,0,1
CUST-17711,20607,75000,613,6155,42,0,0
CUST-17712,35466,105000,662,2614,49,0,0
CUST-17713,47411,105000,721,8554,44,0,0
CUST-17714,76847,170000,730,19218,44,0,0
CUST-17715,56037,135000,781,9995,47,1,0
CUST-17716,28084,85000,766,6124,39,2,0
CUST-17717,72345,150000,716,19015,34,0,0
CUST-17718,34552,130000,729,6182,49,0,0
CUST-17719,21636,65000,731,1884,48,0,0
CUST-17720,36826,140000,614,3638,49,2,1
CUST-17721,82378,135000,699,19313,42,0,0
CUST-17722,43591,105000,726,4845,44,1,0
CUST-17723,40386,65000,739,14597,34,2,0
CUST-17724,90999,200000,649,31118,47,0,0
CUST-17725,19620,70000,627,3377,44,0,0
CUST-17726,21103,35000,694,7192,41,0,0
CUST-17727,17891,45000,837,4233,51,0,0
CUST-17728,48354,85000,656,5109,48,0,0
CUST-17729,43618,110000,786,11557,45,0,0
CUST-17730,86800,310000,813,24981,37,0,1
CUST-17731,45330,140000,712,3597,43,0,0
CUST-17732,32791,110000,665,5248,45,0,0
CUST-17733,40170,95000,743,2084,30,0,0
CUST-17734,42567,165000,722,6842,39,0,0
CUST-17735,17398,55000,654,2912,44,0,0
CUST-17736,155618,400000,667,42106,51,0,0
CUST-17737,52048,135000,739,6228,40,1,0
CUST-17738,44578,170000,770,2698,33,0,0
CUST-17739,54588,160000,689,8759,48,0,0
CUST-17740,57222,185000,705,19396,43,0,1
CUST-17741,37411,95000,753,7096,50,0,0
CUST-17742,29271,60000,698,5716,49,0,0
CUST-17743,54161,180000,690,11599,45,0,0
CUST-17744,48671,145000,660,15240,51,0,0
CUST-17745,26770,75000,659,5836,54,0,0
CUST-17746,81594,250000,883,6686,38,0,0
CUST-17747,46475,95000,697,5681,36,0,0
CUST-17748,57809,200000,798,6692,45,0,0
CUST-17749,80495,310000,819,18332,41,3,0
CUST-17750,40576,150000,698,2453,45,0,1
CUST-17751,47026,110000,733,7019,44,0,0
CUST-17752,60175,150000,716,15797,43,0,0
CUST-17753,27933,100000,605,4863,46,0,0
CUST-17754,41234,125000,609,12275,37,0,0
CUST-17755,42735,125000,713,7988,39,1,0
CUST-17756,24883,95000,682,9772,37,0,0
CUST-17757,127876,365000,832,49599,38,0,0
CUST-17758,19857,55000,694,6551,46,2,0
CUST-17759,20972,35000,836,8054,42,0,0
CUST-17760,77428,130000,679,9420,47,0,1
CUST-17761,57333,85000,834,17935,45,0,0
CUST-17762,24029,90000,742,3906,51,0,0
CUST-17763,54374,135000,746,16521,42,2,0
CUST-17764,83610,225000,676,15121,45,0,0
CUST-17765,39532,145000,747,5981,48,0,0
CUST-17766,147179,445000,820,56749,46,1,0
CUST-17767,16949,50000,700,2092,46,0,0
CUST-17768,56778,125000,687,17913,46,0,0
CUST-17769,71916,260000,693,20577,44,1,0
CUST-17770,62672,120000,815,9790,50,0,1
CUST-17771,36236,60000,765,7624,40,0,0
CUST-17772,34709,70000,804,3471,51,0,0
CUST-17773,50114,110000,730,18663,38,0,0
CUST-17774,60347,135000,712,23465,47,1,0
CUST-17775,54243,170000,737,16617,59,1,0
CUST-17776,67509,140000,779,23445,38,0,0
CUST-17777,24114,75000,693,1902,41,0,0
CUST-17778,35814,60000,798,6603,41,1,0
CUST-17779,25084,45000,733,4158,58,0,0
CUST-17780,33088,90000,553,8196,50,1,1
CUST-17781,66676,255000,767,7612,38,0,0
CUST-17782,42361,155000,627,10470,31,0,0
CUST-17783,147772,500000,765,41232,51,2,0
CUST-17784,44209,140000,768,4258,49,0,0
CUST-17785,41350,130000,731,3973,50,2,0
CUST-17786,42323,130000,745,2640,52,0,0
CUST-17787,29175,90000,781,9228,50,0,0
CUST-17788,38990,75000,677,6466,43,1,0
CUST-17789,70537,200000,761,9092,56,0,0
CUST-17790,42488,105000,785,13695,51,0,1
CUST-17791,26991,70000,824,2702,43,0,0
CUST-17792,25272,70000,638,5042,59,0,0
CUST-17793,32045,60000,736,9955,38,1,0
CUST-17794,41644,100000,647,10446,45,0,0
CUST-17795,72896,120000,644,17779,42,0,0
CUST-17796,20532,80000,733,2158,40,2,0
CUST-17797,34203,60000,715,3876,44,1,0
CUST-17798,43137,95000,784,10952,44,1,0
CUST-17799,16044,60000,687,934,56,0,0
CUST-17800,26455,70000,701,9370,48,0,1
CUST-17801,28568,55000,723,4932,54,4,0
CUST-17802,26957,65000,653,5278,48,0,0
CUST-17803,44176,80000,663,6204,56,1,0
CUST-17804,37038,75000,782,13216,49,0,0
CUST-17805,30404,50000,674,8357,49,0,0
CUST-17806,49710,130000,786,10313,46,0,0
CUST-17807,94990,335000,749,24208,40,0,0
CUST-17808,91092,270000,609,16681,48,0,0
CUST-17809,15346,45000,744,3267,40,0,0
CUST-17810,53558,105000,743,9381,53,0,1
CUST-17811,36716,85000,737,7113,44,0,0
CUST-17812,43372,155000,700,6950,47,0,0
CUST-17813,32887,55000,648,2538,48,0,0
CUST-17814,42565,155000,797,2684,42,2,0
CUST-17815,43291,115000,703,4802,37,0,0
CUST-17816,30047,110000,652,4148,41,1,0
CUST-17817,25637,60000,739,9272,52,0,0
CUST-17818,32069,75000,661,8464,58,0,0
CUST-17819,45122,150000,648,17390,51,0,0
CUST-17820,54149,185000,685,9144,57,2,1
CUST-17821,61492,130000,666,11720,51,1,0
CUST-17822,31347,125000,650,9464,50,0,0
CUST-17823,46254,80000,762,11668,44,0,0
CUST-17824,64942,110000,702,15245,40,0,0
CUST-17825,71883,215000,791,18074,41,0,0
CUST-17826,38971,130000,654,9916,36,2,0
CUST-17827,35937,140000,597,11428,38,1,0
CUST-17828,44159,110000,719,12533,39,1,0
CUST-17829,22587,35000,830,8697,41,0,0
CUST-17830,36431,110000,744,13908,58,0,1
CUST-17831,58237,130000,900,11511,49,2,0
CUST-17832,55324,145000,731,3457,46,0,0
CUST-17833,35061,95000,725,1888,40,0,0
CUST-17834,44750,75000,569,4167,44,0,0
CUST-17835,26573,70000,737,2025,46,0,0
CUST-17836,57053,145000,720,10308,52,1,0
CUST-17837,38603,125000,683,2644,41,2,0
CUST-17838,34962,110000,701,9394,45,0,0
CUST-17839,33494,65000,705,3904,54,0,0
CUST-17840,38892,80000,698,8940,50,0,1
CUST-17841,32082,70000,845,2761,43,0,0
CUST-17842,55774,110000,685,18946,35,0,0
CUST-17843,32937,105000,721,10638,29,0,0
CUST-17844,89008,355000,683,16490,47,0,0
CUST-17845,83500,260000,760,30787,42,0,0
CUST-17846,25699,80000,721,2955,46,0,0
CUST-17847,41558,105000,691,13916,48,3,0
CUST-17848,28988,65000,584,6987,43,0,0
CUST-17849,34087,130000,725,5636,41,0,0
CUST-17850,109230,430000,689,8686,38,0,1
CUST-17851,34413,95000,706,3784,39,0,0
CUST-17852,48055,105000,633,16915,49,0,0
CUST-17853,52609,180000,803,13805,45,0,0
CUST-17854,24335,45000,765,3236,52,0,0
CUST-17855,26172,90000,802,5850,49,0,0
CUST-17856,21960,80000,784,1926,51,0,0
CUST-17857,25771,45000,748,2180,35,0,0
CUST-17858,15000,60000,635,5515,38,0,0
CUST-17859,52695,210000,829,11079,46,0,0
CUST-17860,112094,430000,649,19790,53,0,1
CUST-17861,43213,120000,692,16514,49,0,0
CUST-17862,19768,40000,755,3749,50,0,0
CUST-17863,29103,85000,759,4880,44,0,0
CUST-17864,31906,80000,747,4643,36,0,0
CUST-17865,24129,50000,683,5978,45,4,0
CUST-17866,61703,160000,670,15144,47,0,0
CUST-17867,60182,190000,874,3350,50,0,0
CUST-17868,22522,40000,707,6281,50,0,0
CUST-17869,57672,135000,699,18795,30,0,0
CUST-17870,86112,135000,663,22870,43,0,1
CUST-17871,103909,350000,725,36831,36,2,0
CUST-17872,168149,500000,722,24675,34,0,0
CUST-17873,25565,40000,708,2996,44,0,0
CUST-17874,164737,500000,734,48440,50,1,0
CUST-17875,33620,50000,824,3899,37,1,0
CUST-17876,29844,90000,671,2443,45,0,0
CUST-17877,47265,165000,712,3961,54,1,0
CUST-17878,30000,105000,667,9568,31,0,0
CUST-17879,48997,80000,729,2942,51,0,0
CUST-17880,20742,80000,673,3138,51,0,1
CUST-17881,35618,135000,675,3391,50,0,0
CUST-17882,76327,220000,615,23983,40,0,0
CUST-17883,39005,105000,716,8823,44,0,0
CUST-17884,43079,70000,737,5252,48,0,0
CUST-17885,50900,150000,830,15913,46,0,0
CUST-17886,72065,180000,740,22529,41,1,0
CUST-17887,17542,60000,680,4088,44,0,0
CUST-17888,53758,135000,621,7878,38,0,0
CUST-17889,35099,115000,630,8957,37,1,0
CUST-17890,43622,75000,625,16433,41,1,1
CUST-17891,68184,125000,832,4641,61,0,0
CUST-17892,22090,40000,728,3168,51,0,0
CUST-17893,24189,40000,672,3622,47,0,0
CUST-17894,15249,45000,647,4134,55,0,0
CUST-17895,30498,105000,654,8475,54,0,0
CUST-17896,78058,235000,670,9539,55,0,0
CUST-17897,37786,110000,795,4747,58,0,0
CUST-17898,20536,65000,708,7698,46,0,0
CUST-17899,31481,75000,615,9907,47,0,0
CUST-17900,19073,45000,860,7190,41,0,1
CUST-17901,22866,50000,635,7783,40,0,0
CUST-17902,48747,160000,671,9298,41,1,0
CUST-17903,22316,40000,795,2067,30,0,0
CUST-17904,70004,105000,736,18925,46,0,0
CUST-17905,38732,115000,679,6708,39,0,0
CUST-17906,41889,160000,629,8331,47,0,0
CUST-17907,34919,105000,647,6950,58,0,0
CUST-17908,59066,205000,651,22314,60,0,0
CUST-17909,59372,190000,710,4399,52,0,0
CUST-17910,47454,130000,722,5579,48,1,1
CUST-17911,53230,175000,700,13987,46,0,0
CUST-17912,36096,130000,707,12969,37,0,0
CUST-17913,52633,110000,641,19541,49,0,0
CUST-17914,33896,80000,729,8322,44,0,0
CUST-17915,40179,85000,793,2494,34,0,0
CUST-17916,34985,90000,699,6192,38,1,0
CUST-17917,31932,120000,698,11865,47,0,0
CUST-17918,28436,65000,715,6397,43,0,0
CUST-17919,50708,125000,782,15431,41,1,0
CUST-17920,77288,280000,651,11146,53,0,1
CUST-17921,72081,200000,804,4234,46,0,0
CUST-17922,21412,60000,737,5404,39,1,0
CUST-17923,76466,280000,711,26169,52,0,0
CUST-17924,34232,95000,788,13576,47,0,0
CUST-17925,54196,175000,633,18769,38,2,0
CUST-17926,25511,45000,743,6222,52,0,0
CUST-17927,43087,85000,737,11334,50,0,0
CUST-17928,46951,120000,649,15890,43,0,0
CUST-17929,19104,50000,739,1087,34,0,0
CUST-17930,54400,215000,728,20839,49,2,1
CUST-17931,78666,310000,698,18559,54,2,0
CUST-17932,36778,135000,766,14094,41,0,0
CUST-17933,79227,180000,672,25161,43,0,0
CUST-17934,36503,145000,727,3771,49,0,0
CUST-17935,61377,200000,701,6618,53,0,0
CUST-17936,15000,35000,670,2606,37,0,0
CUST-17937,134509,440000,742,19153,52,0,0
CUST-17938,84772,130000,696,17272,43,0,0
CUST-17939,34810,65000,614,9098,39,0,0
CUST-17940,15000,55000,592,3042,38,0,1
CUST-17941,46351,145000,761,3232,49,3,0
CUST-17942,19497,45000,630,7632,42,0,0
CUST-17943,50132,140000,728,9965,41,0,0
CUST-17944,49305,185000,713,17152,59,0,0
CUST-17945,25066,75000,686,1902,50,2,0
CUST-17946,70296,175000,837,23445,53,0,0
CUST-17947,60041,110000,721,6646,32,2,0
CUST-17948,65376,145000,759,18814,46,1,0
CUST-17949,40312,160000,728,11353,41,0,0
CUST-17950,19776,50000,694,7286,48,0,1
CUST-17951,65443,175000,708,10617,39,0,0
CUST-17952,35059,95000,804,3089,48,0,0
CUST-17953,20032,75000,780,7063,60,0,0
CUST-17954,78906,235000,836,13102,44,0,0
CUST-17955,114657,370000,724,15064,42,1,0
CUST-17956,39315,95000,652,8656,53,0,0
CUST-17957,118132,185000,681,11948,47,0,0
CUST-17958,42009,160000,632,6466,40,0,0
CUST-17959,33182,130000,759,6133,44,0,0
CUST-17960,29283,115000,671,4305,39,0,1
CUST-17961,90993,350000,511,18889,42,0,0
CUST-17962,27171,95000,870,5016,42,0,0
CUST-17963,57967,185000,672,18613,46,1,0
CUST-17964,30345,110000,672,11271,44,0,0
CUST-17965,31883,95000,818,2720,41,0,0
CUST-17966,67179,125000,631,22716,44,0,0
CUST-17967,33189,80000,783,12483,36,0,0
CUST-17968,32780,130000,671,9516,49,0,0
CUST-17969,70714,170000,623,28196,44,0,0
CUST-17970,89205,325000,820,14920,45,0,1
CUST-17971,55400,95000,770,18869,49,0,0
CUST-17972,28929,70000,769,8267,50,0,0
CUST-17973,31091,75000,733,5074,44,0,0
CUST-17974,41771,70000,748,12390,52,0,0
CUST-17975,47120,85000,629,10760,54,2,0
CUST-17976,24491,50000,717,2844,47,0,0
CUST-17977,57613,205000,649,6386,49,0,0
CUST-17978,41888,70000,619,12553,46,1,0
CUST-17979,17020,40000,736,5091,45,0,0
CUST-17980,25223,40000,785,5946,32,0,1
CUST-17981,31192,100000,685,7033,43,0,0
CUST-17982,38699,120000,696,4373,39,0,0
CUST-17983,103222,320000,636,20670,40,0,0
CUST-17984,45210,110000,710,16049,45,0,0
CUST-17985,26360,55000,759,9203,33,2,0
CUST-17986,44815,150000,761,12607,47,0,0
CUST-17987,33656,120000,745,13431,61,0,0
CUST-17988,47210,85000,669,17118,35,0,0
CUST-17989,53652,145000,667,5409,56,0,0
CUST-17990,73468,155000,761,13936,46,1,1
CUST-17991,39650,75000,762,3813,42,0,0
CUST-17992,91078,305000,698,19411,46,0,0
CUST-17993,63196,180000,682,20332,40,0,0
CUST-17994,28177,55000,785,2945,42,3,0
CUST-17995,121167,275000,686,43395,37,0,0
CUST-17996,47263,185000,758,11776,47,3,0
CUST-17997,26434,95000,701,8250,47,0,0
CUST-17998,91716,340000,641,6035,45,1,0
CUST-17999,113424,300000,814,9396,42,0,0
CUST-18000,39477,120000,717,10552,37,0,1
CUST-18001,31200,75000,663,10713,56,1,0
CUST-18002,36820,60000,619,13102,51,0,0
CUST-18003,57375,145000,626,16692,40,0,0
CUST-18004,76033,225000,685,9148,43,1,0
CUST-18005,53382,120000,835,6312,46,1,0
CUST-18006,42228,155000,671,15137,36,0,0
CUST-18007,84881,160000,804,7608,60,0,0
CUST-18008,34323,85000,701,9957,53,0,0
CUST-18009,67202,120000,633,15908,38,0,0
CUST-18010,34751,85000,679,6863,45,1,1
CUST-18011,49787,80000,626,10162,42,0,0
CUST-18012,37919,85000,654,14440,47,0,0
CUST-18013,39029,100000,652,13718,52,0,0
CUST-18014,33233,90000,586,11722,46,0,0
CUST-18015,78623,225000,808,15120,40,0,0
CUST-18016,27820,60000,723,2432,52,0,0
CUST-18017,27719,80000,665,11066,52,1,0
CUST-18018,115901,320000,724,11690,46,0,0
CUST-18019,65442,150000,655,15081,50,0,0
CUST-18020,15000,55000,536,2139,55,1,1
CUST-18021,30253,85000,900,6920,44,0,0
CUST-18022,16220,40000,722,2542,44,0,0
CUST-18023,24950,95000,671,9079,57,0,0
CUST-18024,15000,55000,584,5833,39,0,0
CUST-18025,37477,150000,612,7252,41,0,0
CUST-18026,22675,75000,817,1690,56,0,0
CUST-18027,41355,100000,807,11669,52,0,0
CUST-18028,17808,40000,758,3237,46,0,0
CUST-18029,41833,130000,637,16527,45,1,0
CUST-18030,32615,130000,808,2650,51,0,1
CUST-18031,85048,260000,739,7798,55,1,0
CUST-18032,81281,300000,752,23961,47,0,0
CUST-18033,59437,140000,739,18753,39,0,0
CUST-18034,34087,85000,612,7324,50,0,0
CUST-18035,108303,410000,632,15925,42,0,0
CUST-18036,18462,65000,676,2924,48,0,0
CUST-18037,19894,80000,751,3347,39,0,0
CUST-18038,38488,130000,620,4959,51,0,0
CUST-18039,123873,325000,698,43073,38,0,0
CUST-18040,36273,105000,698,2639,45,0,1
CUST-18041,36621,135000,761,7051,37,1,0
CUST-18042,19517,55000,753,6082,46,0,0
CUST-18043,64406,140000,644,3306,40,0,0
CUST-18044,64639,165000,804,23096,50,0,0
CUST-18045,59547,165000,634,17697,49,0,0
CUST-18046,29301,50000,780,2217,51,0,0
CUST-18047,28187,95000,674,10238,38,0,0
CUST-18048,21024,35000,720,4636,52,0,0
CUST-18049,41853,105000,724,11647,54,0,0
CUST-18050,23383,80000,722,8387,58,0,1
CUST-18051,22276,60000,753,7983,58,0,0
CUST-18052,32472,115000,735,6269,37,0,0
CUST-18053,31426,75000,760,4185,41,0,0
CUST-18054,30669,120000,740,4296,38,0,0
CUST-18055,50676,105000,627,16118,51,0,0
CUST-18056,41752,65000,727,15669,42,1,0
CUST-18057,34749,130000,673,2615,53,1,0
CUST-18058,43980,150000,637,2430,38,0,0
CUST-18059,24446,50000,691,8263,47,0,0
CUST-18060,42304,170000,721,7839,28,0,1
CUST-18061,43273,120000,726,6350,52,0,0
CUST-18062,18929,75000,778,2194,38,0,0
CUST-18063,66028,180000,794,11308,48,0,0
CUST-18064,25829,70000,731,10073,34,0,0
CUST-18065,41988,110000,743,16458,43,1,0
CUST-18066,71840,170000,716,11927,39,1,0
CUST-18067,63757,180000,759,24692,43,1,0
CUST-18068,40829,105000,741,6326,41,0,0
CUST-18069,33481,55000,706,11687,43,2,0
CUST-18070,64457,140000,849,8005,41,0,1
CUST-18071,56237,115000,674,19079,48,0,0
CUST-18072,29460,110000,804,5120,41,0,0
CUST-18073,26971,80000,621,3196,49,2,0
CUST-18074,15000,50000,762,5657,49,0,0
CUST-18075,43348,170000,803,5416,43,0,0
CUST-18076,38509,120000,586,15293,30,0,0
CUST-18077,70834,280000,719,6233,45,0,0
CUST-18078,48027,110000,756,2569,40,0,0
CUST-18079,78207,155000,726,27746,46,2,0
CUST-18080,28319,70000,734,7230,41,0,1
CUST-18081,70903,190000,718,14008,46,0,0
CUST-18082,30808,115000,638,2424,52,0,0
CUST-18083,59207,170000,863,14873,45,0,0
CUST-18084,19353,45000,677,3634,55,0,0
CUST-18085,45141,150000,738,9897,38,0,0
CUST-18086,15000,40000,667,4059,33,0,0
CUST-18087,35116,65000,562,9620,36,1,0
CUST-18088,50019,145000,649,19317,31,0,0
CUST-18089,30931,115000,615,8638,45,0,0
CUST-18090,23736,85000,780,4006,38,0,1
CUST-18091,61270,180000,670,10132,44,0,0
CUST-18092,38111,95000,676,8270,42,0,0
CUST-18093,31420,55000,640,4422,49,1,0
CUST-18094,40984,110000,716,7448,46,3,0
CUST-18095,149991,500000,663,51707,48,3,0
CUST-18096,71449,170000,774,25072,61,0,0
CUST-18097,71774,150000,729,19359,46,0,0
CUST-18098,49899,190000,672,12674,44,1,0
CUST-18099,43618,155000,765,8701,51,0,0
CUST-18100,15000,45000,710,4088,50,1,1
CUST-18101,28581,55000,711,9492,50,0,0
CUST-18102,31562,60000,614,9728,49,0,0
CUST-18103,15717,30000,705,980,56,0,0
CUST-18104,22500,70000,730,6882,49,0,0
CUST-18105,15000,25000,796,4529,34,0,0
CUST-18106,39373,140000,661,3332,45,0,0
CUST-18107,60438,240000,858,6200,48,0,0
CUST-18108,69799,170000,746,22738,37,0,0
CUST-18109,49384,130000,611,12130,34,1,0
CUST-18110,24792,80000,655,8369,51,2,1
CUST-18111,15274,60000,802,1751,46,0,0
CUST-18112,16673,60000,790,1012,47,0,0
CUST-18113,21279,35000,711,2270,40,0,0
CUST-18114,25734,50000,719,5362,54,0,0
CUST-18115,37053,125000,634,8638,36,2,0
CUST-18116,24171,80000,795,8464,33,0,0
CUST-18117,47547,85000,645,14295,37,1,0
CUST-18118,35734,100000,764,14173,40,0,0
CUST-18119,40347,140000,797,3128,34,0,0
CUST-18120,70978,145000,713,6783,49,0,1
CUST-18121,22245,80000,772,1769,46,0,0
CUST-18122,49481,80000,830,11799,47,0,0
CUST-18123,39855,140000,727,5715,46,0,0
CUST-18124,33970,105000,698,9826,44,2,0
CUST-18125,62481,145000,705,6025,48,1,0
CUST-18126,62286,205000,661,5363,45,0,0
CUST-18127,25003,85000,660,5277,46,0,0
CUST-18128,36640,140000,738,6652,53,0,0
CUST-18129,46194,110000,699,15715,46,1,0
CUST-18130,35013,115000,731,12014,49,2,1
CUST-18131,53772,160000,613,4898,53,1,0
CUST-18132,46193,130000,703,15442,36,0,0
CUST-18133,100336,375000,776,24828,42,1,0
CUST-18134,18673,30000,637,4224,41,0,0
CUST-18135,37751,85000,711,3139,54,0,0
CUST-18136,25482,75000,589,7870,34,4,0
CUST-18137,54287,105000,625,3847,50,0,0
CUST-18138,17879,65000,762,2631,64,0,0
CUST-18139,47722,150000,689,3980,59,0,0
CUST-18140,29289,80000,828,6905,47,0,1
CUST-18141,27803,100000,738,7668,38,0,0
CUST-18142,19472,50000,744,7044,35,0,0
CUST-18143,31807,90000,640,9760,49,2,0
CUST-18144,69026,105000,684,26670,53,1,0
CUST-18145,39632,95000,662,12536,43,0,0
CUST-18146,54931,100000,640,8477,35,0,0
CUST-18147,92255,295000,753,22293,42,1,0
CUST-18148,45792,125000,766,9629,60,0,0
CUST-18149,30351,70000,735,7529,52,2,0
CUST-18150,50697,135000,656,12685,54,2,1
CUST-18151,30572,60000,731,9041,43,0,0
CUST-18152,31187,120000,585,2465,41,1,0
CUST-18153,18770,30000,795,5844,40,0,0
CUST-18154,63775,235000,625,6397,40,0,0
CUST-18155,33090,90000,637,1958,46,1,0
CUST-18156,43960,135000,717,10181,45,1,0
CUST-18157,23909,55000,723,6061,58,0,0
CUST-18158,49909,195000,705,3104,43,1,0
CUST-18159,27420,60000,637,6317,41,2,0
CUST-18160,37389,110000,783,8864,44,1,1
CUST-18161,62249,250000,600,4256,43,0,0
CUST-18162,59598,220000,613,17823,49,1,0
CUST-18163,39695,115000,703,4906,49,1,0
CUST-18164,16579,65000,627,5438,50,2,0
CUST-18165,179226,500000,789,28458,56,0,0
CUST-18166,96079,195000,633,20874,45,1,0
CUST-18167,57603,145000,811,20860,32,0,0
CUST-18168,27540,65000,777,9147,63,3,0
CUST-18169,37918,90000,790,12272,47,0,0
CUST-18170,30585,105000,832,3246,50,1,1
CUST-18171,75503,225000,715,5047,44,2,0
CUST-18172,45763,75000,644,11990,36,0,0
CUST-18173,27117,100000,703,5253,43,2,0
CUST-18174,31717,70000,673,11677,43,1,0
CUST-18175,70304,280000,663,12117,43,2,0
CUST-18176,89326,345000,719,17301,46,0,0
CUST-18177,86177,330000,689,20174,43,1,0
CUST-18178,58601,205000,661,19264,50,0,0
CUST-18179,35372,75000,694,5090,44,0,0
CUST-18180,15000,40000,745,5694,52,1,1
CUST-18181,46563,95000,772,11127,41,0,0
CUST-18182,40098,85000,605,13807,45,1,0
CUST-18183,43044,130000,690,10070,54,0,0
CUST-18184,41231,65000,700,13202,41,0,0
CUST-18185,20678,80000,633,1406,39,0,0
CUST-18186,53034,200000,702,17486,39,0,0
CUST-18187,55056,135000,719,12849,41,0,0
CUST-18188,56453,155000,743,11702,44,0,0
CUST-18189,64427,170000,715,5738,38,1,0
CUST-18190,54286,200000,652,16804,49,0,1
CUST-18191,32695,105000,840,3135,52,1,0
CUST-18192,38738,85000,763,4544,37,0,0
CUST-18193,42005,110000,745,3958,50,0,0
CUST-18194,42355,110000,775,2215,45,0,0
CUST-18195,66112,260000,725,18621,35,0,0
CUST-18196,55372,105000,793,8017,47,0,0
CUST-18197,113399,195000,713,11602,33,0,0
CUST-18198,120962,450000,710,19594,42,0,0
CUST-18199,41765,155000,751,9383,52,0,0
CUST-18200,15000,55000,812,3392,53,3,1
CUST-18201,74489,205000,808,13297,41,0,0
CUST-18202,30632,95000,748,6837,46,1,0
CUST-18203,26883,80000,743,5365,41,0,0
CUST-18204,32885,55000,755,11112,37,0,0
CUST-18205,32102,95000,774,1937,49,0,0
CUST-18206,54509,85000,794,19285,43,0,0
CUST-18207,18403,45000,694,2491,50,1,0
CUST-18208,23415,90000,795,7085,45,1,0
CUST-18209,47647,110000,732,9136,47,1,0
CUST-18210,54801,210000,752,8385,44,1,1
CUST-18211,55313,120000,799,14678,41,1,0
CUST-18212,27078,60000,758,8640,47,1,0
CUST-18213,24608,75000,769,5105,50,0,0
CUST-18214,31153,105000,684,6644,60,0,0
CUST-18215,45249,125000,807,3194,34,1,0
CUST-18216,84350,315000,755,31496,49,0,0
CUST-18217,15000,25000,718,5196,30,0,0
CUST-18218,35941,135000,781,6803,40,0,0
CUST-18219,20612,40000,878,6549,42,0,0
CUST-18220,17568,65000,634,2804,42,0,1
CUST-18221,65086,165000,657,19893,50,0,0
CUST-18222,52696,190000,884,12164,44,0,0
CUST-18223,50247,160000,737,10615,44,1,0
CUST-18224,63609,125000,722,4438,45,0,0
CUST-18225,31575,120000,702,12247,48,1,0
CUST-18226,32327,70000,788,11091,59,0,0
CUST-18227,119714,255000,879,39228,43,3,0
CUST-18228,35479,125000,666,5560,46,0,0
CUST-18229,57963,100000,703,8773,44,0,0
CUST-18230,40263,85000,687,10090,50,2,1
CUST-18231,15928,45000,757,5513,50,0,0
CUST-18232,15000,55000,789,5656,41,0,0
CUST-18233,30046,55000,815,4330,51,0,0
CUST-18234,68053,195000,759,17870,47,0,0
CUST-18235,59524,195000,873,18057,47,1,0
CUST-18236,63388,230000,672,8192,47,1,0
CUST-18237,24501,95000,655,4719,38,0,0
CUST-18238,90033,310000,805,10409,44,4,0
CUST-18239,24774,80000,717,7298,43,1,0
CUST-18240,44641,115000,620,15728,43,0,1
CUST-18241,39927,70000,689,14259,38,0,0
CUST-18242,36793,120000,726,10468,46,0,0
CUST-18243,78377,310000,667,13441,49,0,0
CUST-18244,28210,95000,644,7937,53,0,0
CUST-18245,20438,30000,696,7204,51,0,0
CUST-18246,40538,110000,640,10906,38,0,0
CUST-18247,32862,100000,751,6392,51,0,0
CUST-18248,217225,500000,583,80792,43,0,0
CUST-18249,56288,185000,715,19268,43,0,0
CUST-18250,32706,95000,743,11736,37,0,1
CUST-18251,23669,50000,704,8665,42,2,0
CUST-18252,15675,60000,781,2944,44,0,0
CUST-18253,24037,80000,620,8433,44,0,0
CUST-18254,42508,90000,664,10610,40,2,0
CUST-18255,81933,190000,688,5190,39,0,0
CUST-18256,70322,270000,756,19165,47,0,0
CUST-18257,45005,165000,724,9663,43,0,0
CUST-18258,34146,85000,849,4995,50,1,0
CUST-18259,45908,75000,657,17887,40,0,0
CUST-18260,30967,50000,619,2145,45,0,1
CUST-18261,94767,210000,826,36111,39,0,0
CUST-18262,36512,110000,616,3860,37,0,0
CUST-18263,38439,115000,754,6993,40,0,0
CUST-18264,15000,45000,646,2940,47,0,0
CUST-18265,36398,120000,575,11132,45,3,0
CUST-18266,60976,95000,685,7650,42,0,0
CUST-18267,23532,40000,768,9298,36,0,0
CUST-18268,27574,65000,630,8607,47,0,0
CUST-18269,59656,115000,747,19476,36,1,0
CUST-18270,19180,30000,759,1673,41,3,1
CUST-18271,68111,210000,627,14760,46,0,0
CUST-18272,30758,110000,695,11717,56,0,0
CUST-18273,33047,110000,812,4776,47,0,0
CUST-18274,22880,80000,752,2308,30,0,0
CUST-18275,48485,155000,693,10661,51,0,0
CUST-18276,137301,460000,736,51575,45,2,0
CUST-18277,59322,130000,665,13073,44,0,0
CUST-18278,26052,105000,782,4993,50,0,0
CUST-18279,70813,140000,782,19657,45,0,0
CUST-18280,34257,70000,717,12946,36,0,1
CUST-18281,79797,175000,724,5359,48,0,0
CUST-18282,60074,235000,645,6228,57,0,0
CUST-18283,15000,60000,622,1446,46,0,0
CUST-18284,24293,85000,685,1940,40,0,0
CUST-18285,64356,200000,704,10022,42,0,0
CUST-18286,43296,120000,779,5639,53,0,0
CUST-18287,24055,95000,769,5822,40,1,0
CUST-18288,29237,95000,722,4810,47,1,0
CUST-18289,15473,60000,787,2968,46,0,0
CUST-18290,38400,90000,648,14578,39,0,1
CUST-18291,121217,285000,780,12664,46,3,0
CUST-18292,60022,220000,658,11161,58,0,0
CUST-18293,119995,225000,790,16796,45,1,0
CUST-18294,62392,240000,709,15111,40,0,0
CUST-18295,67086,185000,580,20643,38,1,0
CUST-18296,107692,410000,757,36178,44,0,0
CUST-18297,48466,115000,762,11164,39,0,0
CUST-18298,36548,120000,680,12763,45,3,0
CUST-18299,67260,180000,685,21844,44,2,0
CUST-18300,83026,255000,699,8713,45,0,1
CUST-18301,31571,85000,584,4290,35,0,0
CUST-18302,27979,110000,556,7976,54,0,0
CUST-18303,43020,140000,794,16828,62,0,0
CUST-18304,60824,130000,656,11048,43,0,0
CUST-18305,59817,225000,830,7802,52,3,0
CUST-18306,19690,45000,799,6974,49,0,0
CUST-18307,104381,255000,811,12511,35,2,0
CUST-18308,29126,50000,667,8565,50,0,0
CUST-18309,35153,130000,605,2179,47,0,0
CUST-18310,25557,55000,639,1447,50,0,1
CUST-18311,154687,330000,680,32182,49,0,0
CUST-18312,45298,170000,555,12673,43,0,0
CUST-18313,26226,90000,679,2618,39,0,0
CUST-18314,61818,115000,696,19618,47,1,0
CUST-18315,58957,200000,625,5604,49,1,0
CUST-18316,36539,140000,642,8652,51,0,0
CUST-18317,61102,105000,695,9648,41,0,0
CUST-18318,26565,95000,733,8322,39,0,0
CUST-18319,31367,90000,652,10396,43,0,0
CUST-18320,15000,50000,728,1096,45,3,1
CUST-18321,20702,55000,718,2430,51,0,0
CUST-18322,99093,320000,713,35913,38,0,0
CUST-18323,91191,145000,667,17824,56,3,0
CUST-18324,41476,140000,623,8994,53,0,0
CUST-18325,92176,145000,820,10029,41,0,0
CUST-18326,37047,100000,750,14752,39,0,0
CUST-18327,35535,65000,775,13256,33,4,0
CUST-18328,41285,145000,704,2093,50,0,0
CUST-18329,37704,85000,699,9152,51,0,0
CUST-18330,36040,95000,741,12804,29,0,1
CUST-18331,71089,185000,590,14266,42,0,0
CUST-18332,43263,150000,637,8777,46,3,0
CUST-18333,57310,155000,658,10474,32,0,0
CUST-18334,67217,235000,680,4039,43,0,0
CUST-18335,48732,80000,652,15915,47,0,0
CUST-18336,24707,50000,731,5185,49,0,0
CUST-18337,20405,60000,715,4812,54,0,0
CUST-18338,43234,165000,800,6030,44,0,0
CUST-18339,36841,60000,870,11952,36,1,0
CUST-18340,41927,65000,627,13744,51,0,1
CUST-18341,39813,75000,719,9695,42,0,0
CUST-18342,146062,455000,719,53549,47,0,0
CUST-18343,20637,50000,709,1868,39,0,0
CUST-18344,15000,55000,639,4879,51,0,0
CUST-18345,47391,80000,650,11634,49,0,0
CUST-18346,33249,65000,725,4350,53,0,0
CUST-18347,47006,105000,648,4526,45,0,0
CUST-18348,53741,165000,720,8348,46,0,0
CUST-18349,76271,245000,694,26672,55,0,0
CUST-18350,18889,35000,719,6151,54,1,1
CUST-18351,30383,115000,648,8379,39,0,0
CUST-18352,49730,115000,720,4058,49,0,0
CUST-18353,58996,195000,652,22665,35,1,0
CUST-18354,120177,340000,720,18856,43,0,0
CUST-18355,64721,135000,797,16986,53,0,0
CUST-18356,39011,140000,726,12915,38,0,0
CUST-18357,25713,90000,730,2481,35,0,0
CUST-18358,30268,75000,763,8422,53,0,0
CUST-18359,29841,90000,618,1829,51,0,0
CUST-18360,55693,120000,821,4768,52,2,1
CUST-18361,45638,145000,641,13832,40,0,0
CUST-18362,20705,45000,767,2159,30,0,0
CUST-18363,32275,115000,758,6623,42,0,0
CUST-18364,62241,125000,651,8521,49,1,0
CUST-18365,47850,75000,775,9447,45,0,0
CUST-18366,53333,115000,742,4108,38,0,0
CUST-18367,48603,95000,832,15271,52,0,0
CUST-18368,90509,250000,722,7029,49,0,0
CUST-18369,45162,90000,702,15502,43,0,0
CUST-18370,33090,115000,676,9328,38,0,1
CUST-18371,25390,55000,596,4971,43,1,0
CUST-18372,45469,150000,689,16062,35,1,0
CUST-18373,15000,45000,692,1727,34,0,0
CUST-18374,36601,145000,727,5219,47,0,0
CUST-18375,36209,145000,617,3548,37,0,0
CUST-18376,20287,75000,694,3723,51,0,0
CUST-18377,25231,85000,747,9975,44,0,0
CUST-18378,60163,150000,753,6398,54,0,0
CUST-18379,45042,150000,589,15352,55,0,0
CUST-18380,42230,165000,755,11746,39,0,1
CUST-18381,46778,75000,693,2597,43,0,0
CUST-18382,42037,120000,697,16003,51,0,0
CUST-18383,74714,155000,556,29129,38,0,0
CUST-18384,42689,125000,807,15953,58,0,0
CUST-18385,19358,50000,721,4367,42,0,0
CUST-18386,90677,265000,610,11527,46,0,0
CUST-18387,48299,140000,734,9029,35,0,0
CUST-18388,29892,115000,732,7920,41,0,0
CUST-18389,21446,60000,789,3915,42,0,0
CUST-18390,48920,175000,689,14571,52,2,1
CUST-18391,37851,85000,710,12432,28,2,0
CUST-18392,88174,230000,668,10870,50,0,0
CUST-18393,33760,90000,748,6472,48,0,0
CUST-18394,26405,60000,659,10171,56,0,0
CUST-18395,62811,155000,651,8632,40,1,0
CUST-18396,63744,190000,705,10916,44,0,0
CUST-18397,43666,130000,630,2728,40,0,0
CUST-18398,56284,175000,814,9361,39,0,0
CUST-18399,39385,95000,835,7082,53,1,0
CUST-18400,45113,105000,680,3832,47,1,1
CUST-18401,71861,220000,619,3629,60,0,0
CUST-18402,54866,100000,731,13792,43,0,0
CUST-18403,36877,80000,678,5735,43,0,0
CUST-18404,78919,125000,786,4438,60,0,0
CUST-18405,15000,25000,658,5264,52,0,0
CUST-18406,111975,235000,745,28502,48,0,0
CUST-18407,17103,25000,717,1879,31,3,0
CUST-18408,29332,60000,666,10349,35,1,0
CUST-18409,39322,125000,725,5456,51,0,0
CUST-18410,37300,60000,767,4834,35,3,1
CUST-18411,66383,170000,715,24105,44,0,0
CUST-18412,23649,90000,716,2667,39,0,0
CUST-18413,45724,160000,653,16352,50,0,0
CUST-18414,30058,70000,784,9950,46,1,0
CUST-18415,46516,175000,777,7369,49,0,0
CUST-18416,38855,90000,683,2410,37,0,0
CUST-18417,42043,70000,701,3317,56,2,0
CUST-18418,30486,120000,801,2692,49,0,0
CUST-18419,31100,115000,636,11251,51,0,0
CUST-18420,46334,125000,749,8868,41,0,1
CUST-18421,64334,205000,673,3949,46,1,0
CUST-18422,29758,95000,825,7284,45,0,0
CUST-18423,25993,50000,714,3191,47,0,0
CUST-18424,54542,110000,791,7215,52,0,0
CUST-18425,39487,105000,660,4197,50,2,0
CUST-18426,60794,230000,628,19253,36,0,0
CUST-18427,25517,40000,694,1281,53,1,0
CUST-18428,16486,55000,727,3357,44,0,0
CUST-18429,30745,50000,676,2472,36,1,0
CUST-18430,27359,75000,759,6657,41,0,1
CUST-18431,38584,120000,696,6601,46,0,0
CUST-18432,29189,95000,574,1749,48,0,0
CUST-18433,58134,95000,745,12286,51,0,0
CUST-18434,34749,90000,652,8676,54,0,0
CUST-18435,43270,130000,686,5914,48,0,0
CUST-18436,43426,70000,810,13806,38,0,0
CUST-18437,44244,80000,825,7958,61,0,0
CUST-18438,39653,125000,672,12382,47,0,0
CUST-18439,51808,145000,747,13089,36,1,0
CUST-18440,26961,50000,674,9550,41,0,1
CUST-18441,80798,230000,691,19506,39,2,0
CUST-18442,35658,135000,670,4099,49,0,0
CUST-18443,20831,30000,597,7038,53,0,0
CUST-18444,44092,135000,716,14288,46,0,0
CUST-18445,26223,45000,728,10235,49,0,0
CUST-18446,55975,85000,666,4632,51,1,0
CUST-18447,121152,225000,780,31127,53,0,0
CUST-18448,27084,70000,681,6014,52,0,0
CUST-18449,47390,165000,668,13496,51,0,0
CUST-18450,16684,35000,744,6557,42,3,1
CUST-18451,50360,155000,609,11899,32,1,0
CUST-18452,25774,65000,768,7474,37,0,0
CUST-18453,29365,60000,683,5036,47,0,0
CUST-18454,23140,65000,774,3578,37,0,0
CUST-18455,57877,200000,793,9685,54,0,0
CUST-18456,66413,240000,751,4218,42,0,0
CUST-18457,40606,145000,657,6077,47,0,0
CUST-18458,26050,60000,628,2879,39,0,0
CUST-18459,88855,310000,616,18668,42,0,0
CUST-18460,27578,55000,781,5826,44,0,1
CUST-18461,15000,50000,701,4767,42,0,0
CUST-18462,50473,195000,671,11396,45,0,0
CUST-18463,23100,35000,701,4899,40,0,0
CUST-18464,65795,170000,780,8623,46,0,0
CUST-18465,33170,105000,760,11555,46,0,0
CUST-18466,54277,175000,738,4442,46,0,0
CUST-18467,80882,155000,751,31851,52,0,0
CUST-18468,21929,85000,721,4750,48,0,0
CUST-18469,30243,90000,729,3480,46,1,0
CUST-18470,38644,75000,724,6724,47,0,1
CUST-18471,86575,135000,709,4794,51,0,0
CUST-18472,28877,100000,758,3126,55,0,0
CUST-18473,29814,50000,733,4989,45,0,0
CUST-18474,50973,95000,652,12439,44,0,0
CUST-18475,30073,90000,744,2866,35,1,0
CUST-18476,43315,130000,726,12413,38,1,0
CUST-18477,18476,60000,749,6383,38,0,0
CUST-18478,121438,300000,703,30398,50,0,0
CUST-18479,20458,70000,762,3148,47,0,0
CUST-18480,34170,135000,706,3160,53,0,1
CUST-18481,39488,85000,757,2189,33,1,0
CUST-18482,104437,340000,680,31971,41,1,0
CUST-18483,20693,80000,684,5586,53,0,0
CUST-18484,108212,350000,749,23449,42,0,0
CUST-18485,58605,190000,688,5022,43,0,0
CUST-18486,49441,100000,853,6054,47,0,0
CUST-18487,24530,70000,746,8225,47,0,0
CUST-18488,53400,155000,711,11638,54,1,0
CUST-18489,27952,90000,763,10817,39,1,0
CUST-18490,75609,300000,678,30242,49,0,1
CUST-18491,24697,40000,769,8156,36,0,0
CUST-18492,37927,65000,768,5323,32,2,0
CUST-18493,30405,50000,791,3979,54,3,0
CUST-18494,24495,80000,681,3399,45,1,0
CUST-18495,58142,105000,630,22987,44,0,0
CUST-18496,52455,160000,670,8779,49,0,0
CUST-18497,73460,170000,691,21836,56,1,0
CUST-18498,16482,45000,818,6356,37,0,0
CUST-18499,68328,140000,852,23016,45,0,0
CUST-18500,140466,500000,732,36403,45,1,1
CUST-18501,32022,95000,710,3494,42,0,0
CUST-18502,103525,400000,687,11514,47,2,0
CUST-18503,35186,105000,763,7823,55,0,0
CUST-18504,20207,35000,852,7742,45,0,0
CUST-18505,34447,65000,826,12627,39,1,0
CUST-18506,67785,270000,783,7332,45,0,0
CUST-18507,26394,85000,783,3977,49,0,0
CUST-18508,29727,50000,764,7612,42,0,0
CUST-18509,54001,175000,706,11723,48,0,0
CUST-18510,40196,100000,662,3689,42,0,1
CUST-18511,53761,120000,708,9637,39,1,0
CUST-18512,45202,85000,737,17364,51,0,0
CUST-18513,51011,185000,615,19537,55,0,0
CUST-18514,32333,55000,700,7947,38,0,0
CUST-18515,45065,100000,656,12273,60,3,0
CUST-18516,25243,55000,775,3222,47,0,0
CUST-18517,76436,145000,674,23670,44,1,0
CUST-18518,29227,80000,731,1998,37,0,0
CUST-18519,70574,110000,664,8979,54,0,0
CUST-18520,35710,80000,813,1859,40,0,1
CUST-18521,44400,170000,599,8213,42,1,0
CUST-18522,31335,70000,740,10891,45,0,0
CUST-18523,24149,60000,626,9511,36,1,0
CUST-18524,16774,45000,676,4759,36,0,0
CUST-18525,23678,70000,723,7356,36,2,0
CUST-18526,34133,120000,726,4845,36,0,0
CUST-18527,44620,90000,724,10357,49,0,0
CUST-18528,66515,245000,719,20473,47,0,0
CUST-18529,32116,110000,668,7195,44,1,0
CUST-18530,25822,85000,699,2091,43,1,1
CUST-18531,19509,35000,712,6034,46,0,0
CUST-18532,51023,80000,722,6472,42,0,0
CUST-18533,80145,240000,705,6747,43,1,0
CUST-18534,75596,275000,757,16428,46,1,0
CUST-18535,57237,170000,716,4356,42,0,0
CUST-18536,55230,110000,723,14928,42,2,0
CUST-18537,93789,160000,685,25713,41,0,0
CUST-18538,47384,155000,641,6626,42,0,0
CUST-18539,55440,185000,720,21487,48,0,0
CUST-18540,34187,65000,788,11574,41,0,1
CUST-18541,20312,30000,738,1794,50,0,0
CUST-18542,28511,70000,656,8894,48,0,0
CUST-18543,39951,120000,762,6934,35,0,0
CUST-18544,41373,135000,688,12933,50,2,0
CUST-18545,105149,370000,756,34728,61,0,0
CUST-18546,41799,125000,686,4304,44,0,0
CUST-18547,72360,130000,732,20379,41,0,0
CUST-18548,32288,105000,676,11363,54,0,0
CUST-18549,34343,135000,677,5604,38,0,0
CUST-18550,20650,80000,608,1613,51,0,1
CUST-18551,27690,100000,743,1648,29,1,0
CUST-18552,52234,120000,734,4622,48,0,0
CUST-18553,40286,135000,737,2073,41,0,0
CUST-18554,64309,235000,727,10574,38,0,0
CUST-18555,43942,140000,660,6800,57,0,0
CUST-18556,33650,70000,772,2982,52,0,0
CUST-18557,117494,455000,774,32650,37,1,0
CUST-18558,38293,100000,658,15208,54,1,0
CUST-18559,71790,130000,744,26226,39,0,0
CUST-18560,32839,60000,766,4548,40,0,1
CUST-18561,57228,180000,679,18283,53,0,0
CUST-18562,63831,165000,690,24121,52,0,0
CUST-18563,44544,75000,744,16357,44,0,0
CUST-18564,15000,50000,611,5393,49,0,0
CUST-18565,40502,140000,639,13173,48,0,0
CUST-18566,74252,245000,645,11326,45,0,0
CUST-18567,52247,105000,593,4140,46,0,0
CUST-18568,50157,160000,780,11071,44,0,0
CUST-18569,16964,25000,580,1173,44,3,0
CUST-18570,27994,65000,732,11182,43,0,1
CUST-18571,49299,125000,762,8647,57,0,0
CUST-18572,49275,175000,690,18991,47,0,0
CUST-18573,73668,180000,666,23617,43,0,0
CUST-18574,37330,55000,725,7240,46,0,0
CUST-18575,49163,115000,710,4493,52,0,0
CUST-18576,40464,110000,775,5382,49,2,0
CUST-18577,24502,95000,539,6996,39,0,0
CUST-18578,15000,60000,650,5107,43,0,0
CUST-18579,49786,95000,746,19556,50,0,0
CUST-18580,43781,85000,713,4214,43,0,1
CUST-18581,29463,55000,758,3081,41,0,0
CUST-18582,17861,60000,727,1158,52,0,0
CUST-18583,54987,85000,701,7760,40,0,0
CUST-18584,35138,65000,690,11854,45,0,0
CUST-18585,53020,150000,861,6330,51,0,0
CUST-18586,101928,215000,809,24641,42,0,0
CUST-18587,15000,25000,742,3093,36,0,0
CUST-18588,28288,70000,715,4640,50,0,0
CUST-18589,36145,80000,744,9629,54,0,0
CUST-18590,83067,230000,763,18757,55,3,1
CUST-18591,17708,70000,737,2960,31,0,0
CUST-18592,105654,190000,661,30755,51,1,0
CUST-18593,42955,105000,825,6356,38,2,0
CUST-18594,38253,145000,726,10523,50,1,0
CUST-18595,36350,135000,840,13996,35,0,0
CUST-18596,32269,80000,722,9846,43,0,0
CUST-18597,67782,220000,694,13315,50,0,0
CUST-18598,23523,40000,799,7330,48,0,0
CUST-18599,47700,155000,729,15895,51,0,0
CUST-18600,33120,130000,718,5433,55,0,1
CUST-18601,27417,80000,631,8137,43,1,0
CUST-18602,146237,400000,752,29545,41,0,0
CUST-18603,49489,95000,677,16652,49,4,0
CUST-18604,54536,170000,680,8364,43,0,0
CUST-18605,70890,210000,678,26811,40,0,0
CUST-18606,19718,60000,738,4952,50,0,0
CUST-18607,96388,150000,610,16738,41,0,0
CUST-18608,15000,45000,696,2951,46,0,0
CUST-18609,27326,80000,773,4692,32,4,0
CUST-18610,31903,65000,629,3228,39,0,1
CUST-18611,53683,110000,721,3971,51,0,0
CUST-18612,44772,100000,668,7280,40,0,0
CUST-18613,36923,120000,683,7773,54,1,0
CUST-18614,39894,120000,817,7046,45,0,0
CUST-18615,24611,90000,602,1350,40,1,0
CUST-18616,18984,45000,759,4796,35,0,0
CUST-18617,57714,220000,678,5810,41,0,0
CUST-18618,56775,190000,675,7031,37,0,0
CUST-18619,88631,220000,637,8177,49,0,0
CUST-18620,27037,45000,759,6276,49,0,1
CUST-18621,56749,120000,697,4727,51,0,0
CUST-18622,34826,135000,689,4866,49,0,0
CUST-18623,72782,165000,717,15145,42,0,0
CUST-18624,66901,155000,698,7272,41,0,0
CUST-18625,44605,90000,579,9196,42,0,0
CUST-18626,33868,120000,678,5756,44,0,0
CUST-18627,64891,140000,768,22790,32,0,0
CUST-18628,55461,130000,612,18203,57,0,0
CUST-18629,28503,70000,639,11329,51,0,0
CUST-18630,20663,55000,682,4858,42,0,1
CUST-18631,34743,90000,662,8734,50,0,0
CUST-18632,85622,235000,708,32649,39,1,0
CUST-18633,71199,250000,638,13517,46,0,0
CUST-18634,23013,80000,684,5626,49,0,0
CUST-18635,22384,80000,706,4089,49,1,0
CUST-18636,75912,135000,752,18298,62,0,0
CUST-18637,22746,80000,790,1780,37,0,0
CUST-18638,51774,95000,692,16791,41,0,0
CUST-18639,29494,55000,832,11645,44,0,0
CUST-18640,90086,350000,698,6577,48,0,1
CUST-18641,27303,95000,763,9019,45,0,0
CUST-18642,71088,205000,835,9568,44,2,0
CUST-18643,44021,160000,719,5244,59,0,0
CUST-18644,45528,180000,620,13325,50,0,0
CUST-18645,15000,45000,715,981,54,2,0
CUST-18646,15000,45000,670,3182,40,0,0
CUST-18647,35943,120000,692,1815,57,0,0
CUST-18648,45408,95000,839,11081,56,0,0
CUST-18649,22865,45000,630,4841,55,1,0
CUST-18650,23287,80000,729,8625,62,0,1
CUST-18651,53142,125000,652,16053,35,1,0
CUST-18652,53179,100000,690,5004,42,1,0
CUST-18653,37463,85000,758,6521,44,0,0
CUST-18654,59284,140000,730,22293,38,0,0
CUST-18655,22312,85000,695,6779,40,0,0
CUST-18656,33591,110000,667,8666,38,0,0
CUST-18657,91485,260000,730,22475,49,0,0
CUST-18658,41529,165000,820,7862,44,1,0
CUST-18659,42751,160000,651,10893,46,3,0
CUST-18660,127130,355000,834,40692,38,0,1
CUST-18661,19936,75000,787,1886,37,0,0
CUST-18662,59767,150000,799,23275,50,0,0
CUST-18663,92225,190000,730,12337,44,0,0
CUST-18664,34117,70000,786,7052,49,0,0
CUST-18665,61686,195000,644,3574,55,0,0
CUST-18666,24562,70000,666,5959,42,0,0
CUST-18667,28470,90000,759,5228,54,0,0
CUST-18668,48653,155000,729,6685,46,0,0
CUST-18669,59831,95000,700,23629,42,0,0
CUST-18670,70295,115000,547,14048,53,0,1
CUST-18671,87975,250000,681,17155,32,0,0
CUST-18672,38803,75000,633,8229,43,0,0
CUST-18673,72897,225000,742,6608,45,0,0
CUST-18674,33821,95000,697,6344,30,0,0
CUST-18675,63009,185000,669,10569,43,0,0
CUST-18676,44522,100000,881,9473,52,0,0
CUST-18677,50153,155000,777,17544,51,0,0
CUST-18678,49600,175000,778,5826,45,0,0
CUST-18679,17991,70000,853,4726,38,0,0
CUST-18680,22878,80000,762,1445,42,1,1
CUST-18681,42246,120000,659,6796,46,0,0
CUST-18682,17263,35000,652,3718,34,0,0
CUST-18683,60815,195000,772,4621,48,1,0
CUST-18684,62055,240000,576,14917,51,2,0
CUST-18685,47267,95000,704,7497,44,0,0
CUST-18686,22912,50000,568,9107,44,0,0
CUST-18687,80023,150000,716,21673,43,0,0
CUST-18688,111146,370000,765,15055,43,0,0
CUST-18689,43197,110000,728,3712,48,0,0
CUST-18690,51806,85000,770,3328,41,0,1
CUST-18691,44394,165000,837,3630,34,0,0
CUST-18692,52322,150000,700,15069,38,2,0
CUST-18693,37805,90000,892,13203,43,1,0
CUST-18694,39447,95000,723,4136,48,0,0
CUST-18695,63124,140000,771,12040,38,0,0
CUST-18696,129678,340000,670,22561,44,0,0
CUST-18697,19929,45000,815,5492,51,0,0
CUST-18698,38104,110000,777,4341,50,2,0
CUST-18699,22242,75000,805,8533,38,0,0
CUST-18700,88966,285000,713,27134,41,0,1
CUST-18701,29915,65000,628,11495,40,1,0
CUST-18702,19504,55000,739,2868,44,0,0
CUST-18703,55220,200000,599,14119,47,1,0
CUST-18704,96005,160000,688,29405,50,1,0
CUST-18705,55926,95000,722,16712,47,0,0
CUST-18706,44462,130000,864,2555,46,0,0
CUST-18707,49245,155000,730,19668,49,0,0
CUST-18708,81423,165000,719,30519,38,0,0
CUST-18709,25923,85000,705,2382,39,0,0
CUST-18710,37951,120000,622,9117,42,3,1
CUST-18711,32005,120000,715,5123,56,0,0
CUST-18712,22383,45000,716,8004,50,0,0
CUST-18713,34057,115000,647,10017,49,0,0
CUST-18714,69832,120000,632,8954,45,2,0
CUST-18715,53279,155000,678,3295,54,0,0
CUST-18716,55390,160000,714,8425,44,0,0
CUST-18717,43184,105000,680,2735,44,1,0
CUST-18718,52138,190000,641,5185,44,2,0
CUST-18719,26895,40000,728,7332,47,0,0
CUST-18720,34380,95000,745,10684,42,0,1
CUST-18721,44178,90000,717,9445,52,0,0
CUST-18722,46108,155000,673,11992,32,0,0
CUST-18723,47103,75000,748,4925,50,0,0
CUST-18724,37452,135000,697,6025,47,0,0
CUST-18725,33232,120000,632,9953,40,1,0
CUST-18726,194635,500000,777,34588,46,0,0
CUST-18727,63157,120000,732,10868,52,0,0
CUST-18728,49344,150000,702,5817,52,0,0
CUST-18729,35717,55000,607,9221,36,0,0
CUST-18730,32028,115000,661,10676,36,0,1
CUST-18731,37593,125000,841,8056,46,0,0
CUST-18732,46463,130000,611,4202,37,4,0
CUST-18733,15674,50000,693,5382,53,0,0
CUST-18734,18311,30000,708,1373,32,0,0
CUST-18735,29189,80000,730,6278,45,1,0
CUST-18736,44514,100000,612,6293,45,3,0
CUST-18737,35609,140000,721,13449,42,2,0
CUST-18738,84041,305000,600,25896,39,1,0
CUST-18739,19125,65000,716,4747,54,3,0
CUST-18740,27565,105000,667,7820,39,1,1
CUST-18741,85823,205000,653,20293,46,0,0
CUST-18742,42854,160000,764,4356,38,1,0
CUST-18743,62468,145000,694,18626,56,0,0
CUST-18744,111929,375000,740,24897,48,0,0
CUST-18745,28370,95000,742,7716,41,0,0
CUST-18746,38190,60000,792,2513,39,0,0
CUST-18747,35023,85000,631,3492,41,0,0
CUST-18748,15103,25000,769,3870,45,1,0
CUST-18749,34365,135000,711,7244,57,0,0
CUST-18750,62350,115000,685,8068,54,0,1
CUST-18751,52590,150000,635,7061,35,0,0
CUST-18752,54695,190000,749,14826,52,0,0
CUST-18753,33264,65000,650,2349,45,1,0
CUST-18754,28910,80000,743,5839,55,0,0
CUST-18755,75707,230000,835,17646,42,0,0
CUST-18756,31298,60000,773,4940,52,0,0
CUST-18757,46492,160000,800,15676,35,0,0
CUST-18758,43550,100000,663,3042,47,0,0
CUST-18759,83354,170000,759,29425,51,0,0
CUST-18760,65232,190000,635,19774,47,0,1
CUST-18761,21001,55000,694,4330,34,3,0
CUST-18762,22163,85000,823,8279,41,3,0
CUST-18763,53608,200000,670,15856,38,0,0
CUST-18764,38864,105000,782,14607,35,1,0
CUST-18765,31965,75000,776,6885,59,0,0
CUST-18766,66690,155000,779,13907,42,0,0
CUST-18767,44078,95000,627,10391,58,0,0
CUST-18768,41201,120000,744,3003,35,1,0
CUST-18769,59273,210000,699,21810,49,0,0
CUST-18770,33271,75000,780,9439,46,0,1
CUST-18771,87926,175000,602,23401,50,0,0
CUST-18772,27064,75000,733,10129,50,0,0
CUST-18773,55740,95000,724,22171,44,1,0
CUST-18774,82200,265000,580,8810,73,1,0
CUST-18775,20157,55000,652,6291,52,0,0
CUST-18776,33803,95000,591,8551,33,0,0
CUST-18777,71047,160000,662,15015,49,1,0
CUST-18778,71583,270000,745,28072,47,0,0
CUST-18779,36836,65000,722,12803,39,1,0
CUST-18780,27796,100000,721,8168,48,0,1
CUST-18781,64729,160000,642,11906,47,0,0
CUST-18782,72531,270000,782,20534,49,0,0
CUST-18783,22419,75000,708,5292,46,0,0
CUST-18784,21983,40000,712,3017,46,2,0
CUST-18785,44919,160000,771,9326,46,0,0
CUST-18786,54977,175000,645,6832,36,0,0
CUST-18787,34560,55000,724,7781,57,0,0
CUST-18788,56367,105000,737,17027,34,0,0
CUST-18789,28139,85000,674,1767,42,0,0
CUST-18790,15000,45000,752,4768,56,0,1
CUST-18791,32469,110000,741,1850,49,0,0
CUST-18792,41424,135000,703,9570,52,0,0
CUST-18793,34964,110000,701,8766,36,0,0
CUST-18794,22487,75000,744,7115,40,0,0
CUST-18795,16190,50000,761,5121,46,0,0
CUST-18796,31037,65000,714,6086,41,0,0
CUST-18797,62870,240000,782,4603,39,0,0
CUST-18798,75214,115000,752,22017,47,0,0
CUST-18799,72682,175000,593,16632,53,0,0
CUST-18800,26690,90000,618,4445,51,2,1
CUST-18801,22542,60000,786,2980,49,1,0
CUST-18802,51447,80000,693,4728,51,0,0
CUST-18803,55135,90000,720,8452,41,0,0
CUST-18804,49024,155000,784,10318,38,1,0
CUST-18805,15000,60000,709,3257,59,0,0
CUST-18806,26018,75000,712,6607,54,1,0
CUST-18807,39543,110000,653,6993,53,0,0
CUST-18808,51205,120000,734,19046,55,0,0
CUST-18809,58903,125000,748,13168,43,1,0
CUST-18810,43136,65000,672,8554,54,0,1
CUST-18811,47353,105000,650,3165,53,0,0
CUST-18812,41874,110000,880,10872,24,0,0
CUST-18813,56545,115000,703,14758,48,0,0
CUST-18814,46930,80000,665,11927,50,0,0
CUST-18815,41475,135000,755,14958,46,0,0
CUST-18816,35095,130000,706,11125,40,0,0
CUST-18817,41799,160000,639,14779,41,0,0
CUST-18818,51138,155000,741,3620,60,1,0
CUST-18819,45877,75000,654,7401,57,0,0
CUST-18820,48553,165000,812,7843,46,1,1
CUST-18821,78539,140000,742,21988,39,2,0
CUST-18822,45824,145000,692,9486,26,0,0
CUST-18823,29013,100000,717,9345,41,0,0
CUST-18824,62430,205000,768,11521,38,0,0
CUST-18825,20270,80000,722,2585,43,0,0
CUST-18826,23371,80000,847,3548,50,0,0
CUST-18827,47473,155000,783,5405,49,0,0
CUST-18828,51958,110000,741,6196,46,0,0
CUST-18829,21535,80000,649,2711,33,0,0
CUST-18830,33143,65000,700,1843,45,0,1
CUST-18831,29642,110000,741,8911,36,0,0
CUST-18832,31465,70000,656,5973,46,0,0
CUST-18833,64331,115000,794,3727,34,0,0
CUST-18834,57139,205000,646,10256,39,1,0
CUST-18835,39752,60000,668,14584,43,1,0
CUST-18836,30546,110000,673,6993,52,0,0
CUST-18837,20438,45000,758,8080,45,2,0
CUST-18838,81641,305000,657,19511,41,0,0
CUST-18839,53963,175000,593,20882,35,1,0
CUST-18840,28188,90000,780,3400,36,0,1
CUST-18841,57514,140000,681,8712,39,0,0
CUST-18842,38750,65000,640,11430,52,0,0
CUST-18843,34767,125000,660,13746,46,0,0
CUST-18844,49891,95000,821,16905,43,0,0
CUST-18845,27701,65000,667,6753,44,0,0
CUST-18846,33796,100000,701,2697,41,1,0
CUST-18847,42647,115000,680,7571,34,2,0
CUST-18848,31265,60000,629,2508,46,1,0
CUST-18849,56080,105000,661,8913,48,2,0
CUST-18850,102184,185000,625,14364,51,3,1
CUST-18851,27525,100000,772,5119,48,0,0
CUST-18852,17455,30000,716,5987,43,0,0
CUST-18853,15000,60000,871,1539,56,0,0
CUST-18854,37226,75000,663,5849,43,0,0
CUST-18855,28808,50000,654,4073,38,0,0
CUST-18856,44530,130000,809,6842,48,0,0
CUST-18857,42885,75000,778,7557,50,0,0
CUST-18858,18004,55000,735,2439,51,0,0
CUST-18859,16196,60000,637,6152,43,0,0
CUST-18860,46535,75000,823,9169,52,0,1
CUST-18861,42946,150000,705,3862,53,0,0
CUST-18862,32438,80000,682,6931,51,0,0
CUST-18863,17525,35000,784,2007,49,0,0
CUST-18864,50802,100000,708,6383,54,0,0
CUST-18865,75807,290000,634,11353,41,0,0
CUST-18866,46119,80000,712,4319,51,2,0
CUST-18867,26272,95000,659,7944,35,1,0
CUST-18868,41038,115000,514,13426,41,2,0
CUST-18869,20270,30000,652,3810,52,2,0
CUST-18870,68116,180000,675,19831,40,0,1
CUST-18871,41811,150000,634,7782,33,1,0
CUST-18872,16579,55000,747,1781,45,0,0
CUST-18873,34532,95000,659,6526,41,0,0
CUST-18874,50597,185000,741,12393,55,0,0
CUST-18875,33978,60000,629,2186,33,0,0
CUST-18876,34963,130000,769,9757,41,0,0
CUST-18877,21759,80000,627,6743,41,0,0
CUST-18878,53277,175000,557,18699,37,0,0
CUST-18879,29020,105000,790,2494,49,0,0
CUST-18880,15000,45000,654,750,47,1,1
CUST-18881,33335,105000,824,2521,49,0,0
CUST-18882,65550,190000,746,24479,41,1,0
CUST-18883,33075,80000,761,10516,50,0,0
CUST-18884,95701,280000,777,32768,42,1,0
CUST-18885,49735,105000,717,11486,48,0,0
CUST-18886,47542,125000,718,11141,52,0,0
CUST-18887,37639,85000,793,5814,36,0,0
CUST-18888,38787,70000,717,13380,58,1,0
CUST-18889,35181,80000,662,11976,48,0,0
CUST-18890,34505,125000,748,6461,46,0,1
CUST-18891,52335,130000,572,8648,36,0,0
CUST-18892,25136,85000,795,7752,52,1,0
CUST-18893,23436,45000,797,1386,42,0,0
CUST-18894,22888,60000,787,8033,50,0,0
CUST-18895,111616,200000,785,23013,51,0,0
CUST-18896,52321,95000,704,10698,46,0,0
CUST-18897,46734,140000,703,13280,43,0,0
CUST-18898,23652,70000,630,6528,47,0,0
CUST-18899,54812,110000,823,7843,39,0,0
CUST-18900,37862,100000,678,14393,36,0,1
CUST-18901,44671,165000,732,17654,47,2,0
CUST-18902,24629,50000,726,5765,46,0,0
CUST-18903,43483,65000,622,10717,44,0,0
CUST-18904,32470,100000,596,7923,37,1,0
CUST-18905,27369,45000,710,6021,47,0,0
CUST-18906,57933,230000,680,22061,50,4,0
CUST-18907,18604,55000,704,2523,42,0,0
CUST-18908,53230,140000,779,4672,53,0,0
CUST-18909,56513,145000,724,21211,52,0,0
CUST-18910,25852,75000,759,3220,56,0,1
CUST-18911,26631,45000,738,8314,42,0,0
CUST-18912,35899,135000,689,4356,33,1,0
CUST-18913,46213,140000,644,17841,57,0,0
CUST-18914,37181,75000,727,12154,43,0,0
CUST-18915,49850,145000,715,18521,51,0,0
CUST-18916,96905,180000,769,37099,41,1,0
CUST-18917,31136,50000,700,2476,45,0,0
CUST-18918,17024,50000,690,3433,52,0,0
CUST-18919,60655,190000,695,16791,51,0,0
CUST-18920,93121,275000,650,30809,50,0,1
CUST-18921,48843,95000,804,6570,54,0,0
CUST-18922,23298,70000,784,8622,45,0,0
CUST-18923,37724,60000,631,4803,37,1,0
CUST-18924,22942,70000,762,8102,58,0,0
CUST-18925,55349,160000,590,12699,47,0,0
CUST-18926,20421,65000,774,4704,51,1,0
CUST-18927,34542,130000,664,6248,48,3,0
CUST-18928,24290,90000,733,2094,52,0,0
CUST-18929,42762,170000,584,7332,49,0,0
CUST-18930,33417,130000,632,6661,48,0,1
CUST-18931,43843,150000,740,9542,50,0,0
CUST-18932,40585,160000,664,12527,44,0,0
CUST-18933,24505,90000,655,4244,42,0,0
CUST-18934,54909,180000,800,10559,50,0,0
CUST-18935,39168,65000,853,14379,57,0,0
CUST-18936,24483,40000,770,7672,48,0,0
CUST-18937,123064,440000,639,7137,43,0,0
CUST-18938,50930,140000,824,17022,35,0,0
CUST-18939,37174,130000,608,14738,38,0,0
CUST-18940,81438,185000,690,30858,41,0,1
CUST-18941,100801,250000,713,34532,54,0,0
CUST-18942,37321,120000,835,10084,39,0,0
CUST-18943,47748,180000,769,7036,37,1,0
CUST-18944,24489,40000,679,6833,43,1,0
CUST-18945,37287,135000,648,10942,46,1,0
CUST-18946,36332,125000,775,5396,36,0,0
CUST-18947,44020,100000,675,6134,50,2,0
CUST-18948,47400,115000,724,8954,48,0,0
CUST-18949,53099,85000,620,14570,48,0,0
CUST-18950,45198,70000,747,6895,57,0,1
CUST-18951,21908,60000,741,5356,54,0,0
CUST-18952,25103,45000,629,9155,35,0,0
CUST-18953,30540,60000,777,4681,53,2,0
CUST-18954,34852,125000,746,13525,33,1,0
CUST-18955,67872,200000,758,14638,44,0,0
CUST-18956,22438,70000,685,1914,47,0,0
CUST-18957,33566,65000,721,2324,43,0,0
CUST-18958,64634,230000,714,10893,42,3,0
CUST-18959,34546,125000,700,4855,31,0,0
CUST-18960,50524,140000,721,17445,45,0,1
CUST-18961,37430,140000,791,11534,35,2,0
CUST-18962,45633,165000,779,16409,55,0,0
CUST-18963,35802,120000,633,9173,51,2,0
CUST-18964,56023,185000,774,11339,45,0,0
CUST-18965,18536,35000,787,2682,43,0,0
CUST-18966,33467,75000,700,8503,46,0,0
CUST-18967,46550,80000,743,12396,35,0,0
CUST-18968,52409,80000,742,9828,52,0,0
CUST-18969,84666,160000,654,31987,42,2,0
CUST-18970,33007,120000,685,9043,34,0,1
CUST-18971,84098,175000,758,28855,46,0,0
CUST-18972,28867,115000,677,7711,44,0,0
CUST-18973,77989,235000,773,12539,49,0,0
CUST-18974,60399,125000,794,18591,51,0,0
CUST-18975,25419,70000,784,3319,35,1,0
CUST-18976,46794,95000,838,12110,53,0,0
CUST-18977,39119,155000,704,7465,54,0,0
CUST-18978,54873,200000,721,5622,37,0,0
CUST-18979,35895,55000,730,6986,41,2,0
CUST-18980,34419,135000,706,5458,48,0,1
CUST-18981,79582,265000,745,7104,49,0,0
CUST-18982,38201,65000,598,12924,47,0,0
CUST-18983,60670,195000,723,13620,42,0,0
CUST-18984,35858,110000,620,6139,36,4,0
CUST-18985,92349,190000,647,20938,53,1,0
CUST-18986,28590,95000,757,8980,40,0,0
CUST-18987,29523,50000,697,1665,51,0,0
CUST-18988,86013,235000,755,20760,42,0,0
CUST-18989,32129,50000,695,6994,41,0,0
CUST-18990,89369,350000,781,32402,37,0,1
CUST-18991,62687,210000,694,15332,49,0,0
CUST-18992,37148,70000,582,3642,41,0,0
CUST-18993,16209,40000,724,3015,58,1,0
CUST-18994,39749,75000,569,10627,46,0,0
CUST-18995,42226,145000,615,2790,48,0,0
CUST-18996,71941,120000,652,25871,42,1,0
CUST-18997,88807,320000,644,6547,42,0,0
CUST-18998,28495,110000,674,1729,42,0,0
CUST-18999,59909,190000,642,3037,47,1,0
CUST-19000,58847,120000,618,17025,43,0,1
CUST-19001,68645,165000,810,14386,42,1,0
CUST-19002,51500,140000,665,4428,37,0,0
CUST-19003,15195,45000,565,5313,42,0,0
CUST-19004,37134,120000,686,4491,54,0,0
CUST-19005,22519,65000,636,3697,44,0,0
CUST-19006,36268,85000,652,4069,47,1,0
CUST-19007,65512,245000,756,24525,51,0,0
CUST-19008,46750,80000,680,14741,51,0,0
CUST-19009,71256,190000,635,21617,46,0,0
CUST-19010,47613,165000,739,3113,49,3,1
CUST-19011,20969,35000,784,4884,45,0,0
CUST-19012,15000,50000,744,3771,51,0,0
CUST-19013,43234,155000,550,7949,42,1,0
CUST-19014,36063,115000,637,5864,42,0,0
CUST-19015,24625,40000,713,8573,48,0,0
CUST-19016,17148,35000,694,995,48,1,0
CUST-19017,27795,65000,688,7473,45,2,0
CUST-19018,36415,75000,646,6845,58,0,0
CUST-19019,55990,220000,618,15849,40,0,0
CUST-19020,44104,140000,840,5260,47,0,1
CUST-19021,89682,200000,711,11975,37,0,0
CUST-19022,23913,90000,751,6107,43,0,0
CUST-19023,62350,210000,710,24502,48,0,0
CUST-19024,41095,90000,713,16073,41,0,0
CUST-19025,56802,140000,705,7790,42,0,0
CUST-19026,32265,65000,637,2769,35,0,0
CUST-19027,68585,270000,611,17600,43,0,0
CUST-19028,46518,130000,735,9163,51,0,0
CUST-19029,28574,105000,722,9046,47,0,0
CUST-19030,39894,95000,770,9366,38,0,1
CUST-19031,35604,130000,757,8142,50,1,0
CUST-19032,51256,85000,657,14160,42,0,0
CUST-19033,22250,90000,783,2096,44,0,0
CUST-19034,39550,150000,759,11351,55,0,0
CUST-19035,48905,120000,754,10807,32,0,0
CUST-19036,40803,140000,856,13752,43,0,0
CUST-19037,78705,265000,842,7756,33,0,0
CUST-19038,59101,220000,754,9176,39,0,0
CUST-19039,39984,90000,746,15297,48,0,0
CUST-19040,44727,120000,780,10894,52,0,1
CUST-19041,46529,170000,672,17460,36,0,0
CUST-19042,49101,170000,672,14296,51,1,0
CUST-19043,16109,40000,753,6028,40,0,0
CUST-19044,34518,125000,654,5565,48,0,0
CUST-19045,19106,30000,748,1560,51,0,0
CUST-19046,76049,265000,720,25155,50,3,0
CUST-19047,38932,80000,654,12908,41,0,0
CUST-19048,36436,80000,711,9713,55,2,0
CUST-19049,62843,170000,794,15889,49,0,0
CUST-19050,49571,130000,715,18352,48,0,1
CUST-19051,22826,65000,715,2551,41,3,0
CUST-19052,38736,110000,731,10295,38,0,0
CUST-19053,33942,80000,739,2288,52,0,0
CUST-19054,16776,35000,688,1665,56,0,0
CUST-19055,28420,95000,732,5770,51,1,0
CUST-19056,36615,90000,641,12354,43,0,0
CUST-19057,37893,105000,658,11617,54,0,0
CUST-19058,19127,60000,666,7477,35,0,0
CUST-19059,71384,270000,740,4689,43,0,0
CUST-19060,38137,125000,720,6997,45,0,1
CUST-19061,40895,65000,701,4317,40,0,0
CUST-19062,49036,175000,754,3086,57,1,0
CUST-19063,27064,110000,734,3857,47,2,0
CUST-19064,50421,135000,691,6835,48,0,0
CUST-19065,33405,130000,642,6581,36,0,0
CUST-19066,25634,75000,656,2538,38,0,0
CUST-19067,53461,140000,614,11814,39,0,0
CUST-19068,84612,195000,719,31478,54,1,0
CUST-19069,57665,180000,653,17983,39,0,0
CUST-19070,63671,130000,677,21951,41,0,1
CUST-19071,30936,55000,701,10260,44,0,0
CUST-19072,18055,30000,777,3364,46,0,0
CUST-19073,84547,190000,770,25206,45,1,0
CUST-19074,112112,280000,706,35202,54,2,0
CUST-19075,86803,250000,792,10587,49,0,0
CUST-19076,33931,75000,579,11912,42,1,0
CUST-19077,22531,90000,832,4736,55,0,0
CUST-19078,23556,55000,755,1312,53,0,0
CUST-19079,17294,45000,716,4759,44,0,0
CUST-19080,38036,65000,652,10911,43,0,1
CUST-19081,89575,195000,681,21777,42,0,0
CUST-19082,37390,60000,749,4649,37,0,0
CUST-19083,46684,135000,751,10214,44,1,0
CUST-19084,79841,270000,753,15173,37,0,0
CUST-19085,32792,65000,662,12826,44,0,0
CUST-19086,111053,270000,649,37606,48,0,0
CUST-19087,108667,170000,722,34411,52,4,0
CUST-19088,37588,135000,760,4261,51,0,0
CUST-19089,30068,105000,710,4987,47,0,0
CUST-19090,56875,95000,806,10402,31,3,1
CUST-19091,33733,80000,712,7502,35,0,0
CUST-19092,22510,90000,709,1363,36,0,0
CUST-19093,76162,190000,753,19615,40,0,0
CUST-19094,73734,210000,789,12921,41,0,0
CUST-19095,43380,105000,622,10696,46,0,0
CUST-19096,21344,65000,637,1134,46,0,0
CUST-19097,21703,85000,689,3526,54,0,0
CUST-19098,42345,170000,900,13509,54,1,0
CUST-19099,31259,105000,693,7045,47,0,0
CUST-19100,33841,85000,702,11035,39,0,1
CUST-19101,66901,185000,750,19711,40,0,0
CUST-19102,57906,140000,773,20222,44,0,0
CUST-19103,79943,315000,721,4205,47,0,0
CUST-19104,24457,80000,785,3459,29,4,0
CUST-19105,33806,90000,632,8183,45,0,0
CUST-19106,58658,90000,660,22252,47,0,0
CUST-19107,50213,140000,785,14457,46,0,0
CUST-19108,86352,340000,710,18117,43,0,0
CUST-19109,49526,140000,627,4732,43,0,0
CUST-19110,101119,200000,624,22511,41,0,1
CUST-19111,52575,80000,657,10745,45,0,0
CUST-19112,68260,165000,710,22010,44,1,0
CUST-19113,34140,130000,740,6646,30,0,0
CUST-19114,40422,160000,688,6531,41,0,0
CUST-19115,63289,245000,735,5151,41,1,0
CUST-19116,89903,300000,681,5958,51,0,0
CUST-19117,57792,165000,789,11772,53,0,0
CUST-19118,38500,115000,875,6598,50,0,0
CUST-19119,79910,230000,684,19527,48,1,0
CUST-19120,15000,50000,741,4487,53,0,1
CUST-19121,19710,50000,735,1261,44,1,0
CUST-19122,56433,180000,719,12622,44,0,0
CUST-19123,40418,75000,752,14214,43,1,0
CUST-19124,54325,120000,741,11370,36,3,0
CUST-19125,41448,150000,679,9633,34,1,0
CUST-19126,53395,200000,795,11767,49,0,0
CUST-19127,26710,75000,723,4979,51,0,0
CUST-19128,53382,85000,684,4726,50,1,0
CUST-19129,65986,250000,868,6217,44,0,0
CUST-19130,73885,240000,702,8325,44,0,1
CUST-19131,109839,280000,726,35961,41,0,0
CUST-19132,45344,135000,721,6636,48,1,0
CUST-19133,46025,120000,701,17574,46,1,0
CUST-19134,18739,50000,739,6250,51,1,0
CUST-19135,30769,115000,655,8910,44,0,0
CUST-19136,36441,70000,748,11010,45,1,0
CUST-19137,67857,120000,595,4524,41,0,0
CUST-19138,29569,45000,625,7360,48,1,0
CUST-19139,59764,135000,828,22672,56,2,0
CUST-19140,40102,75000,628,2554,45,1,1
CUST-19141,36732,75000,582,5577,44,0,0
CUST-19142,45453,70000,629,3092,53,2,0
CUST-19143,33005,70000,823,8231,46,0,0
CUST-19144,32385,75000,593,2936,46,0,0
CUST-19145,17113,25000,647,3726,54,3,0
CUST-19146,35455,105000,615,10706,44,0,0
CUST-19147,31571,90000,692,3395,51,0,0
CUST-19148,31008,55000,681,9748,36,0,0
CUST-19149,49436,150000,678,3513,56,0,0
CUST-19150,55788,225000,830,5710,65,1,1
CUST-19151,45075,175000,632,6672,47,0,0
CUST-19152,66019,100000,703,21696,48,0,0
CUST-19153,53518,185000,732,18600,44,1,0
CUST-19154,34629,85000,646,4402,48,3,0
CUST-19155,31842,55000,741,2659,38,0,0
CUST-19156,46929,105000,684,16274,42,0,0
CUST-19157,53470,125000,734,14826,42,0,0
CUST-19158,80734,225000,702,8497,44,0,0
CUST-19159,72808,230000,576,17852,43,0,0
CUST-19160,30615,105000,794,10878,50,0,1
CUST-19161,38139,80000,844,2834,49,0,0
CUST-19162,56134,130000,698,4451,35,0,0
CUST-19163,68459,155000,651,9978,38,0,0
CUST-19164,64182,155000,807,17861,43,3,0
CUST-19165,38873,155000,832,4365,45,0,0
CUST-19166,21439,75000,699,7197,33,0,0
CUST-19167,24355,95000,695,7614,54,0,0
CUST-19168,45996,150000,704,11331,47,0,0
CUST-19169,47624,120000,601,4315,48,0,0
CUST-19170,23171,55000,691,9172,41,0,1
CUST-19171,41039,110000,821,9090,50,0,0
CUST-19172,55028,140000,699,11458,45,1,0
CUST-19173,22570,80000,642,8992,46,0,0
CUST-19174,69737,185000,742,24572,33,0,0
CUST-19175,33230,75000,666,6969,49,1,0
CUST-19176,75267,260000,705,14796,57,0,0
CUST-19177,30738,110000,627,2568,43,0,0
CUST-19178,24021,60000,642,8990,44,0,0
CUST-19179,31918,100000,757,11021,51,1,0
CUST-19180,38270,65000,717,6065,44,0,1
CUST-19181,33049,95000,659,10366,37,0,0
CUST-19182,36026,60000,717,11418,31,0,0
CUST-19183,47428,75000,670,6154,38,0,0
CUST-19184,36842,110000,659,9755,41,1,0
CUST-19185,38829,90000,785,5407,52,0,0
CUST-19186,17075,55000,760,5574,56,1,0
CUST-19187,48817,185000,708,5068,38,0,0
CUST-19188,38384,70000,719,10905,40,0,0
CUST-19189,89782,295000,709,14733,47,0,0
CUST-19190,25089,70000,741,1572,46,0,1
CUST-19191,16250,30000,658,1516,48,1,0
CUST-19192,54668,170000,766,15264,52,0,0
CUST-19193,47727,145000,732,6393,57,0,0
CUST-19194,24240,70000,692,6565,44,0,0
CUST-19195,18678,70000,678,3645,38,0,0
CUST-19196,86569,245000,764,25317,50,0,0
CUST-19197,81393,325000,700,18112,41,1,0
CUST-19198,15000,40000,664,2369,46,0,0
CUST-19199,31916,55000,685,3224,54,0,0
CUST-19200,92235,245000,759,15623,40,3,1
CUST-19201,31633,60000,605,8610,51,1,0
CUST-19202,31404,95000,686,9709,37,0,0
CUST-19203,34843,115000,779,3697,53,0,0
CUST-19204,22915,60000,699,6473,42,1,0
CUST-19205,17113,30000,727,1929,42,1,0
CUST-19206,67932,180000,780,8670,36,2,0
CUST-19207,15971,25000,768,3768,48,0,0
CUST-19208,45416,145000,681,6867,49,0,0
CUST-19209,62522,215000,701,17603,55,0,0
CUST-19210,19426,75000,768,7469,37,1,1
CUST-19211,25282,45000,771,2581,48,4,0
CUST-19212,73613,210000,704,18379,48,0,0
CUST-19213,52388,155000,706,19548,40,0,0
CUST-19214,29476,110000,727,3294,42,0,0
CUST-19215,73212,225000,798,13060,45,1,0
CUST-19216,73369,135000,779,6842,42,0,0
CUST-19217,45914,120000,755,12613,47,1,0
CUST-19218,25589,80000,639,7272,50,0,0
CUST-19219,32639,105000,692,9219,47,0,0
CUST-19220,46313,170000,695,11103,36,0,1
CUST-19221,36523,70000,802,11365,48,0,0
CUST-19222,64182,250000,694,4015,44,0,0
CUST-19223,18678,30000,791,7193,42,2,0
CUST-19224,19012,75000,672,2428,44,0,0
CUST-19225,43933,160000,678,4065,51,1,0
CUST-19226,31389,100000,741,11908,48,0,0
CUST-19227,29333,100000,811,9992,46,0,0
CUST-19228,16580,30000,696,5267,37,0,0
CUST-19229,40528,65000,543,3512,38,0,0
CUST-19230,39090,70000,608,13002,32,0,1
CUST-19231,55644,95000,729,14643,48,0,0
CUST-19232,41541,120000,614,12718,49,0,0
CUST-19233,37560,75000,653,14735,48,0,0
CUST-19234,72294,265000,710,8534,46,0,0
CUST-19235,20822,55000,550,4716,54,1,0
CUST-19236,52480,170000,685,16461,43,1,0
CUST-19237,17403,55000,634,3511,46,1,0
CUST-19238,26392,60000,612,1824,50,0,0
CUST-19239,21887,45000,657,1948,37,0,0
CUST-19240,59335,140000,640,15470,53,0,1
CUST-19241,38843,135000,740,5816,40,0,0
CUST-19242,39864,120000,787,3916,45,0,0
CUST-19243,23077,50000,686,3899,48,0,0
CUST-19244,34549,120000,671,4157,58,0,0
CUST-19245,27399,45000,683,1599,56,0,0
CUST-19246,48616,160000,637,5014,28,0,0
CUST-19247,24451,65000,626,8779,40,0,0
CUST-19248,78033,260000,603,4230,42,0,0
CUST-19249,17364,65000,623,5571,45,0,0
CUST-19250,26815,90000,816,8412,51,2,1
CUST-19251,92836,240000,665,22975,32,0,0
CUST-19252,32287,60000,518,3969,42,2,0
CUST-19253,20796,75000,671,7430,44,0,0
CUST-19254,44780,120000,606,9684,25,0,0
CUST-19255,31644,55000,713,3500,43,0,0
CUST-19256,26424,85000,706,5288,46,2,0
CUST-19257,23203,50000,713,2743,40,0,0
CUST-19258,160201,260000,707,29092,40,0,0
CUST-19259,35391,135000,685,7921,54,0,0
CUST-19260,15324,40000,615,2696,38,2,1
CUST-19261,84698,185000,705,23712,38,0,0
CUST-19262,54477,180000,776,20568,35,0,0
CUST-19263,27358,100000,827,4701,52,0,0
CUST-19264,25170,40000,694,4392,36,0,0
CUST-19265,56203,180000,701,17333,35,0,0
CUST-19266,35473,120000,742,8361,53,0,0
CUST-19267,15321,30000,807,3065,49,0,0
CUST-19268,98087,265000,678,32842,43,3,0
CUST-19269,32305,55000,755,11689,36,0,0
CUST-19270,84777,285000,656,21762,39,4,1
CUST-19271,76055,275000,731,8730,54,0,0
CUST-19272,24330,45000,773,5187,41,0,0
CUST-19273,67278,240000,626,15240,44,0,0
CUST-19274,28977,100000,675,5832,38,0,0
CUST-19275,15782,35000,772,2238,38,0,0
CUST-19276,32457,105000,750,6988,50,0,0
CUST-19277,48962,75000,777,10100,48,0,0
CUST-19278,31844,120000,765,3927,49,0,0
CUST-19279,34422,100000,687,12605,37,0,0
CUST-19280,71095,215000,852,25584,43,0,1
CUST-19281,42329,135000,718,13370,42,0,0
CUST-19282,26327,75000,511,5010,45,0,0
CUST-19283,57011,210000,691,10240,47,0,0
CUST-19284,44304,135000,679,13324,45,0,0
CUST-19285,15000,55000,761,3942,47,0,0
CUST-19286,49720,145000,680,12937,44,3,0
CUST-19287,48820,95000,781,4561,52,0,0
CUST-19288,40540,155000,746,10799,41,0,0
CUST-19289,62683,200000,644,22920,46,0,0
CUST-19290,28675,95000,700,2295,50,1,1
CUST-19291,47488,190000,659,8011,54,1,0
CUST-19292,18334,30000,722,4182,40,0,0
CUST-19293,49194,125000,659,14271,42,2,0
CUST-19294,106567,225000,714,8671,52,0,0
CUST-19295,24405,75000,692,8675,51,0,0
CUST-19296,27449,95000,700,1761,32,0,0
CUST-19297,28141,110000,843,9854,44,0,0
CUST-19298,42830,115000,686,2556,37,0,0
CUST-19299,23587,80000,584,2446,45,0,0
CUST-19300,49544,190000,776,16355,41,0,1
CUST-19301,61292,195000,775,21517,43,0,0
CUST-19302,52426,110000,581,20644,53,0,0
CUST-19303,16577,50000,664,1500,44,0,0
CUST-19304,66011,260000,738,15463,41,0,0
CUST-19305,64131,255000,744,4938,41,0,0
CUST-19306,60783,190000,709,6366,44,0,0
CUST-19307,48359,180000,711,5371,58,0,0
CUST-19308,44805,90000,648,3234,34,2,0
CUST-19309,67251,140000,554,24381,42,0,0
CUST-19310,105004,410000,843,9893,38,0,1
CUST-19311,24921,45000,647,6735,49,0,0
CUST-19312,68807,135000,721,18509,42,0,0
CUST-19313,38441,100000,699,4594,38,0,0
CUST-19314,37615,110000,768,15025,42,0,0
CUST-19315,18615,55000,717,3193,41,1,0
CUST-19316,34808,80000,719,12766,54,0,0
CUST-19317,24376,95000,538,9309,47,1,0
CUST-19318,31827,120000,655,12162,60,0,0
CUST-19319,23176,55000,758,7265,40,1,0
CUST-19320,32065,85000,752,4451,33,2,1
CUST-19321,32759,105000,648,3021,36,0,0
CUST-19322,42124,135000,607,10508,46,1,0
CUST-19323,17901,45000,718,3150,48,0,0
CUST-19324,19481,50000,521,6640,39,0,0
CUST-19325,48096,115000,635,14945,45,0,0
CUST-19326,26937,55000,824,3953,35,3,0
CUST-19327,68683,180000,803,3843,41,1,0
CUST-19328,44919,145000,741,5976,42,1,0
CUST-19329,54359,180000,729,13507,44,0,0
CUST-19330,81254,280000,583,6309,33,0,1
CUST-19331,34377,85000,661,9639,47,0,0
CUST-19332,30114,105000,690,8585,47,1,0
CUST-19333,62059,95000,663,6782,48,1,0
CUST-19334,51779,140000,687,13395,51,0,0
CUST-19335,36546,125000,794,9591,42,0,0
CUST-19336,80477,245000,674,17487,47,0,0
CUST-19337,36093,95000,687,13846,33,0,0
CUST-19338,40797,125000,758,3584,43,0,0
CUST-19339,40562,155000,617,7800,46,0,0
CUST-19340,25152,75000,655,9030,43,0,1
CUST-19341,41722,145000,662,7727,47,0,0
CUST-19342,80690,320000,713,16026,43,2,0
CUST-19343,50135,165000,687,14233,37,0,0
CUST-19344,40763,120000,689,11533,29,0,0
CUST-19345,37016,60000,666,2147,33,2,0
CUST-19346,47355,115000,640,9920,49,0,0
CUST-19347,58389,170000,749,9735,39,0,0
CUST-19348,54427,190000,688,14678,47,0,0
CUST-19349,33998,90000,750,8312,50,0,0
CUST-19350,47211,185000,637,13115,49,1,1
CUST-19351,51019,110000,666,14225,52,2,0
CUST-19352,24255,80000,695,3376,69,1,0
CUST-19353,43656,110000,701,5948,42,0,0
CUST-19354,15000,40000,759,2693,48,0,0
CUST-19355,51086,180000,682,6880,39,0,0
CUST-19356,55835,125000,758,16135,47,0,0
CUST-19357,58324,100000,734,15222,41,0,0
CUST-19358,32941,90000,703,4141,44,0,0
CUST-19359,46841,130000,648,16836,37,0,0
CUST-19360,81795,285000,759,17277,39,0,1
CUST-19361,81380,320000,649,7687,39,4,0
CUST-19362,39553,65000,708,4925,42,0,0
CUST-19363,43030,130000,706,10281,48,0,0
CUST-19364,69944,225000,696,11781,43,2,0
CUST-19365,18950,75000,684,6593,50,0,0
CUST-19366,34148,130000,656,7620,39,0,0
CUST-19367,78259,255000,604,28983,46,0,0
CUST-19368,65355,185000,801,5596,49,0,0
CUST-19369,48273,90000,678,13709,53,0,0
CUST-19370,18903,45000,701,6805,47,2,1
CUST-19371,39145,115000,701,5970,41,1,0
CUST-19372,29882,100000,781,2913,49,0,0
CUST-19373,47359,145000,835,9937,38,0,0
CUST-19374,26777,90000,720,10348,58,0,0
CUST-19375,24031,60000,699,6529,46,0,0
CUST-19376,15000,50000,636,4130,54,0,0
CUST-19377,73932,135000,616,21072,50,0,0
CUST-19378,32863,65000,594,2100,52,1,0
CUST-19379,43415,85000,658,8942,52,0,0
CUST-19380,40089,150000,574,3092,54,0,1
CUST-19381,23535,40000,780,3778,46,1,0
CUST-19382,21385,75000,737,7218,43,0,0
CUST-19383,24278,50000,693,6790,57,1,0
CUST-19384,27956,75000,782,11139,47,0,0
CUST-19385,48209,185000,640,5315,51,1,0
CUST-19386,26960,80000,656,5094,42,0,0
CUST-19387,96109,195000,584,32040,48,0,0
CUST-19388,67075,150000,760,8417,65,0,0
CUST-19389,60124,230000,657,6241,47,0,0
CUST-19390,37804,95000,711,7548,39,0,1
CUST-19391,85574,255000,775,15771,44,2,0
CUST-19392,35990,95000,799,14146,59,0,0
CUST-19393,39512,95000,708,8285,53,0,0
CUST-19394,43694,90000,734,15351,42,1,0
CUST-19395,57005,185000,651,20566,55,1,0
CUST-19396,55185,180000,819,5808,50,0,0
CUST-19397,31648,70000,699,9505,47,0,0
CUST-19398,30745,105000,715,4524,46,1,0
CUST-19399,55268,200000,683,4596,58,2,0
CUST-19400,57389,220000,787,20438,44,0,1
CUST-19401,32969,65000,722,5022,53,0,0
CUST-19402,18149,40000,759,3101,42,1,0
CUST-19403,36182,130000,733,5911,42,0,0
CUST-19404,54817,110000,695,6583,36,0,0
CUST-19405,98983,150000,770,20002,41,0,0
CUST-19406,22048,80000,732,4407,44,0,0
CUST-19407,32425,75000,647,6260,40,3,0
CUST-19408,33034,85000,645,12245,49,0,0
CUST-19409,79055,205000,719,13353,46,0,0
CUST-19410,39439,145000,768,2391,45,0,1
CUST-19411,25497,60000,816,2867,43,0,0
CUST-19412,53068,200000,594,16054,51,0,0
CUST-19413,32783,100000,711,8418,42,1,0
CUST-19414,21759,60000,741,8336,49,0,0
CUST-19415,25683,60000,729,7526,44,0,0
CUST-19416,95513,200000,775,11269,50,0,0
CUST-19417,48635,150000,752,4485,48,0,0
CUST-19418,42356,110000,645,9837,41,1,0
CUST-19419,35420,135000,644,10018,33,0,0
CUST-19420,46447,125000,730,5015,48,0,1
CUST-19421,46171,130000,774,12031,45,0,0
CUST-19422,46447,120000,719,16384,38,0,0
CUST-19423,42506,150000,607,12949,38,1,0
CUST-19424,61969,160000,641,17504,44,0,0
CUST-19425,40601,90000,754,13246,48,0,0
CUST-19426,24613,90000,687,2127,39,0,0
CUST-19427,29548,90000,717,3585,46,0,0
CUST-19428,15000,45000,779,950,53,4,0
CUST-19429,110570,335000,631,11139,38,0,0
CUST-19430,61782,205000,683,22835,46,0,1
CUST-19431,26501,60000,676,3385,52,0,0
CUST-19432,34859,55000,733,9820,46,0,0
CUST-19433,29189,105000,760,8524,46,0,0
CUST-19434,86792,160000,613,23942,43,1,0
CUST-19435,19733,65000,709,4812,44,0,0
CUST-19436,42499,70000,766,9355,56,0,0
CUST-19437,38014,95000,589,7487,43,0,0
CUST-19438,60683,100000,705,22508,57,0,0
CUST-19439,38100,105000,630,2031,43,0,0
CUST-19440,16662,50000,668,1145,46,0,1
CUST-19441,35399,70000,547,7872,38,0,0
CUST-19442,24684,60000,800,4089,48,0,0
CUST-19443,41763,160000,686,8055,34,0,0
CUST-19444,82214,215000,657,32823,39,1,0
CUST-19445,16819,60000,731,5403,53,0,0
CUST-19446,26900,105000,642,9605,48,3,0
CUST-19447,30444,120000,636,5449,47,0,0
CUST-19448,33162,125000,808,4438,43,0,0
CUST-19449,58108,135000,827,18524,37,0,0
CUST-19450,36799,145000,671,12241,52,0,1
CUST-19451,49409,175000,779,11979,76,0,0
CUST-19452,29351,105000,733,10671,54,0,0
CUST-19453,45024,70000,618,17494,51,0,0
CUST-19454,59213,230000,649,12722,49,0,0
CUST-19455,27829,95000,810,3560,52,0,0
CUST-19456,59318,205000,617,13701,26,0,0
CUST-19457,41199,70000,858,16328,54,0,0
CUST-19458,67692,140000,672,10324,41,0,0
CUST-19459,36289,140000,812,9658,39,0,0
CUST-19460,48563,135000,690,14223,51,0,1
CUST-19461,39328,100000,761,4911,46,0,0
CUST-19462,38249,140000,800,9790,57,0,0
CUST-19463,45682,80000,800,7312,46,0,0
CUST-19464,52491,135000,672,18317,53,0,0
CUST-19465,21487,50000,654,6449,57,0,0
CUST-19466,82192,195000,704,27878,49,0,0
CUST-19467,15838,35000,625,1898,55,0,0
CUST-19468,28498,60000,725,1769,60,0,0
CUST-19469,38286,75000,656,13311,49,1,0
CUST-19470,49324,155000,780,9142,51,0,1
CUST-19471,88263,335000,672,9965,56,0,0
CUST-19472,15848,45000,596,1302,51,0,0
CUST-19473,31137,70000,801,7185,39,0,0
CUST-19474,15000,30000,721,1538,37,0,0
CUST-19475,40774,145000,711,10125,57,0,0
CUST-19476,45974,180000,781,14001,31,0,0
CUST-19477,88911,210000,766,21095,56,2,0
CUST-19478,42630,95000,660,15615,35,1,0
CUST-19479,67643,205000,680,7065,35,3,0
CUST-19480,53740,185000,637,11977,45,1,1
CUST-19481,32285,85000,614,3458,61,0,0
CUST-19482,19841,60000,747,7074,45,0,0
CUST-19483,46050,150000,735,17327,47,0,0
CUST-19484,19033,75000,759,3616,43,0,0
CUST-19485,76695,145000,793,12042,43,0,0
CUST-19486,37010,150000,760,5468,49,0,0
CUST-19487,72954,180000,766,25599,31,0,0
CUST-19488,31567,105000,574,9118,50,0,0
CUST-19489,45909,135000,690,16444,54,0,0
CUST-19490,44563,120000,772,4061,47,0,1
CUST-19491,39241,125000,634,8499,58,0,0
CUST-19492,32327,80000,715,9266,39,3,0
CUST-19493,48836,90000,743,17775,46,2,0
CUST-19494,25258,70000,738,4640,33,0,0
CUST-19495,21922,60000,733,3498,44,0,0
CUST-19496,74713,150000,748,27609,47,0,0
CUST-19497,57732,220000,721,3847,39,0,0
CUST-19498,41479,85000,614,9036,43,0,0
CUST-19499,92278,235000,742,19426,52,1,0
CUST-19500,35105,65000,728,3549,52,0,1
CUST-19501,77757,220000,615,14636,29,0,0
CUST-19502,43817,100000,799,13272,48,0,0
CUST-19503,24043,65000,744,4289,36,0,0
CUST-19504,101115,210000,620,16014,34,1,0
CUST-19505,65864,110000,656,21317,65,0,0
CUST-19506,37778,130000,673,14961,44,0,0
CUST-19507,57733,180000,673,18634,34,0,0
CUST-19508,32798,75000,729,11355,42,0,0
CUST-19509,60753,100000,646,23014,45,0,0
CUST-19510,15000,55000,783,4959,46,1,1
CUST-19511,24103,45000,777,9475,40,0,0
CUST-19512,65488,250000,750,20402,44,0,0
CUST-19513,35424,95000,712,9973,49,0,0
CUST-19514,44523,105000,770,13030,41,0,0
CUST-19515,20467,70000,692,7471,46,1,0
CUST-19516,101106,375000,662,29224,47,0,0
CUST-19517,72784,175000,787,23030,41,0,0
CUST-19518,36303,90000,730,4559,48,0,0
CUST-19519,32782,85000,665,12110,36,0,0
CUST-19520,67157,255000,682,13869,44,0,1
CUST-19521,108145,350000,662,11503,57,0,0
CUST-19522,64658,135000,841,21332,44,0,0
CUST-19523,118883,235000,710,20773,49,1,0
CUST-19524,25306,55000,720,2896,54,0,0
CUST-19525,26643,60000,756,3721,45,1,0
CUST-19526,22148,45000,631,1378,38,2,0
CUST-19527,50055,155000,781,4090,53,0,0
CUST-19528,43818,80000,670,11279,50,4,0
CUST-19529,37198,90000,828,13137,48,4,0
CUST-19530,60151,185000,689,12450,44,0,1
CUST-19531,74322,165000,777,20001,34,0,0
CUST-19532,18716,30000,547,6240,35,0,0
CUST-19533,29777,50000,633,5207,63,0,0
CUST-19534,60480,110000,690,16874,43,0,0
CUST-19535,31765,115000,577,5484,42,0,0
CUST-19536,26927,85000,749,7403,35,0,0
CUST-19537,66787,110000,730,8426,49,0,0
CUST-19538,21062,50000,645,8261,48,0,0
CUST-19539,34517,75000,708,2646,47,0,0
CUST-19540,47302,140000,762,10729,45,3,1
CUST-19541,30124,85000,573,4524,44,0,0
CUST-19542,59371,160000,627,15453,47,1,0
CUST-19543,30198,70000,688,6036,41,0,0
CUST-19544,81170,150000,711,12770,26,1,0
CUST-19545,37689,125000,706,5182,44,0,0
CUST-19546,56141,210000,767,6393,38,0,0
CUST-19547,58279,225000,741,18882,49,0,0
CUST-19548,29326,50000,755,3746,40,2,0
CUST-19549,15000,50000,619,4811,33,0,0
CUST-19550,48068,160000,719,10563,44,0,1
CUST-19551,41612,160000,690,3132,41,3,0
CUST-19552,52992,115000,805,5718,52,1,0
CUST-19553,35837,120000,721,12991,56,0,0
CUST-19554,32363,55000,666,8446,41,0,0
CUST-19555,109560,335000,765,12546,39,0,0
CUST-19556,19222,45000,746,5695,44,0,0
CUST-19557,57929,200000,656,19588,54,0,0
CUST-19558,30112,110000,687,4990,56,4,0
CUST-19559,33931,80000,688,8306,39,1,0
CUST-19560,34250,95000,789,5230,52,0,1
CUST-19561,26857,50000,723,2095,52,0,0
CUST-19562,53402,135000,757,10137,52,0,0
CUST-19563,80444,195000,677,25179,43,0,0
CUST-19564,50767,100000,731,10688,48,0,0
CUST-19565,42264,160000,794,8108,52,0,0
CUST-19566,24508,45000,686,4364,56,0,0
CUST-19567,51969,160000,717,10945,41,0,0
CUST-19568,117968,440000,621,19037,44,0,0
CUST-19569,33178,125000,660,8767,33,0,0
CUST-19570,33256,115000,688,2402,37,3,1
CUST-19571,30316,60000,641,10082,43,0,0
CUST-19572,31422,110000,795,3475,42,0,0
CUST-19573,15000,35000,655,4075,31,0,0
CUST-19574,49144,185000,761,10195,51,0,0
CUST-19575,26297,85000,722,8434,45,0,0
CUST-19576,17941,60000,712,6084,49,0,0
CUST-19577,58489,100000,806,7104,53,0,0
CUST-19578,23364,70000,563,6705,46,0,0
CUST-19579,33882,120000,697,3946,51,0,0
CUST-19580,83551,305000,639,7803,53,0,1
CUST-19581,19838,30000,582,7451,50,0,0
CUST-19582,18651,70000,632,2005,40,0,0
CUST-19583,45919,75000,711,5962,55,0,0
CUST-19584,71306,215000,662,6817,36,0,0
CUST-19585,18266,60000,768,3919,45,0,0
CUST-19586,49209,85000,696,18298,47,0,0
CUST-19587,53664,85000,688,7642,48,0,0
CUST-19588,15000,50000,689,3594,43,0,0
CUST-19589,59829,145000,703,11607,39,0,0
CUST-19590,62211,110000,682,10426,39,0,1
CUST-19591,34341,115000,654,8593,48,2,0
CUST-19592,75069,270000,774,18437,44,1,0
CUST-19593,70843,210000,669,12452,44,0,0
CUST-19594,42258,80000,685,14692,61,0,0
CUST-19595,32025,50000,737,2197,37,0,0
CUST-19596,24675,80000,730,1969,51,0,0
CUST-19597,39388,115000,651,15628,35,0,0
CUST-19598,53363,165000,759,16632,39,4,0
CUST-19599,34129,120000,744,11309,52,1,0
CUST-19600,15000,40000,721,3914,50,0,1
CUST-19601,75686,135000,681,14906,45,0,0
CUST-19602,44139,170000,683,11927,54,0,0
CUST-19603,33196,95000,696,2735,40,0,0
CUST-19604,61609,185000,629,19420,34,0,0
CUST-19605,86018,330000,707,20580,41,0,0
CUST-19606,15000,55000,767,5772,44,0,0
CUST-19607,49867,145000,766,13619,41,1,0
CUST-19608,19666,45000,685,2027,46,0,0
CUST-19609,51511,205000,779,11185,55,0,0
CUST-19610,42785,135000,833,3005,50,0,1
CUST-19611,55152,140000,689,17146,41,0,0
CUST-19612,31268,90000,754,7055,40,0,0
CUST-19613,15730,40000,562,2821,41,0,0
CUST-19614,32042,120000,628,12464,49,0,0
CUST-19615,49188,135000,715,18652,37,0,0
CUST-19616,66682,235000,644,25571,59,0,0
CUST-19617,22338,80000,842,2844,39,1,0
CUST-19618,67072,240000,748,20456,43,0,0
CUST-19619,29029,95000,772,11056,40,0,0
CUST-19620,48109,175000,708,12017,45,0,1
CUST-19621,31102,75000,644,3886,46,0,0
CUST-19622,43962,80000,676,14781,44,0,0
CUST-19623,62688,225000,726,22440,39,0,0
CUST-19624,21730,60000,668,6434,48,2,0
CUST-19625,28568,50000,753,4363,42,0,0
CUST-19626,44023,80000,756,5139,44,2,0
CUST-19627,133357,255000,710,35805,57,0,0
CUST-19628,26066,90000,591,5707,44,0,0
CUST-19629,111309,365000,821,31619,53,1,0
CUST-19630,109339,220000,696,9741,51,0,1
CUST-19631,38228,140000,886,3729,40,0,0
CUST-19632,34576,75000,752,6120,45,0,0
CUST-19633,28394,100000,696,3991,38,0,0
CUST-19634,38789,105000,739,10347,50,2,0
CUST-19635,19863,65000,578,3548,47,0,0
CUST-19636,38633,95000,776,11179,50,2,0
CUST-19637,84833,200000,876,27068,40,0,0
CUST-19638,29568,105000,574,3415,37,0,0
CUST-19639,35583,55000,691,13234,47,0,0
CUST-19640,17144,65000,703,5580,44,0,1
CUST-19641,48389,150000,766,13034,55,0,0
CUST-19642,45809,120000,846,16863,49,0,0
CUST-19643,41433,125000,734,5927,59,2,0
CUST-19644,36011,65000,849,7115,40,0,0
CUST-19645,34669,95000,721,2774,44,0,0
CUST-19646,51583,205000,739,10815,43,0,0
CUST-19647,39560,85000,731,8989,43,1,0
CUST-19648,46980,155000,789,12478,41,0,0
CUST-19649,44689,115000,682,3236,45,0,0
CUST-19650,70383,220000,763,4318,41,0,1
CUST-19651,56302,115000,629,11089,37,0,0
CUST-19652,44197,120000,691,5135,37,0,0
CUST-19653,85751,340000,668,27060,49,0,0
CUST-19654,49520,100000,715,14066,38,0,0
CUST-19655,77070,240000,689,12642,54,1,0
CUST-19656,54364,160000,783,3589,37,0,0
CUST-19657,15979,45000,652,1819,38,1,0
CUST-19658,77065,235000,597,22509,44,1,0
CUST-19659,42941,120000,621,17028,47,0,0
CUST-19660,39105,60000,774,6423,41,0,1
CUST-19661,46197,175000,646,15277,42,0,0
CUST-19662,33776,120000,735,11939,49,1,0
CUST-19663,44959,85000,690,3006,55,0,0
CUST-19664,29853,75000,763,11065,38,1,0
CUST-19665,75897,260000,695,16179,47,0,0
CUST-19666,37918,150000,889,14692,46,0,0
CUST-19667,33147,130000,833,7905,40,0,0
CUST-19668,25274,95000,689,3343,44,0,0
CUST-19669,45907,85000,680,17955,28,0,0
CUST-19670,44070,165000,900,5956,44,0,1
CUST-19671,48737,180000,639,17490,44,0,0
CUST-19672,24013,60000,706,2655,44,0,0
CUST-19673,18023,45000,711,5157,49,0,0
CUST-19674,54874,145000,709,10642,42,0,0
CUST-19675,84315,265000,596,32900,33,0,0
CUST-19676,24024,50000,742,2754,38,0,0
CUST-19677,88851,140000,646,17155,57,0,0
CUST-19678,46256,85000,803,12670,50,0,0
CUST-19679,39993,105000,615,15683,47,0,0
CUST-19680,32899,75000,713,5143,43,1,1
CUST-19681,20085,70000,565,3794,42,0,0
CUST-19682,65766,115000,569,13917,51,0,0
CUST-19683,27233,105000,655,3770,47,0,0
CUST-19684,27176,100000,664,9133,47,0,0
CUST-19685,65904,250000,805,5417,58,3,0
CUST-19686,15654,50000,707,4644,38,0,0
CUST-19687,18735,35000,794,4437,45,1,0
CUST-19688,39772,105000,685,5356,52,0,0
CUST-19689,46473,85000,749,10339,45,0,0
CUST-19690,51142,205000,662,17412,48,0,1
CUST-19691,34513,80000,658,7106,49,0,0
CUST-19692,142227,420000,591,13179,42,0,0
CUST-19693,35812,125000,731,2302,41,0,0
CUST-19694,35760,135000,727,11522,37,0,0
CUST-19695,26943,90000,760,4463,55,0,0
CUST-19696,42699,135000,723,16052,34,0,0
CUST-19697,54583,145000,841,14519,59,0,0
CUST-19698,73261,220000,721,14849,44,2,0
CUST-19699,19060,35000,774,4718,43,0,0
CUST-19700,35489,130000,688,7452,43,1,1
CUST-19701,50178,145000,650,18417,38,0,0
CUST-19702,53826,85000,756,11320,54,0,0
CUST-19703,40266,155000,704,3479,32,0,0
CUST-19704,52638,145000,764,13632,46,1,0
CUST-19705,26782,100000,732,7178,44,0,0
CUST-19706,87461,320000,658,27800,59,0,0
CUST-19707,65927,235000,779,24831,43,3,0
CUST-19708,20486,35000,653,4201,48,0,0
CUST-19709,23445,50000,750,4061,51,1,0
CUST-19710,23778,90000,793,5273,42,0,1
CUST-19711,56330,210000,685,20564,40,0,0
CUST-19712,21112,55000,785,8296,42,0,0
CUST-19713,34012,90000,735,13262,29,0,0
CUST-19714,50380,100000,765,6569,35,1,0
CUST-19715,38828,150000,655,8694,62,0,0
CUST-19716,45681,95000,723,6432,33,1,0
CUST-19717,23555,45000,618,4211,45,0,0
CUST-19718,54037,170000,821,3301,50,0,0
CUST-19719,29536,60000,579,3137,37,2,0
CUST-19720,34121,130000,686,6448,55,0,1
CUST-19721,45200,70000,649,8029,45,1,0
CUST-19722,42257,65000,753,6236,38,0,0
CUST-19723,40618,110000,835,5305,56,2,0
CUST-19724,27575,75000,752,8607,39,0,0
CUST-19725,34552,65000,900,5289,48,0,0
CUST-19726,40178,110000,620,11944,44,0,0
CUST-19727,20180,50000,625,3612,38,0,0
CUST-19728,31848,120000,651,10531,48,0,0
CUST-19729,48719,75000,717,5287,59,0,0
CUST-19730,21189,85000,643,2228,49,0,1
CUST-19731,71559,220000,661,20600,48,1,0
CUST-19732,75720,140000,750,28033,41,1,0
CUST-19733,21534,35000,629,2154,43,1,0
CUST-19734,79127,225000,636,5997,46,0,0
CUST-19735,37354,80000,684,14087,39,0,0
CUST-19736,49476,110000,690,4505,50,0,0
CUST-19737,31309,65000,775,4309,50,0,0
CUST-19738,63673,200000,651,23897,52,0,0
CUST-19739,49170,140000,663,16276,46,0,0
CUST-19740,26713,45000,747,4540,33,0,1
CUST-19741,22413,65000,762,8608,43,0,0
CUST-19742,19338,65000,802,4811,43,1,0
CUST-19743,44089,75000,740,3319,55,3,0
CUST-19744,53435,200000,718,15820,36,1,0
CUST-19745,55574,165000,747,13229,50,0,0
CUST-19746,37835,145000,692,9474,28,0,0
CUST-19747,22505,40000,692,8955,56,0,0
CUST-19748,28537,115000,594,2950,38,0,0
CUST-19749,71408,220000,768,19985,44,0,0
CUST-19750,31498,90000,723,6632,45,0,1
CUST-19751,43118,120000,760,6259,45,0,0
CUST-19752,23439,35000,526,6861,49,0,0
CUST-19753,47490,185000,706,13481,48,1,0
CUST-19754,31925,100000,654,11166,41,0,0
CUST-19755,67734,115000,807,24221,42,0,0
CUST-19756,59087,90000,749,14573,39,1,0
CUST-19757,31324,50000,725,5135,47,0,0
CUST-19758,37671,115000,681,8865,48,2,0
CUST-19759,30468,90000,735,5354,41,0,0
CUST-19760,19737,55000,649,2902,33,1,1
CUST-19761,26141,60000,703,6353,40,2,0
CUST-19762,44316,125000,672,12420,45,0,0
CUST-19763,47222,130000,857,12121,47,0,0
CUST-19764,43229,65000,805,16601,39,0,0
CUST-19765,34514,75000,779,5333,46,2,0
CUST-19766,63993,105000,613,11539,46,0,0
CUST-19767,41430,155000,766,11752,42,0,0
CUST-19768,57046,190000,722,14839,35,1,0
CUST-19769,16532,65000,789,837,48,0,0
CUST-19770,15000,35000,730,2389,42,1,1
CUST-19771,46253,170000,709,6420,41,0,0
CUST-19772,19685,60000,725,6771,48,0,0
CUST-19773,36090,95000,592,12746,43,0,0
CUST-19774,34508,70000,660,5154,49,0,0
CUST-19775,88760,295000,734,7608,54,0,0
CUST-19776,49020,185000,784,5971,50,0,0
CUST-19777,43605,90000,674,4874,36,2,0
CUST-19778,60991,120000,707,8118,53,1,0
CUST-19779,48254,155000,605,6375,49,1,0
CUST-19780,31925,125000,804,6957,44,0,1
CUST-19781,68578,230000,782,11101,41,0,0
CUST-19782,23043,50000,752,5667,39,1,0
CUST-19783,47175,120000,736,8040,55,0,0
CUST-19784,18512,45000,810,6204,51,0,0
CUST-19785,44443,160000,657,17011,46,0,0
CUST-19786,44200,150000,650,8458,46,0,0
CUST-19787,92802,275000,778,6246,38,0,0
CUST-19788,18352,40000,774,2456,46,0,0
CUST-19789,29719,115000,632,2545,41,0,0
CUST-19790,60557,190000,675,10335,41,0,1
CUST-19791,47460,185000,819,13088,47,2,0
CUST-19792,43921,130000,736,10172,49,1,0
CUST-19793,24882,90000,761,3359,59,0,0
CUST-19794,29869,105000,634,9514,47,0,0
CUST-19795,74796,175000,752,7181,50,0,0
CUST-19796,39114,155000,617,5079,38,0,0
CUST-19797,48420,75000,581,13877,47,0,0
CUST-19798,37888,130000,757,4509,61,0,0
CUST-19799,22213,85000,803,6387,45,0,0
CUST-19800,64017,150000,693,25090,56,0,1
CUST-19801,51617,160000,674,17600,53,0,0
CUST-19802,127111,370000,821,13474,48,0,0
CUST-19803,24154,80000,697,5607,45,1,0
CUST-19804,60553,220000,705,11978,38,0,0
CUST-19805,20831,65000,820,8271,55,0,0
CUST-19806,43419,155000,687,16826,51,0,0
CUST-19807,65398,150000,667,6179,44,0,0
CUST-19808,15000,30000,763,5520,41,0,0
CUST-19809,36226,95000,663,4263,46,0,0
CUST-19810,30284,95000,700,4900,38,0,1
CUST-19811,28254,55000,624,4907,42,0,0
CUST-19812,48659,155000,722,7317,45,0,0
CUST-19813,70287,175000,714,24504,31,1,0
CUST-19814,37547,130000,772,6213,48,0,0
CUST-19815,44477,70000,765,14937,52,0,0
CUST-19816,42495,135000,745,16914,37,0,0
CUST-19817,40171,125000,735,13829,35,0,0
CUST-19818,23279,90000,705,3984,48,1,0
CUST-19819,69858,230000,749,20883,60,0,0
CUST-19820,46518,160000,637,11018,44,1,1
CUST-19821,48895,185000,557,15904,44,0,0
CUST-19822,26815,85000,785,2777,59,0,0
CUST-19823,31900,70000,753,8719,46,0,0
CUST-19824,36751,135000,701,11789,56,0,0
CUST-19825,18637,65000,779,5897,45,2,0
CUST-19826,17257,45000,662,6682,46,0,0
CUST-19827,29721,95000,664,2093,48,0,0
CUST-19828,52117,190000,655,8913,42,0,0
CUST-19829,28953,115000,746,6276,34,0,0
CUST-19830,24115,95000,607,3820,50,0,1
CUST-19831,26706,60000,660,4230,54,0,0
CUST-19832,31962,80000,728,3568,45,0,0
CUST-19833,33626,60000,631,11249,49,0,0
CUST-19834,118510,250000,667,43590,46,0,0
CUST-19835,68003,250000,566,5359,43,0,0
CUST-19836,66995,160000,749,6981,51,0,0
CUST-19837,71990,220000,665,9355,46,0,0
CUST-19838,24357,75000,638,5556,39,0,0
CUST-19839,21781,75000,625,7120,38,0,0
CUST-19840,23076,45000,682,1730,39,0,1
CUST-19841,78217,175000,607,21344,28,2,0
CUST-19842,30528,80000,836,3122,45,1,0
CUST-19843,21468,50000,554,8372,34,0,0
CUST-19844,32354,130000,680,11795,48,0,0
CUST-19845,35621,130000,716,13619,46,4,0
CUST-19846,45899,125000,659,4000,55,0,0
CUST-19847,45500,170000,723,10046,44,1,0
CUST-19848,26526,65000,658,2860,44,0,0
CUST-19849,56547,195000,809,14709,45,0,0
CUST-19850,29155,60000,637,3832,50,2,1
CUST-19851,37118,125000,557,11867,50,0,0
CUST-19852,56578,150000,625,15581,57,0,0
CUST-19853,29117,50000,735,7281,49,0,0
CUST-19854,30191,65000,702,10229,49,2,0
CUST-19855,53951,135000,758,12144,48,0,0
CUST-19856,26137,90000,742,3775,48,0,0
CUST-19857,33110,55000,668,8848,43,0,0
CUST-19858,52990,165000,678,20399,37,0,0
CUST-19859,112088,370000,684,29188,51,1,0
CUST-19860,54322,170000,832,14686,47,1,1
CUST-19861,50833,175000,754,19172,43,0,0
CUST-19862,52333,100000,832,12054,48,0,0
CUST-19863,23468,70000,764,9357,48,0,0
CUST-19864,42522,165000,705,4502,49,0,0
CUST-19865,39541,120000,643,9409,34,1,0
CUST-19866,47135,145000,723,5869,46,0,0
CUST-19867,42542,140000,706,8876,48,1,0
CUST-19868,48525,115000,703,5323,46,0,0
CUST-19869,34346,110000,696,4392,35,1,0
CUST-19870,41328,155000,576,5115,44,0,1
CUST-19871,21722,35000,791,3519,37,1,0
CUST-19872,34202,125000,706,3321,46,0,0
CUST-19873,80452,165000,618,26812,47,1,0
CUST-19874,47070,125000,741,5989,39,0,0
CUST-19875,39717,145000,654,7776,48,0,0
CUST-19876,103576,370000,746,5760,42,1,0
CUST-19877,20324,75000,767,1762,40,1,0
CUST-19878,23046,90000,776,8381,58,0,0
CUST-19879,94500,245000,699,32414,38,0,0
CUST-19880,41067,130000,683,14140,54,0,1
CUST-19881,35550,90000,669,6895,41,0,0
CUST-19882,22035,50000,663,2193,56,0,0
CUST-19883,50203,130000,708,4405,47,1,0
CUST-19884,52692,175000,696,13803,37,0,0
CUST-19885,23219,65000,656,7891,50,0,0
CUST-19886,37416,130000,635,13658,38,2,0
CUST-19887,33936,115000,702,5126,37,1,0
CUST-19888,45614,70000,681,7405,56,0,0
CUST-19889,22933,70000,635,1956,50,0,0
CUST-19890,75054,195000,763,24095,48,0,1
CUST-19891,63443,170000,825,9293,46,0,0
CUST-19892,33470,120000,772,7307,45,0,0
CUST-19893,36018,105000,663,13510,48,0,0
CUST-19894,37488,140000,706,11744,49,0,0
CUST-19895,27196,90000,810,1861,48,0,0
CUST-19896,32153,95000,633,1699,46,0,0
CUST-19897,35061,120000,760,11415,42,1,0
CUST-19898,89898,145000,615,21878,52,1,0
CUST-19899,64428,100000,819,19464,46,2,0
CUST-19900,64044,110000,682,6717,46,0,1
CUST-19901,48289,125000,854,17153,49,0,0
CUST-19902,22956,50000,822,7361,49,0,0
CUST-19903,39310,155000,703,14222,49,0,0
CUST-19904,65201,185000,663,11043,53,0,0
CUST-19905,21394,70000,722,3134,37,0,0
CUST-19906,55175,120000,698,5688,50,0,0
CUST-19907,128194,295000,683,48140,39,1,0
CUST-19908,68248,160000,602,7636,55,1,0
CUST-19909,81390,265000,676,7468,45,0,0
CUST-19910,44764,120000,637,5256,41,0,1
CUST-19911,65118,180000,745,20836,43,0,0
CUST-19912,28031,85000,774,10128,41,2,0
CUST-19913,59750,205000,758,19945,30,0,0
CUST-19914,55669,95000,732,13757,49,0,0
CUST-19915,46395,160000,654,18458,33,0,0
CUST-19916,77497,225000,723,5742,35,1,0
CUST-19917,30656,95000,761,10837,52,0,0
CUST-19918,36551,85000,671,7299,32,2,0
CUST-19919,42096,105000,717,8810,41,0,0
CUST-19920,23985,50000,700,2270,39,0,1
CUST-19921,44957,180000,818,2773,47,0,0
CUST-19922,16992,45000,765,2732,41,0,0
CUST-19923,67743,270000,749,7532,54,0,0
CUST-19924,41081,110000,598,9003,43,0,0
CUST-19925,30932,65000,721,3141,46,0,0
CUST-19926,26444,75000,699,2598,49,0,0
CUST-19927,35693,55000,699,12740,41,0,0
CUST-19928,56620,215000,608,21088,41,0,0
CUST-19929,52779,185000,639,20450,33,0,0
CUST-19930,28204,95000,705,8127,45,0,1
CUST-19931,26290,80000,782,8409,53,0,0
CUST-19932,55739,165000,671,19091,49,0,0
CUST-19933,27968,110000,684,7848,28,0,0
CUST-19934,41355,90000,825,6847,53,0,0
CUST-19935,42696,145000,690,4471,42,0,0
CUST-19936,46912,140000,701,6241,43,1,0
CUST-19937,61644,245000,702,21214,44,0,0
CUST-19938,21343,75000,622,6267,50,0,0
CUST-19939,15435,60000,747,3234,35,1,0
CUST-19940,30220,90000,667,1822,48,2,1
CUST-19941,98791,200000,708,14144,48,0,0
CUST-19942,110314,305000,738,33658,44,1,0
CUST-19943,100266,330000,836,22994,56,0,0
CUST-19944,36443,125000,624,7377,51,0,0
CUST-19945,16464,25000,766,2630,49,0,0
CUST-19946,15000,40000,766,3936,42,0,0
CUST-19947,29524,60000,668,11462,43,0,0
CUST-19948,36350,135000,748,13282,48,1,0
CUST-19949,76903,145000,816,4666,44,0,0
CUST-19950,61938,195000,660,13523,62,1,1
CUST-19951,44967,95000,725,7433,47,0,0
CUST-19952,25721,60000,736,5882,43,2,0
CUST-19953,24825,95000,744,6508,47,1,0
CUST-19954,45572,95000,760,5469,48,0,0
CUST-19955,56870,100000,720,18400,43,1,0
CUST-19956,48822,80000,743,10558,45,0,0
CUST-19957,23925,65000,650,9503,45,0,0
CUST-19958,55566,170000,720,3266,44,0,0
CUST-19959,49660,115000,679,5780,52,0,0
CUST-19960,23497,75000,630,6846,32,1,1
CUST-19961,27114,45000,676,7952,50,0,0
CUST-19962,56627,205000,727,14370,39,0,0
CUST-19963,35694,125000,738,13927,42,0,0
CUST-19964,88838,350000,627,17355,38,0,0
CUST-19965,51563,200000,649,10104,62,1,0
CUST-19966,31466,75000,757,11600,44,0,0
CUST-19967,39930,100000,743,9521,52,0,0
CUST-19968,41427,140000,767,7200,42,0,0
CUST-19969,27883,50000,798,8410,45,0,0
CUST-19970,25430,60000,744,6786,44,0,1
CUST-19971,56993,100000,683,8961,46,0,0
CUST-19972,61244,160000,717,9448,52,0,0
CUST-19973,54278,155000,817,10229,53,0,0
CUST-19974,85618,175000,889,6427,51,0,0
CUST-19975,30610,50000,740,11629,46,0,0
CUST-19976,92701,305000,744,10573,66,0,0
CUST-19977,25579,40000,757,3014,41,1,0
CUST-19978,24189,95000,711,6687,53,0,0
CUST-19979,16647,35000,785,5052,44,0,0
CUST-19980,32115,100000,775,9887,33,0,1
CUST-19981,31198,80000,733,5655,50,1,0
CUST-19982,52206,85000,689,18567,31,0,0
CUST-19983,45340,120000,611,10899,32,2,0
CUST-19984,22103,60000,757,4498,37,1,0
CUST-19985,32979,120000,723,11002,38,0,0
CUST-19986,33331,110000,662,4507,35,0,0
CUST-19987,16514,30000,636,5797,43,0,0
CUST-19988,24576,50000,752,5863,52,0,0
CUST-19989,27298,60000,605,9964,44,0,0
CUST-19990,82191,145000,729,9909,43,0,1
CUST-19991,44166,115000,764,16678,46,2,0
CUST-19992,55886,220000,745,16249,49,0,0
CUST-19993,18971,55000,684,5054,47,0,0
CUST-19994,72919,245000,628,14417,34,3,0
CUST-19995,76922,245000,748,29592,44,0,0
CUST-19996,15000,55000,788,3080,45,0,0
CUST-19997,28207,60000,672,6332,43,1,0
CUST-19998,51425,175000,742,16637,66,0,0
CUST-19999,55392,205000,812,8291,46,0,0
